hazard_event_id,timestamp,disaster_type,severity,threat_type,attack_vector,impersonation,target,outcome,success,confidence_score
HAZ-EAR-EXT-0001,2026-04-14 20:30:23,earthquake,extreme,Phishing,Email,Government Relief Agency,Healthcare Organisation,Malware Download,False,0.8
HAZ-CYC-MOD-0002,2026-04-11 22:14:23,cyclone,moderate,Misinformation,Social Media Post,Unofficial News Page,Relief Organisation,Trust Erosion,False,0.87
HAZ-BUS-SEV-0003,2026-04-12 07:18:23,bushfire,severe,API Abuse,Scripted Requests,N/A,Healthcare Organisation,Unauthorised Data Access,False,0.8
HAZ-CYC-SEV-0004,2026-04-16 19:17:23,cyclone,severe,Fraud,Social Media,Fake Charity,Government Agency,Fake Payment,False,0.76
HAZ-BUS-SEV-0005,2026-04-12 00:10:23,bushfire,severe,Emergency Alert Compromise,Stolen Credentials,Emergency Alert System,Healthcare Organisation,Mass Panic Triggered,True,0.75
HAZ-STO-SEV-0006,2026-04-12 05:57:23,storm,severe,Misinformation,Social Media Post,Unofficial News Page,Citizens,Trust Erosion,True,0.73
HAZ-BUS-EXT-0007,2026-04-15 15:21:23,bushfire,extreme,Fraud,Fake Portal,Repair Contractor,Healthcare Organisation,False Claim Submission,True,0.83
HAZ-STO-MOD-0008,2026-04-14 21:08:23,storm,moderate,Data Breach,Unsecured API,N/A,Emergency Services,Sensitive Record Exposure,True,0.75
HAZ-STO-EXT-0009,2026-04-14 18:33:23,storm,extreme,Fraud,Social Media,Repair Contractor,Government Agency,Identity Theft,False,0.94
HAZ-STO-MOD-0010,2026-04-10 19:28:23,storm,moderate,DDoS,Botnet Traffic,N/A,Emergency Services,Delayed Response,True,0.79
HAZ-CYC-EXT-0011,2026-04-10 04:22:23,cyclone,extreme,Fraud,Social Media,Relief Support Officer,Relief Organisation,Fake Payment,False,0.89
HAZ-STO-MOD-0012,2026-04-14 05:10:23,storm,moderate,Fraud,Social Media,Repair Contractor,Healthcare Organisation,False Claim Submission,False,0.77
HAZ-STO-SEV-0013,2026-04-10 15:13:23,storm,severe,Data Breach,Unsecured API,N/A,Citizens,Personal Data Leak,False,0.93
HAZ-EAR-EXT-0014,2026-04-13 19:21:23,earthquake,extreme,DDoS,Botnet Traffic,N/A,Emergency Services,Service Unavailable,True,0.95
HAZ-STO-MOD-0015,2026-04-12 14:10:23,storm,moderate,DDoS,Botnet Traffic,N/A,Relief Organisation,Delayed Response,False,0.87
HAZ-HEA-SEV-0016,2026-04-15 20:02:23,heatwave,severe,Misinformation,Social Media Post,Fake Government Account,Emergency Services,Trust Erosion,True,0.72
HAZ-CYC-EXT-0017,2026-04-13 06:13:23,cyclone,extreme,Fraud,Social Media,Relief Support Officer,Government Agency,Identity Theft,False,0.86
HAZ-FLO-MOD-0018,2026-04-14 16:13:23,flood,moderate,Misinformation,Social Media Post,Anonymous Social Media Account,Government Agency,Trust Erosion,True,0.74
HAZ-EAR-MOD-0019,2026-04-10 10:50:23,earthquake,moderate,Fraud,Social Media,Repair Contractor,Citizens,Fake Payment,False,0.76
HAZ-STO-EXT-0020,2026-04-10 01:07:23,storm,extreme,Misinformation,Deepfake Video,Unofficial News Page,Emergency Services,Public Confusion,False,0.92
HAZ-FLO-MOD-0021,2026-04-13 03:57:23,flood,moderate,Misinformation,Social Media Post,Fake Government Account,Emergency Services,Public Confusion,True,0.84
HAZ-FLO-SEV-0022,2026-04-12 14:15:23,flood,severe,Phishing,Email,Charity Organisation,Relief Organisation,Credential Theft,True,0.92
HAZ-CYC-MOD-0023,2026-04-16 12:42:23,cyclone,moderate,Phishing,SMS,Insurance Provider,Emergency Services,Credential Theft,False,0.81
HAZ-HEA-EXT-0024,2026-04-10 14:03:23,heatwave,extreme,API Abuse,Scripted Requests,N/A,Government Agency,Record Manipulation,True,0.93
HAZ-CYC-EXT-0025,2026-04-13 02:49:23,cyclone,extreme,Fraud,Phone Call,Fake Charity,Citizens,False Claim Submission,True,0.85
HAZ-STO-SEV-0026,2026-04-16 14:52:23,storm,severe,Fraud,Phone Call,Relief Support Officer,Government Agency,Fake Payment,False,0.84
HAZ-EAR-MOD-0027,2026-04-13 14:57:23,earthquake,moderate,API Abuse,Scripted Requests,N/A,Citizens,Unauthorised Data Access,False,0.88
HAZ-BUS-MOD-0028,2026-04-14 13:04:23,bushfire,moderate,Data Breach,Stolen Credentials,N/A,Critical Infrastructure,Sensitive Record Exposure,True,0.88
HAZ-STO-MOD-0029,2026-04-10 14:26:23,storm,moderate,Phishing,Email,Charity Organisation,Government Agency,Malware Download,True,0.79
HAZ-BUS-MOD-0030,2026-04-14 06:05:23,bushfire,moderate,DDoS,Botnet Traffic,N/A,Emergency Services,Service Unavailable,True,0.94
HAZ-FLO-EXT-0031,2026-04-15 23:14:23,flood,extreme,DDoS,Botnet Traffic,N/A,Government Agency,Delayed Response,True,0.98
HAZ-FLO-MOD-0032,2026-04-15 16:53:23,flood,moderate,Data Breach,Unsecured API,N/A,Relief Organisation,Personal Data Leak,True,0.96
HAZ-FLO-MOD-0033,2026-04-12 16:20:23,flood,moderate,Phishing,Email,Insurance Provider,Critical Infrastructure,Credential Theft,True,0.83
HAZ-STO-SEV-0034,2026-04-12 07:54:23,storm,severe,Fraud,Social Media,Repair Contractor,Citizens,Fake Payment,False,0.82
HAZ-BUS-EXT-0035,2026-04-13 22:58:23,bushfire,extreme,Phishing,Fake Website,Insurance Provider,Relief Organisation,Malware Download,False,0.93
HAZ-BUS-SEV-0036,2026-04-16 05:52:23,bushfire,severe,DDoS,Botnet Traffic,N/A,Emergency Services,Delayed Response,False,0.84
HAZ-BUS-EXT-0037,2026-04-13 03:32:23,bushfire,extreme,Phishing,Fake Website,Emergency Services,Citizens,Financial Loss,True,0.73
HAZ-HEA-SEV-0038,2026-04-13 03:52:23,heatwave,severe,Fraud,Phone Call,Relief Support Officer,Healthcare Organisation,Fake Payment,True,0.9
HAZ-FLO-SEV-0039,2026-04-11 18:04:23,flood,severe,Phishing,SMS,Government Relief Agency,Government Agency,Financial Loss,True,0.89
HAZ-HEA-MOD-0040,2026-04-10 11:55:23,heatwave,moderate,DDoS,Botnet Traffic,N/A,Government Agency,Service Unavailable,True,0.76
HAZ-FLO-MOD-0041,2026-04-12 01:19:23,flood,moderate,Emergency Alert Compromise,System Exploit,Official Warning Service,Relief Organisation,False Warning Sent,True,0.7
HAZ-EAR-EXT-0042,2026-04-13 16:53:23,earthquake,extreme,Phishing,Email,Insurance Provider,Healthcare Organisation,Malware Download,False,0.84
HAZ-STO-SEV-0043,2026-04-15 22:56:23,storm,severe,DDoS,Botnet Traffic,N/A,Relief Organisation,Service Unavailable,False,0.88
HAZ-HEA-EXT-0044,2026-04-15 17:44:23,heatwave,extreme,Misinformation,Deepfake Video,Fake Government Account,Healthcare Organisation,False Evacuation,False,0.79
HAZ-EAR-SEV-0045,2026-04-15 02:08:23,earthquake,severe,Misinformation,Social Media Post,Unofficial News Page,Citizens,Public Confusion,True,0.79
HAZ-FLO-MOD-0046,2026-04-10 18:46:23,flood,moderate,Data Breach,Stolen Credentials,N/A,Citizens,Personal Data Leak,False,0.96
HAZ-HEA-EXT-0047,2026-04-15 06:38:23,heatwave,extreme,Misinformation,Social Media Post,Anonymous Social Media Account,Government Agency,Public Confusion,False,0.91
HAZ-BUS-SEV-0048,2026-04-15 18:17:23,bushfire,severe,Phishing,SMS,Government Relief Agency,Healthcare Organisation,Malware Download,True,0.83
HAZ-FLO-MOD-0049,2026-04-12 15:29:23,flood,moderate,Phishing,Fake Website,Emergency Services,Healthcare Organisation,Financial Loss,True,0.78
HAZ-BUS-EXT-0050,2026-04-12 06:31:23,bushfire,extreme,Ransomware,Credential Theft,N/A,Relief Organisation,System Encryption,False,0.84
HAZ-EAR-MOD-0051,2026-04-12 03:02:23,earthquake,moderate,DDoS,Botnet Traffic,N/A,Government Agency,Delayed Response,False,0.94
HAZ-HEA-EXT-0052,2026-04-16 12:07:23,heatwave,extreme,Phishing,Fake Website,Emergency Services,Healthcare Organisation,Financial Loss,False,0.74
HAZ-CYC-MOD-0053,2026-04-11 01:23:23,cyclone,moderate,DDoS,Botnet Traffic,N/A,Emergency Services,Service Unavailable,False,0.79
HAZ-FLO-SEV-0054,2026-04-15 07:29:23,flood,severe,Emergency Alert Compromise,Stolen Credentials,Emergency Alert System,Critical Infrastructure,False Warning Sent,True,0.87
HAZ-HEA-EXT-0055,2026-04-15 18:57:23,heatwave,extreme,Emergency Alert Compromise,System Exploit,Official Warning Service,Relief Organisation,False Warning Sent,True,0.8
HAZ-BUS-SEV-0056,2026-04-11 13:23:23,bushfire,severe,Data Breach,Unsecured API,N/A,Emergency Services,Personal Data Leak,True,0.83
HAZ-CYC-MOD-0057,2026-04-12 02:14:23,cyclone,moderate,Ransomware,Credential Theft,N/A,Citizens,Data Exposure,True,0.92
HAZ-STO-SEV-0058,2026-04-12 01:48:23,storm,severe,Fraud,Social Media,Relief Support Officer,Government Agency,Fake Payment,True,0.77
HAZ-CYC-MOD-0059,2026-04-14 18:51:23,cyclone,moderate,Fraud,Phone Call,Relief Support Officer,Government Agency,False Claim Submission,False,0.97
HAZ-EAR-MOD-0060,2026-04-12 20:22:23,earthquake,moderate,Emergency Alert Compromise,System Exploit,Emergency Alert System,Government Agency,False Warning Sent,False,0.8
HAZ-FLO-EXT-0061,2026-04-14 23:05:23,flood,extreme,Ransomware,Malicious Attachment,N/A,Relief Organisation,System Encryption,True,0.89
HAZ-STO-SEV-0062,2026-04-13 11:50:23,storm,severe,Misinformation,Social Media Post,Fake Government Account,Critical Infrastructure,False Evacuation,False,0.93
HAZ-STO-MOD-0063,2026-04-13 09:09:23,storm,moderate,Phishing,Fake Website,Government Relief Agency,Emergency Services,Credential Theft,False,0.72
HAZ-BUS-SEV-0064,2026-04-12 10:55:23,bushfire,severe,Phishing,Fake Website,Emergency Services,Emergency Services,Credential Theft,True,0.77
HAZ-CYC-MOD-0065,2026-04-16 17:40:23,cyclone,moderate,Emergency Alert Compromise,Stolen Credentials,Official Warning Service,Critical Infrastructure,False Warning Sent,True,0.77
HAZ-HEA-EXT-0066,2026-04-14 08:11:23,heatwave,extreme,Fraud,Phone Call,Fake Charity,Citizens,False Claim Submission,True,0.71
HAZ-FLO-SEV-0067,2026-04-16 08:35:23,flood,severe,Phishing,Email,Charity Organisation,Citizens,Credential Theft,False,0.77
HAZ-BUS-SEV-0068,2026-04-13 03:01:23,bushfire,severe,API Abuse,Scripted Requests,N/A,Citizens,Record Manipulation,False,0.76
HAZ-FLO-MOD-0069,2026-04-15 05:38:23,flood,moderate,Misinformation,Deepfake Video,Anonymous Social Media Account,Government Agency,Public Confusion,False,0.79
HAZ-CYC-EXT-0070,2026-04-10 02:39:23,cyclone,extreme,Ransomware,Malicious Attachment,N/A,Emergency Services,Data Exposure,False,0.83
HAZ-HEA-EXT-0071,2026-04-13 10:30:23,heatwave,extreme,Data Breach,Stolen Credentials,N/A,Relief Organisation,Personal Data Leak,False,0.98
HAZ-EAR-MOD-0072,2026-04-12 19:30:23,earthquake,moderate,Ransomware,Credential Theft,N/A,Emergency Services,Service Disruption,False,0.74
HAZ-CYC-EXT-0073,2026-04-15 13:53:23,cyclone,extreme,Data Breach,Stolen Credentials,N/A,Healthcare Organisation,Personal Data Leak,True,0.8
HAZ-STO-SEV-0074,2026-04-13 13:07:23,storm,severe,Misinformation,Social Media Post,Unofficial News Page,Emergency Services,Trust Erosion,False,0.71
HAZ-EAR-EXT-0075,2026-04-13 09:21:23,earthquake,extreme,Ransomware,Credential Theft,N/A,Government Agency,Service Disruption,True,0.9
HAZ-STO-EXT-0076,2026-04-13 07:20:23,storm,extreme,Emergency Alert Compromise,System Exploit,Emergency Alert System,Healthcare Organisation,Mass Panic Triggered,False,0.89
HAZ-EAR-SEV-0077,2026-04-11 18:27:23,earthquake,severe,Misinformation,Social Media Post,Anonymous Social Media Account,Government Agency,Trust Erosion,False,0.75
HAZ-STO-MOD-0078,2026-04-15 09:29:23,storm,moderate,Fraud,Fake Portal,Fake Charity,Healthcare Organisation,Identity Theft,False,0.91
HAZ-CYC-SEV-0079,2026-04-16 07:16:23,cyclone,severe,Fraud,Social Media,Fake Charity,Emergency Services,Identity Theft,False,0.7
HAZ-HEA-SEV-0080,2026-04-16 16:59:23,heatwave,severe,Phishing,Email,Government Relief Agency,Government Agency,Malware Download,False,0.86
HAZ-EAR-SEV-0081,2026-04-12 00:26:23,earthquake,severe,Data Breach,Unsecured API,N/A,Healthcare Organisation,Personal Data Leak,True,0.98
HAZ-CYC-EXT-0082,2026-04-10 20:14:23,cyclone,extreme,Data Breach,Unsecured API,N/A,Healthcare Organisation,Sensitive Record Exposure,True,0.89
HAZ-EAR-EXT-0083,2026-04-14 14:03:23,earthquake,extreme,Data Breach,Unsecured API,N/A,Citizens,Sensitive Record Exposure,True,0.82
HAZ-CYC-SEV-0084,2026-04-12 19:42:23,cyclone,severe,Misinformation,Deepfake Video,Anonymous Social Media Account,Emergency Services,Public Confusion,True,0.7
HAZ-BUS-MOD-0085,2026-04-14 06:11:23,bushfire,moderate,Misinformation,Social Media Post,Anonymous Social Media Account,Emergency Services,False Evacuation,False,0.96
HAZ-HEA-MOD-0086,2026-04-13 03:12:23,heatwave,moderate,Misinformation,Deepfake Video,Unofficial News Page,Government Agency,Public Confusion,True,0.81
HAZ-HEA-SEV-0087,2026-04-11 20:08:23,heatwave,severe,Fraud,Social Media,Repair Contractor,Government Agency,False Claim Submission,True,0.96
HAZ-CYC-SEV-0088,2026-04-15 08:13:23,cyclone,severe,Data Breach,Unsecured API,N/A,Citizens,Sensitive Record Exposure,True,0.81
HAZ-EAR-SEV-0089,2026-04-14 06:14:23,earthquake,severe,Emergency Alert Compromise,Stolen Credentials,Official Warning Service,Citizens,False Warning Sent,False,0.82
HAZ-FLO-MOD-0090,2026-04-15 08:02:23,flood,moderate,Misinformation,Social Media Post,Anonymous Social Media Account,Government Agency,Public Confusion,False,0.7
HAZ-FLO-SEV-0091,2026-04-14 06:39:23,flood,severe,Data Breach,Stolen Credentials,N/A,Citizens,Personal Data Leak,False,0.8
HAZ-BUS-SEV-0092,2026-04-10 11:35:23,bushfire,severe,DDoS,Botnet Traffic,N/A,Relief Organisation,Delayed Response,True,0.8
HAZ-STO-MOD-0093,2026-04-13 13:21:23,storm,moderate,Phishing,Email,Insurance Provider,Citizens,Malware Download,True,0.76
HAZ-BUS-MOD-0094,2026-04-14 23:08:23,bushfire,moderate,Phishing,Fake Website,Emergency Services,Healthcare Organisation,Malware Download,True,0.93
HAZ-BUS-SEV-0095,2026-04-11 05:20:23,bushfire,severe,Ransomware,Credential Theft,N/A,Citizens,System Encryption,True,0.7
HAZ-BUS-SEV-0096,2026-04-15 02:56:23,bushfire,severe,Fraud,Phone Call,Fake Charity,Government Agency,False Claim Submission,True,0.88
HAZ-EAR-EXT-0097,2026-04-11 18:48:23,earthquake,extreme,Phishing,Email,Charity Organisation,Government Agency,Malware Download,True,0.96
HAZ-FLO-MOD-0098,2026-04-11 09:55:23,flood,moderate,Fraud,Fake Portal,Fake Charity,Healthcare Organisation,Fake Payment,True,0.9
HAZ-HEA-SEV-0099,2026-04-13 17:08:23,heatwave,severe,Misinformation,Social Media Post,Fake Government Account,Critical Infrastructure,False Evacuation,False,0.9
HAZ-FLO-EXT-0100,2026-04-12 08:11:23,flood,extreme,Phishing,SMS,Emergency Services,Relief Organisation,Credential Theft,False,0.84
HAZ-STO-SEV-0101,2026-04-13 06:44:23,storm,severe,Phishing,Email,Emergency Services,Critical Infrastructure,Financial Loss,False,0.75
HAZ-FLO-EXT-0102,2026-04-10 23:01:23,flood,extreme,Ransomware,Credential Theft,N/A,Healthcare Organisation,Data Exposure,True,0.86
HAZ-BUS-MOD-0103,2026-04-13 13:24:23,bushfire,moderate,Fraud,Phone Call,Relief Support Officer,Emergency Services,Fake Payment,True,0.98
HAZ-HEA-EXT-0104,2026-04-16 02:53:23,heatwave,extreme,Emergency Alert Compromise,Stolen Credentials,Official Warning Service,Critical Infrastructure,Mass Panic Triggered,False,0.94
HAZ-CYC-EXT-0105,2026-04-12 22:49:23,cyclone,extreme,DDoS,Botnet Traffic,N/A,Relief Organisation,Service Unavailable,False,0.95
HAZ-FLO-EXT-0106,2026-04-10 10:07:23,flood,extreme,Emergency Alert Compromise,Stolen Credentials,Official Warning Service,Relief Organisation,False Warning Sent,True,0.92
HAZ-CYC-MOD-0107,2026-04-12 15:11:23,cyclone,moderate,Phishing,Fake Website,Government Relief Agency,Government Agency,Credential Theft,False,0.86
HAZ-HEA-SEV-0108,2026-04-11 04:25:23,heatwave,severe,Phishing,Fake Website,Insurance Provider,Relief Organisation,Credential Theft,True,0.72
HAZ-FLO-MOD-0109,2026-04-15 14:29:23,flood,moderate,Phishing,Email,Insurance Provider,Relief Organisation,Malware Download,False,0.98
HAZ-HEA-MOD-0110,2026-04-14 17:52:23,heatwave,moderate,Phishing,Fake Website,Emergency Services,Relief Organisation,Credential Theft,False,0.85
HAZ-STO-SEV-0111,2026-04-13 19:59:23,storm,severe,API Abuse,Token Misuse,N/A,Relief Organisation,Record Manipulation,False,0.89
HAZ-BUS-EXT-0112,2026-04-12 00:59:23,bushfire,extreme,Misinformation,Deepfake Video,Fake Government Account,Relief Organisation,Trust Erosion,True,0.72
HAZ-HEA-SEV-0113,2026-04-15 15:51:23,heatwave,severe,Fraud,Phone Call,Relief Support Officer,Relief Organisation,Identity Theft,False,0.87
HAZ-BUS-EXT-0114,2026-04-10 09:44:23,bushfire,extreme,Ransomware,Malicious Attachment,N/A,Citizens,System Encryption,True,0.93
HAZ-CYC-MOD-0115,2026-04-10 12:07:23,cyclone,moderate,API Abuse,Scripted Requests,N/A,Critical Infrastructure,Unauthorised Data Access,False,0.88
HAZ-FLO-SEV-0116,2026-04-12 16:30:23,flood,severe,DDoS,Botnet Traffic,N/A,Government Agency,Service Unavailable,False,0.86
HAZ-HEA-MOD-0117,2026-04-12 11:22:23,heatwave,moderate,DDoS,Botnet Traffic,N/A,Critical Infrastructure,Service Unavailable,False,0.92
HAZ-STO-EXT-0118,2026-04-13 00:04:23,storm,extreme,Misinformation,Deepfake Video,Anonymous Social Media Account,Government Agency,Public Confusion,False,0.83
HAZ-CYC-EXT-0119,2026-04-13 17:12:23,cyclone,extreme,Emergency Alert Compromise,Stolen Credentials,Emergency Alert System,Emergency Services,Mass Panic Triggered,False,0.81
HAZ-HEA-EXT-0120,2026-04-10 19:32:23,heatwave,extreme,Emergency Alert Compromise,System Exploit,Emergency Alert System,Citizens,Mass Panic Triggered,False,0.71
HAZ-EAR-MOD-0121,2026-04-12 20:50:23,earthquake,moderate,Fraud,Fake Portal,Fake Charity,Government Agency,Identity Theft,False,0.78
HAZ-STO-SEV-0122,2026-04-15 00:50:23,storm,severe,Phishing,Fake Website,Charity Organisation,Critical Infrastructure,Credential Theft,False,0.93
HAZ-BUS-EXT-0123,2026-04-12 04:46:23,bushfire,extreme,API Abuse,Scripted Requests,N/A,Critical Infrastructure,Unauthorised Data Access,False,0.92
HAZ-HEA-SEV-0124,2026-04-15 12:52:23,heatwave,severe,Data Breach,Unsecured API,N/A,Critical Infrastructure,Sensitive Record Exposure,False,0.9
HAZ-STO-EXT-0125,2026-04-15 02:58:23,storm,extreme,Fraud,Social Media,Relief Support Officer,Government Agency,Identity Theft,False,0.72
HAZ-STO-EXT-0126,2026-04-13 10:37:23,storm,extreme,Phishing,Email,Emergency Services,Government Agency,Financial Loss,True,0.96
HAZ-EAR-SEV-0127,2026-04-10 10:47:23,earthquake,severe,Fraud,Social Media,Repair Contractor,Citizens,Fake Payment,False,0.9
HAZ-CYC-SEV-0128,2026-04-14 00:14:23,cyclone,severe,Data Breach,Stolen Credentials,N/A,Critical Infrastructure,Sensitive Record Exposure,False,0.94
HAZ-EAR-MOD-0129,2026-04-15 21:16:23,earthquake,moderate,Phishing,SMS,Charity Organisation,Critical Infrastructure,Financial Loss,False,0.84
HAZ-STO-MOD-0130,2026-04-11 06:23:23,storm,moderate,Phishing,Fake Website,Government Relief Agency,Relief Organisation,Credential Theft,False,0.81
HAZ-CYC-MOD-0131,2026-04-14 05:04:23,cyclone,moderate,Emergency Alert Compromise,System Exploit,Emergency Alert System,Emergency Services,Mass Panic Triggered,True,0.9
HAZ-FLO-EXT-0132,2026-04-15 09:55:23,flood,extreme,Misinformation,Social Media Post,Anonymous Social Media Account,Critical Infrastructure,Trust Erosion,False,0.72
HAZ-CYC-EXT-0133,2026-04-12 12:13:23,cyclone,extreme,DDoS,Botnet Traffic,N/A,Government Agency,Delayed Response,False,0.76
HAZ-BUS-MOD-0134,2026-04-16 00:05:23,bushfire,moderate,Fraud,Social Media,Fake Charity,Government Agency,Fake Payment,True,0.94
HAZ-EAR-MOD-0135,2026-04-14 11:12:23,earthquake,moderate,Phishing,Email,Charity Organisation,Relief Organisation,Malware Download,False,0.85
HAZ-EAR-MOD-0136,2026-04-16 09:20:23,earthquake,moderate,Ransomware,Credential Theft,N/A,Critical Infrastructure,Service Disruption,False,0.92
HAZ-BUS-EXT-0137,2026-04-12 10:08:23,bushfire,extreme,Phishing,Email,Charity Organisation,Relief Organisation,Financial Loss,False,0.89
HAZ-BUS-MOD-0138,2026-04-11 13:06:23,bushfire,moderate,Phishing,Fake Website,Insurance Provider,Government Agency,Financial Loss,False,0.84
HAZ-BUS-SEV-0139,2026-04-13 10:32:23,bushfire,severe,Data Breach,Stolen Credentials,N/A,Relief Organisation,Sensitive Record Exposure,False,0.74
HAZ-STO-EXT-0140,2026-04-15 10:50:23,storm,extreme,Data Breach,Unsecured API,N/A,Emergency Services,Sensitive Record Exposure,False,0.71
HAZ-HEA-SEV-0141,2026-04-10 17:26:23,heatwave,severe,Data Breach,Stolen Credentials,N/A,Citizens,Personal Data Leak,False,0.95
HAZ-CYC-EXT-0142,2026-04-14 15:41:23,cyclone,extreme,Misinformation,Social Media Post,Anonymous Social Media Account,Emergency Services,Trust Erosion,False,0.81
HAZ-BUS-MOD-0143,2026-04-10 19:28:23,bushfire,moderate,Misinformation,Deepfake Video,Anonymous Social Media Account,Emergency Services,False Evacuation,False,0.79
HAZ-BUS-SEV-0144,2026-04-12 20:49:23,bushfire,severe,Phishing,Fake Website,Charity Organisation,Government Agency,Credential Theft,False,0.82
HAZ-STO-EXT-0145,2026-04-10 02:14:23,storm,extreme,DDoS,Botnet Traffic,N/A,Healthcare Organisation,Service Unavailable,False,0.93
HAZ-EAR-MOD-0146,2026-04-12 00:49:23,earthquake,moderate,Phishing,Fake Website,Emergency Services,Emergency Services,Financial Loss,False,0.82
HAZ-FLO-MOD-0147,2026-04-10 13:20:23,flood,moderate,Ransomware,Credential Theft,N/A,Critical Infrastructure,Data Exposure,False,0.94
HAZ-STO-SEV-0148,2026-04-10 05:41:23,storm,severe,Ransomware,Credential Theft,N/A,Critical Infrastructure,Service Disruption,False,0.76
HAZ-EAR-MOD-0149,2026-04-14 23:24:23,earthquake,moderate,Emergency Alert Compromise,System Exploit,Official Warning Service,Citizens,False Warning Sent,True,0.81
HAZ-CYC-MOD-0150,2026-04-10 19:12:23,cyclone,moderate,API Abuse,Token Misuse,N/A,Citizens,Unauthorised Data Access,True,0.75
HAZ-HEA-MOD-0151,2026-04-11 00:38:23,heatwave,moderate,Fraud,Social Media,Repair Contractor,Critical Infrastructure,Identity Theft,True,0.76
HAZ-STO-SEV-0152,2026-04-12 17:53:23,storm,severe,Ransomware,Credential Theft,N/A,Government Agency,Data Exposure,True,0.93
HAZ-CYC-EXT-0153,2026-04-11 20:25:23,cyclone,extreme,Data Breach,Unsecured API,N/A,Citizens,Sensitive Record Exposure,False,0.9
HAZ-HEA-SEV-0154,2026-04-11 11:43:23,heatwave,severe,Fraud,Fake Portal,Fake Charity,Healthcare Organisation,False Claim Submission,True,0.78
HAZ-FLO-MOD-0155,2026-04-14 06:43:23,flood,moderate,Emergency Alert Compromise,Stolen Credentials,Emergency Alert System,Healthcare Organisation,False Warning Sent,False,0.85
HAZ-STO-EXT-0156,2026-04-12 16:17:23,storm,extreme,Fraud,Fake Portal,Repair Contractor,Critical Infrastructure,Identity Theft,False,0.89
HAZ-CYC-MOD-0157,2026-04-14 06:30:23,cyclone,moderate,Misinformation,Social Media Post,Fake Government Account,Healthcare Organisation,Public Confusion,True,0.89
HAZ-HEA-EXT-0158,2026-04-10 05:38:23,heatwave,extreme,Phishing,Fake Website,Emergency Services,Emergency Services,Malware Download,True,0.94
HAZ-STO-EXT-0159,2026-04-15 18:48:23,storm,extreme,Phishing,Fake Website,Emergency Services,Citizens,Malware Download,False,0.9
HAZ-HEA-EXT-0160,2026-04-12 12:32:23,heatwave,extreme,Phishing,Fake Website,Charity Organisation,Government Agency,Malware Download,True,0.95
HAZ-EAR-MOD-0161,2026-04-13 11:11:23,earthquake,moderate,Misinformation,Deepfake Video,Fake Government Account,Citizens,Trust Erosion,False,0.85
HAZ-CYC-MOD-0162,2026-04-14 05:12:23,cyclone,moderate,Phishing,Fake Website,Insurance Provider,Government Agency,Financial Loss,False,0.96
HAZ-CYC-MOD-0163,2026-04-14 15:04:23,cyclone,moderate,Phishing,Email,Insurance Provider,Emergency Services,Financial Loss,True,0.74
HAZ-FLO-SEV-0164,2026-04-10 03:41:23,flood,severe,Emergency Alert Compromise,Stolen Credentials,Emergency Alert System,Government Agency,Mass Panic Triggered,False,0.89
HAZ-CYC-EXT-0165,2026-04-15 00:24:23,cyclone,extreme,API Abuse,Token Misuse,N/A,Government Agency,Record Manipulation,False,0.93
HAZ-EAR-MOD-0166,2026-04-11 20:23:23,earthquake,moderate,Data Breach,Unsecured API,N/A,Healthcare Organisation,Sensitive Record Exposure,False,0.94
HAZ-HEA-MOD-0167,2026-04-16 21:11:23,heatwave,moderate,Ransomware,Malicious Attachment,N/A,Citizens,Service Disruption,True,0.72
HAZ-STO-EXT-0168,2026-04-11 08:40:23,storm,extreme,Data Breach,Stolen Credentials,N/A,Healthcare Organisation,Sensitive Record Exposure,False,0.84
HAZ-STO-MOD-0169,2026-04-12 15:10:23,storm,moderate,Ransomware,Malicious Attachment,N/A,Citizens,Service Disruption,True,0.92
HAZ-EAR-MOD-0170,2026-04-10 00:11:23,earthquake,moderate,Emergency Alert Compromise,Stolen Credentials,Emergency Alert System,Critical Infrastructure,Mass Panic Triggered,True,0.72
HAZ-STO-SEV-0171,2026-04-11 18:02:23,storm,severe,DDoS,Botnet Traffic,N/A,Emergency Services,Service Unavailable,True,0.96
HAZ-HEA-MOD-0172,2026-04-11 04:26:23,heatwave,moderate,Phishing,Email,Charity Organisation,Relief Organisation,Credential Theft,True,0.88
HAZ-BUS-MOD-0173,2026-04-14 05:24:23,bushfire,moderate,Misinformation,Deepfake Video,Fake Government Account,Government Agency,Trust Erosion,False,0.75
HAZ-BUS-MOD-0174,2026-04-11 20:11:23,bushfire,moderate,Fraud,Social Media,Repair Contractor,Relief Organisation,Identity Theft,False,0.96
HAZ-EAR-SEV-0175,2026-04-12 20:13:23,earthquake,severe,Ransomware,Malicious Attachment,N/A,Healthcare Organisation,System Encryption,False,0.87
HAZ-STO-MOD-0176,2026-04-13 03:37:23,storm,moderate,Data Breach,Stolen Credentials,N/A,Citizens,Sensitive Record Exposure,True,0.8
HAZ-FLO-SEV-0177,2026-04-10 03:42:23,flood,severe,Fraud,Social Media,Fake Charity,Critical Infrastructure,Identity Theft,False,0.94
HAZ-STO-EXT-0178,2026-04-11 05:23:23,storm,extreme,Data Breach,Unsecured API,N/A,Emergency Services,Personal Data Leak,True,0.75
HAZ-FLO-EXT-0179,2026-04-14 21:12:23,flood,extreme,Ransomware,Credential Theft,N/A,Government Agency,System Encryption,True,0.8
HAZ-STO-MOD-0180,2026-04-11 09:44:23,storm,moderate,Ransomware,Malicious Attachment,N/A,Relief Organisation,Service Disruption,False,0.84
HAZ-STO-SEV-0181,2026-04-12 00:37:23,storm,severe,Misinformation,Social Media Post,Fake Government Account,Healthcare Organisation,Public Confusion,False,0.93
HAZ-CYC-EXT-0182,2026-04-09 23:23:23,cyclone,extreme,Phishing,SMS,Charity Organisation,Healthcare Organisation,Malware Download,True,0.84
HAZ-FLO-EXT-0183,2026-04-15 18:40:23,flood,extreme,Misinformation,Deepfake Video,Fake Government Account,Citizens,Trust Erosion,False,0.79
HAZ-CYC-EXT-0184,2026-04-16 01:29:23,cyclone,extreme,API Abuse,Scripted Requests,N/A,Critical Infrastructure,Record Manipulation,False,0.86
HAZ-HEA-EXT-0185,2026-04-15 09:20:23,heatwave,extreme,Phishing,Fake Website,Government Relief Agency,Government Agency,Financial Loss,True,0.81
HAZ-HEA-EXT-0186,2026-04-15 17:02:23,heatwave,extreme,DDoS,Botnet Traffic,N/A,Relief Organisation,Service Unavailable,True,0.88
HAZ-FLO-EXT-0187,2026-04-10 23:58:23,flood,extreme,DDoS,Botnet Traffic,N/A,Government Agency,Service Unavailable,True,0.86
HAZ-FLO-SEV-0188,2026-04-13 19:53:23,flood,severe,API Abuse,Scripted Requests,N/A,Citizens,Unauthorised Data Access,True,0.72
HAZ-HEA-MOD-0189,2026-04-15 18:39:23,heatwave,moderate,Phishing,SMS,Insurance Provider,Healthcare Organisation,Credential Theft,True,0.95
HAZ-FLO-MOD-0190,2026-04-11 12:24:23,flood,moderate,Phishing,Email,Charity Organisation,Government Agency,Financial Loss,False,0.85
HAZ-STO-SEV-0191,2026-04-14 18:54:23,storm,severe,Ransomware,Credential Theft,N/A,Citizens,Service Disruption,False,0.96
HAZ-CYC-SEV-0192,2026-04-11 14:19:23,cyclone,severe,Fraud,Social Media,Fake Charity,Healthcare Organisation,Fake Payment,True,0.98
HAZ-FLO-SEV-0193,2026-04-16 04:23:23,flood,severe,Misinformation,Social Media Post,Anonymous Social Media Account,Critical Infrastructure,Public Confusion,False,0.87
HAZ-HEA-EXT-0194,2026-04-12 17:11:23,heatwave,extreme,Data Breach,Stolen Credentials,N/A,Government Agency,Personal Data Leak,False,0.75
HAZ-EAR-EXT-0195,2026-04-13 10:10:23,earthquake,extreme,Fraud,Phone Call,Relief Support Officer,Healthcare Organisation,Identity Theft,False,0.71
HAZ-EAR-EXT-0196,2026-04-14 22:02:23,earthquake,extreme,API Abuse,Scripted Requests,N/A,Government Agency,Record Manipulation,True,0.71
HAZ-BUS-MOD-0197,2026-04-15 22:58:23,bushfire,moderate,Data Breach,Unsecured API,N/A,Critical Infrastructure,Personal Data Leak,True,0.94
HAZ-HEA-EXT-0198,2026-04-16 17:35:23,heatwave,extreme,Emergency Alert Compromise,System Exploit,Emergency Alert System,Citizens,False Warning Sent,True,0.77
HAZ-BUS-SEV-0199,2026-04-14 13:42:23,bushfire,severe,DDoS,Botnet Traffic,N/A,Government Agency,Delayed Response,True,0.83
HAZ-STO-MOD-0200,2026-04-10 18:33:23,storm,moderate,Data Breach,Unsecured API,N/A,Emergency Services,Sensitive Record Exposure,True,0.84
HAZ-EAR-EXT-0201,2026-04-10 07:43:23,earthquake,extreme,Misinformation,Social Media Post,Fake Government Account,Healthcare Organisation,Public Confusion,False,0.8
HAZ-FLO-SEV-0202,2026-04-12 00:38:23,flood,severe,Fraud,Social Media,Relief Support Officer,Healthcare Organisation,Fake Payment,False,0.83
HAZ-BUS-EXT-0203,2026-04-15 11:12:23,bushfire,extreme,Emergency Alert Compromise,Stolen Credentials,Emergency Alert System,Citizens,False Warning Sent,True,0.77
HAZ-BUS-SEV-0204,2026-04-15 14:06:23,bushfire,severe,API Abuse,Token Misuse,N/A,Citizens,Record Manipulation,False,0.91
HAZ-HEA-MOD-0205,2026-04-16 11:14:23,heatwave,moderate,Phishing,Email,Insurance Provider,Emergency Services,Credential Theft,True,0.84
HAZ-BUS-MOD-0206,2026-04-15 19:12:23,bushfire,moderate,Misinformation,Social Media Post,Unofficial News Page,Critical Infrastructure,Public Confusion,True,0.83
HAZ-BUS-EXT-0207,2026-04-12 11:45:23,bushfire,extreme,Emergency Alert Compromise,System Exploit,Official Warning Service,Emergency Services,False Warning Sent,False,0.77
HAZ-STO-MOD-0208,2026-04-16 15:35:23,storm,moderate,Phishing,SMS,Emergency Services,Healthcare Organisation,Financial Loss,False,0.82
HAZ-FLO-MOD-0209,2026-04-12 11:45:23,flood,moderate,Data Breach,Stolen Credentials,N/A,Critical Infrastructure,Personal Data Leak,False,0.82
HAZ-EAR-MOD-0210,2026-04-11 05:37:23,earthquake,moderate,Misinformation,Social Media Post,Fake Government Account,Government Agency,Trust Erosion,False,0.74
HAZ-STO-SEV-0211,2026-04-12 00:29:23,storm,severe,Fraud,Fake Portal,Relief Support Officer,Citizens,Fake Payment,True,0.9
HAZ-EAR-MOD-0212,2026-04-15 02:09:23,earthquake,moderate,Emergency Alert Compromise,Stolen Credentials,Official Warning Service,Citizens,False Warning Sent,False,0.81
HAZ-STO-EXT-0213,2026-04-15 20:54:23,storm,extreme,Ransomware,Credential Theft,N/A,Government Agency,System Encryption,True,0.81
HAZ-FLO-SEV-0214,2026-04-16 16:53:23,flood,severe,Data Breach,Unsecured API,N/A,Government Agency,Personal Data Leak,False,0.9
HAZ-FLO-SEV-0215,2026-04-12 05:33:23,flood,severe,API Abuse,Scripted Requests,N/A,Government Agency,Record Manipulation,False,0.86
HAZ-CYC-EXT-0216,2026-04-16 16:45:23,cyclone,extreme,Phishing,Fake Website,Government Relief Agency,Critical Infrastructure,Malware Download,False,0.97
HAZ-FLO-MOD-0217,2026-04-10 20:09:23,flood,moderate,Data Breach,Stolen Credentials,N/A,Emergency Services,Personal Data Leak,False,0.76
HAZ-HEA-SEV-0218,2026-04-11 15:57:23,heatwave,severe,Fraud,Fake Portal,Fake Charity,Citizens,False Claim Submission,False,0.77
HAZ-CYC-MOD-0219,2026-04-10 14:04:23,cyclone,moderate,Ransomware,Malicious Attachment,N/A,Government Agency,Service Disruption,False,0.85
HAZ-STO-EXT-0220,2026-04-14 11:41:23,storm,extreme,Phishing,SMS,Insurance Provider,Emergency Services,Financial Loss,False,0.94
HAZ-BUS-EXT-0221,2026-04-15 19:53:23,bushfire,extreme,Misinformation,Deepfake Video,Unofficial News Page,Government Agency,Trust Erosion,True,0.98
HAZ-CYC-SEV-0222,2026-04-10 09:12:23,cyclone,severe,Ransomware,Malicious Attachment,N/A,Relief Organisation,Data Exposure,False,0.72
HAZ-BUS-MOD-0223,2026-04-11 13:22:23,bushfire,moderate,DDoS,Botnet Traffic,N/A,Emergency Services,Service Unavailable,False,0.7
HAZ-CYC-EXT-0224,2026-04-15 16:00:23,cyclone,extreme,Phishing,SMS,Charity Organisation,Emergency Services,Credential Theft,False,0.92
HAZ-CYC-EXT-0225,2026-04-12 04:24:23,cyclone,extreme,DDoS,Botnet Traffic,N/A,Emergency Services,Service Unavailable,False,0.89
HAZ-EAR-SEV-0226,2026-04-13 23:20:23,earthquake,severe,Data Breach,Stolen Credentials,N/A,Citizens,Personal Data Leak,False,0.76
HAZ-BUS-MOD-0227,2026-04-12 05:14:23,bushfire,moderate,Phishing,Fake Website,Government Relief Agency,Emergency Services,Malware Download,True,0.79
HAZ-CYC-MOD-0228,2026-04-14 17:27:23,cyclone,moderate,API Abuse,Scripted Requests,N/A,Citizens,Record Manipulation,True,0.87
HAZ-EAR-MOD-0229,2026-04-13 00:29:23,earthquake,moderate,Phishing,Email,Emergency Services,Relief Organisation,Credential Theft,False,0.97
HAZ-CYC-SEV-0230,2026-04-14 14:09:23,cyclone,severe,DDoS,Botnet Traffic,N/A,Government Agency,Service Unavailable,False,0.89
HAZ-FLO-MOD-0231,2026-04-16 04:22:23,flood,moderate,Phishing,SMS,Charity Organisation,Relief Organisation,Credential Theft,True,0.76
HAZ-STO-EXT-0232,2026-04-15 23:01:23,storm,extreme,Data Breach,Unsecured API,N/A,Healthcare Organisation,Personal Data Leak,False,0.94
HAZ-FLO-EXT-0233,2026-04-13 05:38:23,flood,extreme,Fraud,Fake Portal,Fake Charity,Healthcare Organisation,Fake Payment,True,0.81
HAZ-BUS-EXT-0234,2026-04-11 02:55:23,bushfire,extreme,Misinformation,Social Media Post,Fake Government Account,Relief Organisation,False Evacuation,True,0.84
HAZ-CYC-EXT-0235,2026-04-11 10:37:23,cyclone,extreme,Ransomware,Malicious Attachment,N/A,Citizens,Data Exposure,True,0.93
HAZ-FLO-EXT-0236,2026-04-14 18:38:23,flood,extreme,DDoS,Botnet Traffic,N/A,Healthcare Organisation,Service Unavailable,False,0.89
HAZ-EAR-MOD-0237,2026-04-12 01:13:23,earthquake,moderate,Phishing,Fake Website,Charity Organisation,Government Agency,Malware Download,True,0.82
HAZ-STO-EXT-0238,2026-04-16 00:02:23,storm,extreme,Ransomware,Malicious Attachment,N/A,Healthcare Organisation,Service Disruption,False,0.92
HAZ-FLO-EXT-0239,2026-04-14 19:54:23,flood,extreme,DDoS,Botnet Traffic,N/A,Healthcare Organisation,Delayed Response,False,0.92
HAZ-CYC-EXT-0240,2026-04-11 02:44:23,cyclone,extreme,DDoS,Botnet Traffic,N/A,Relief Organisation,Service Unavailable,True,0.95
HAZ-EAR-SEV-0241,2026-04-15 18:37:23,earthquake,severe,Ransomware,Credential Theft,N/A,Citizens,Service Disruption,True,0.93
HAZ-CYC-MOD-0242,2026-04-10 01:47:23,cyclone,moderate,Phishing,Fake Website,Government Relief Agency,Government Agency,Malware Download,True,0.74
HAZ-CYC-SEV-0243,2026-04-10 21:22:23,cyclone,severe,Ransomware,Credential Theft,N/A,Citizens,System Encryption,True,0.78
HAZ-FLO-EXT-0244,2026-04-11 18:43:23,flood,extreme,API Abuse,Scripted Requests,N/A,Emergency Services,Unauthorised Data Access,True,0.88
HAZ-EAR-MOD-0245,2026-04-16 07:24:23,earthquake,moderate,Phishing,SMS,Government Relief Agency,Citizens,Financial Loss,False,0.96
HAZ-BUS-MOD-0246,2026-04-11 11:20:23,bushfire,moderate,API Abuse,Scripted Requests,N/A,Emergency Services,Record Manipulation,False,0.95
HAZ-CYC-EXT-0247,2026-04-16 21:44:23,cyclone,extreme,API Abuse,Token Misuse,N/A,Healthcare Organisation,Record Manipulation,True,0.93
HAZ-EAR-MOD-0248,2026-04-13 04:16:23,earthquake,moderate,Emergency Alert Compromise,System Exploit,Official Warning Service,Government Agency,False Warning Sent,True,0.83
HAZ-CYC-EXT-0249,2026-04-15 04:38:23,cyclone,extreme,Phishing,SMS,Insurance Provider,Healthcare Organisation,Financial Loss,False,0.81
HAZ-CYC-EXT-0250,2026-04-15 11:12:23,cyclone,extreme,Phishing,SMS,Government Relief Agency,Government Agency,Financial Loss,True,0.76
HAZ-BUS-EXT-0251,2026-04-16 09:36:23,bushfire,extreme,Phishing,Email,Insurance Provider,Emergency Services,Malware Download,False,0.86
HAZ-STO-SEV-0252,2026-04-11 17:50:23,storm,severe,Phishing,Email,Emergency Services,Critical Infrastructure,Malware Download,True,0.7
HAZ-EAR-SEV-0253,2026-04-11 01:26:23,earthquake,severe,Misinformation,Social Media Post,Fake Government Account,Emergency Services,False Evacuation,False,0.95
HAZ-FLO-MOD-0254,2026-04-15 10:22:23,flood,moderate,Phishing,Fake Website,Insurance Provider,Relief Organisation,Financial Loss,True,0.9
HAZ-EAR-MOD-0255,2026-04-10 05:25:23,earthquake,moderate,Phishing,Email,Insurance Provider,Relief Organisation,Malware Download,True,0.92
HAZ-HEA-SEV-0256,2026-04-12 22:11:23,heatwave,severe,Phishing,Email,Government Relief Agency,Critical Infrastructure,Financial Loss,False,0.71
HAZ-CYC-MOD-0257,2026-04-15 06:02:23,cyclone,moderate,Phishing,Email,Charity Organisation,Critical Infrastructure,Malware Download,True,0.81
HAZ-HEA-MOD-0258,2026-04-12 01:41:23,heatwave,moderate,Fraud,Fake Portal,Fake Charity,Relief Organisation,Fake Payment,False,0.98
HAZ-FLO-EXT-0259,2026-04-11 15:55:23,flood,extreme,Fraud,Social Media,Relief Support Officer,Healthcare Organisation,Fake Payment,False,0.71
HAZ-BUS-EXT-0260,2026-04-16 13:31:23,bushfire,extreme,Misinformation,Deepfake Video,Unofficial News Page,Government Agency,False Evacuation,False,0.93
HAZ-BUS-SEV-0261,2026-04-15 08:18:23,bushfire,severe,Phishing,Email,Government Relief Agency,Emergency Services,Malware Download,False,0.9
HAZ-CYC-EXT-0262,2026-04-12 23:47:23,cyclone,extreme,Phishing,SMS,Emergency Services,Critical Infrastructure,Credential Theft,False,0.72
HAZ-HEA-EXT-0263,2026-04-15 02:09:23,heatwave,extreme,Misinformation,Social Media Post,Anonymous Social Media Account,Emergency Services,False Evacuation,False,0.9
HAZ-CYC-SEV-0264,2026-04-16 00:53:23,cyclone,severe,Data Breach,Unsecured API,N/A,Healthcare Organisation,Personal Data Leak,False,0.96
HAZ-STO-SEV-0265,2026-04-10 11:32:23,storm,severe,Misinformation,Social Media Post,Unofficial News Page,Relief Organisation,Public Confusion,True,0.76
HAZ-FLO-MOD-0266,2026-04-14 03:55:23,flood,moderate,Data Breach,Unsecured API,N/A,Relief Organisation,Personal Data Leak,True,0.92
HAZ-CYC-MOD-0267,2026-04-13 06:36:23,cyclone,moderate,Data Breach,Stolen Credentials,N/A,Government Agency,Sensitive Record Exposure,False,0.86
HAZ-BUS-EXT-0268,2026-04-13 04:48:23,bushfire,extreme,Ransomware,Credential Theft,N/A,Citizens,Service Disruption,True,0.95
HAZ-CYC-EXT-0269,2026-04-13 02:11:23,cyclone,extreme,Ransomware,Credential Theft,N/A,Citizens,Service Disruption,False,0.74
HAZ-EAR-MOD-0270,2026-04-12 19:08:23,earthquake,moderate,Emergency Alert Compromise,System Exploit,Official Warning Service,Relief Organisation,False Warning Sent,False,0.77
HAZ-HEA-MOD-0271,2026-04-10 20:12:23,heatwave,moderate,Ransomware,Malicious Attachment,N/A,Healthcare Organisation,Service Disruption,True,0.86
HAZ-FLO-SEV-0272,2026-04-16 15:56:23,flood,severe,Phishing,Email,Emergency Services,Citizens,Malware Download,True,0.83
HAZ-CYC-EXT-0273,2026-04-13 04:09:23,cyclone,extreme,Fraud,Social Media,Repair Contractor,Critical Infrastructure,Fake Payment,False,0.81
HAZ-BUS-SEV-0274,2026-04-15 08:59:23,bushfire,severe,Phishing,SMS,Government Relief Agency,Citizens,Credential Theft,True,0.72
HAZ-CYC-SEV-0275,2026-04-14 06:46:23,cyclone,severe,API Abuse,Token Misuse,N/A,Relief Organisation,Record Manipulation,False,0.88
HAZ-EAR-EXT-0276,2026-04-16 03:55:23,earthquake,extreme,Fraud,Fake Portal,Relief Support Officer,Critical Infrastructure,False Claim Submission,False,0.78
HAZ-BUS-EXT-0277,2026-04-14 08:18:23,bushfire,extreme,API Abuse,Scripted Requests,N/A,Government Agency,Unauthorised Data Access,False,0.91
HAZ-EAR-SEV-0278,2026-04-11 00:36:23,earthquake,severe,Phishing,SMS,Emergency Services,Healthcare Organisation,Malware Download,False,0.77
HAZ-EAR-MOD-0279,2026-04-11 00:28:23,earthquake,moderate,Misinformation,Social Media Post,Anonymous Social Media Account,Emergency Services,Trust Erosion,False,0.98
HAZ-CYC-EXT-0280,2026-04-15 15:34:23,cyclone,extreme,DDoS,Botnet Traffic,N/A,Citizens,Delayed Response,True,0.72
HAZ-HEA-MOD-0281,2026-04-15 10:46:23,heatwave,moderate,DDoS,Botnet Traffic,N/A,Healthcare Organisation,Delayed Response,False,0.72
HAZ-FLO-SEV-0282,2026-04-16 01:14:23,flood,severe,Fraud,Fake Portal,Repair Contractor,Healthcare Organisation,Identity Theft,False,0.94
HAZ-STO-MOD-0283,2026-04-12 13:19:23,storm,moderate,Emergency Alert Compromise,System Exploit,Emergency Alert System,Citizens,Mass Panic Triggered,False,0.97
HAZ-STO-MOD-0284,2026-04-10 19:20:23,storm,moderate,DDoS,Botnet Traffic,N/A,Healthcare Organisation,Delayed Response,False,0.72
HAZ-BUS-SEV-0285,2026-04-12 02:13:23,bushfire,severe,Data Breach,Stolen Credentials,N/A,Healthcare Organisation,Personal Data Leak,True,0.97
HAZ-FLO-EXT-0286,2026-04-11 20:49:23,flood,extreme,Phishing,Fake Website,Government Relief Agency,Critical Infrastructure,Financial Loss,False,0.87
HAZ-STO-MOD-0287,2026-04-16 02:03:23,storm,moderate,Fraud,Phone Call,Fake Charity,Citizens,Identity Theft,False,0.81
HAZ-HEA-EXT-0288,2026-04-15 18:05:23,heatwave,extreme,Ransomware,Malicious Attachment,N/A,Healthcare Organisation,System Encryption,False,0.91
HAZ-FLO-SEV-0289,2026-04-16 21:21:23,flood,severe,Fraud,Phone Call,Relief Support Officer,Citizens,Fake Payment,True,0.81
HAZ-EAR-EXT-0290,2026-04-13 15:07:23,earthquake,extreme,Fraud,Social Media,Repair Contractor,Emergency Services,Fake Payment,True,0.9
HAZ-CYC-MOD-0291,2026-04-14 00:54:23,cyclone,moderate,Fraud,Fake Portal,Repair Contractor,Relief Organisation,Identity Theft,False,0.86
HAZ-EAR-SEV-0292,2026-04-16 08:59:23,earthquake,severe,Data Breach,Stolen Credentials,N/A,Emergency Services,Personal Data Leak,False,0.81
HAZ-HEA-EXT-0293,2026-04-13 08:59:23,heatwave,extreme,Data Breach,Unsecured API,N/A,Government Agency,Personal Data Leak,False,0.83
HAZ-HEA-MOD-0294,2026-04-15 07:48:23,heatwave,moderate,Misinformation,Deepfake Video,Anonymous Social Media Account,Healthcare Organisation,Public Confusion,True,0.74
HAZ-HEA-MOD-0295,2026-04-15 21:26:23,heatwave,moderate,DDoS,Botnet Traffic,N/A,Critical Infrastructure,Service Unavailable,False,0.8
HAZ-HEA-SEV-0296,2026-04-15 12:39:23,heatwave,severe,Misinformation,Deepfake Video,Unofficial News Page,Healthcare Organisation,False Evacuation,False,0.81
HAZ-FLO-SEV-0297,2026-04-12 03:40:23,flood,severe,Misinformation,Social Media Post,Anonymous Social Media Account,Relief Organisation,Public Confusion,True,0.72
HAZ-EAR-MOD-0298,2026-04-15 10:27:23,earthquake,moderate,Fraud,Fake Portal,Relief Support Officer,Critical Infrastructure,False Claim Submission,True,0.82
HAZ-HEA-MOD-0299,2026-04-12 15:31:23,heatwave,moderate,Misinformation,Social Media Post,Anonymous Social Media Account,Relief Organisation,Public Confusion,False,0.72
HAZ-BUS-SEV-0300,2026-04-16 03:23:23,bushfire,severe,Misinformation,Social Media Post,Fake Government Account,Citizens,False Evacuation,True,0.94
HAZ-STO-MOD-0301,2026-04-15 07:39:23,storm,moderate,Misinformation,Deepfake Video,Unofficial News Page,Relief Organisation,Public Confusion,False,0.72
HAZ-FLO-MOD-0302,2026-04-14 20:31:23,flood,moderate,Fraud,Phone Call,Repair Contractor,Citizens,Identity Theft,False,0.71
HAZ-FLO-SEV-0303,2026-04-13 22:51:23,flood,severe,Phishing,SMS,Insurance Provider,Relief Organisation,Credential Theft,False,0.74
HAZ-BUS-MOD-0304,2026-04-11 05:30:23,bushfire,moderate,Fraud,Social Media,Relief Support Officer,Critical Infrastructure,Identity Theft,True,0.99
HAZ-STO-SEV-0305,2026-04-13 00:07:23,storm,severe,API Abuse,Scripted Requests,N/A,Citizens,Record Manipulation,True,0.78
HAZ-FLO-EXT-0306,2026-04-11 23:02:23,flood,extreme,Data Breach,Unsecured API,N/A,Citizens,Personal Data Leak,True,0.86
HAZ-HEA-MOD-0307,2026-04-10 11:07:23,heatwave,moderate,Fraud,Phone Call,Repair Contractor,Citizens,Fake Payment,False,0.95
HAZ-STO-EXT-0308,2026-04-14 10:43:23,storm,extreme,Phishing,SMS,Government Relief Agency,Emergency Services,Credential Theft,True,0.87
HAZ-STO-EXT-0309,2026-04-10 21:53:23,storm,extreme,Ransomware,Credential Theft,N/A,Citizens,Data Exposure,True,0.97
HAZ-BUS-EXT-0310,2026-04-10 19:26:23,bushfire,extreme,Phishing,SMS,Charity Organisation,Critical Infrastructure,Malware Download,False,0.96
HAZ-FLO-SEV-0311,2026-04-12 13:59:23,flood,severe,Data Breach,Stolen Credentials,N/A,Government Agency,Personal Data Leak,False,0.92
HAZ-FLO-MOD-0312,2026-04-11 05:25:23,flood,moderate,Misinformation,Social Media Post,Anonymous Social Media Account,Citizens,False Evacuation,True,0.73
HAZ-HEA-EXT-0313,2026-04-10 11:06:23,heatwave,extreme,Misinformation,Social Media Post,Fake Government Account,Relief Organisation,Public Confusion,True,0.92
HAZ-FLO-SEV-0314,2026-04-13 23:44:23,flood,severe,Phishing,SMS,Government Relief Agency,Government Agency,Financial Loss,False,0.74
HAZ-FLO-EXT-0315,2026-04-11 02:48:23,flood,extreme,Fraud,Phone Call,Fake Charity,Emergency Services,False Claim Submission,True,0.94
HAZ-HEA-MOD-0316,2026-04-11 16:25:23,heatwave,moderate,Phishing,Email,Government Relief Agency,Healthcare Organisation,Malware Download,False,0.71
HAZ-BUS-EXT-0317,2026-04-11 00:28:23,bushfire,extreme,Phishing,SMS,Charity Organisation,Relief Organisation,Malware Download,False,0.75
HAZ-BUS-EXT-0318,2026-04-11 12:40:23,bushfire,extreme,Data Breach,Stolen Credentials,N/A,Emergency Services,Sensitive Record Exposure,False,0.83
HAZ-BUS-EXT-0319,2026-04-13 23:31:23,bushfire,extreme,Phishing,SMS,Emergency Services,Critical Infrastructure,Financial Loss,False,0.88
HAZ-BUS-SEV-0320,2026-04-12 12:34:23,bushfire,severe,Fraud,Phone Call,Fake Charity,Healthcare Organisation,False Claim Submission,True,0.97
HAZ-STO-MOD-0321,2026-04-13 22:39:23,storm,moderate,Fraud,Phone Call,Repair Contractor,Healthcare Organisation,Identity Theft,True,0.79
HAZ-STO-EXT-0322,2026-04-14 06:58:23,storm,extreme,DDoS,Botnet Traffic,N/A,Healthcare Organisation,Delayed Response,True,0.71
HAZ-CYC-EXT-0323,2026-04-14 12:21:23,cyclone,extreme,Emergency Alert Compromise,System Exploit,Official Warning Service,Critical Infrastructure,False Warning Sent,True,0.85
HAZ-STO-SEV-0324,2026-04-11 12:49:23,storm,severe,Fraud,Social Media,Relief Support Officer,Healthcare Organisation,Identity Theft,True,0.83
HAZ-BUS-SEV-0325,2026-04-10 11:14:23,bushfire,severe,Misinformation,Social Media Post,Unofficial News Page,Citizens,False Evacuation,True,0.76
HAZ-FLO-EXT-0326,2026-04-13 03:37:23,flood,extreme,Misinformation,Social Media Post,Anonymous Social Media Account,Government Agency,False Evacuation,False,0.85
HAZ-BUS-SEV-0327,2026-04-13 05:19:23,bushfire,severe,Phishing,SMS,Government Relief Agency,Relief Organisation,Financial Loss,False,0.79
HAZ-FLO-MOD-0328,2026-04-11 21:06:23,flood,moderate,API Abuse,Token Misuse,N/A,Healthcare Organisation,Record Manipulation,True,0.74
HAZ-HEA-MOD-0329,2026-04-12 00:41:23,heatwave,moderate,Data Breach,Stolen Credentials,N/A,Emergency Services,Sensitive Record Exposure,True,0.78
HAZ-CYC-MOD-0330,2026-04-15 21:28:23,cyclone,moderate,Emergency Alert Compromise,Stolen Credentials,Official Warning Service,Relief Organisation,False Warning Sent,True,0.84
HAZ-BUS-SEV-0331,2026-04-15 00:09:23,bushfire,severe,Phishing,SMS,Emergency Services,Healthcare Organisation,Financial Loss,True,0.72
HAZ-HEA-EXT-0332,2026-04-12 07:39:23,heatwave,extreme,Data Breach,Stolen Credentials,N/A,Healthcare Organisation,Personal Data Leak,False,0.79
HAZ-EAR-SEV-0333,2026-04-10 22:45:23,earthquake,severe,Phishing,Email,Insurance Provider,Healthcare Organisation,Malware Download,False,0.89
HAZ-CYC-MOD-0334,2026-04-12 07:19:23,cyclone,moderate,Fraud,Social Media,Fake Charity,Government Agency,False Claim Submission,False,0.93
HAZ-FLO-EXT-0335,2026-04-12 18:39:23,flood,extreme,Phishing,Email,Emergency Services,Emergency Services,Malware Download,False,0.75
HAZ-BUS-MOD-0336,2026-04-13 16:04:23,bushfire,moderate,Phishing,Fake Website,Emergency Services,Critical Infrastructure,Financial Loss,True,0.94
HAZ-FLO-MOD-0337,2026-04-11 06:25:23,flood,moderate,Phishing,Fake Website,Emergency Services,Healthcare Organisation,Malware Download,False,0.95
HAZ-HEA-EXT-0338,2026-04-16 14:59:23,heatwave,extreme,Ransomware,Malicious Attachment,N/A,Healthcare Organisation,Service Disruption,False,0.86
HAZ-STO-EXT-0339,2026-04-16 15:22:23,storm,extreme,Fraud,Fake Portal,Fake Charity,Healthcare Organisation,False Claim Submission,True,0.99
HAZ-CYC-SEV-0340,2026-04-11 02:14:23,cyclone,severe,DDoS,Botnet Traffic,N/A,Critical Infrastructure,Service Unavailable,True,0.98
HAZ-BUS-EXT-0341,2026-04-10 16:38:23,bushfire,extreme,Fraud,Phone Call,Relief Support Officer,Emergency Services,False Claim Submission,False,0.99
HAZ-CYC-EXT-0342,2026-04-11 20:06:23,cyclone,extreme,Misinformation,Deepfake Video,Anonymous Social Media Account,Government Agency,Public Confusion,True,0.82
HAZ-BUS-MOD-0343,2026-04-15 09:07:23,bushfire,moderate,Data Breach,Unsecured API,N/A,Critical Infrastructure,Sensitive Record Exposure,True,0.76
HAZ-HEA-SEV-0344,2026-04-13 17:18:23,heatwave,severe,Misinformation,Deepfake Video,Fake Government Account,Government Agency,False Evacuation,False,0.73
HAZ-HEA-SEV-0345,2026-04-11 02:15:23,heatwave,severe,Phishing,Fake Website,Insurance Provider,Relief Organisation,Credential Theft,True,0.82
HAZ-FLO-SEV-0346,2026-04-13 07:12:23,flood,severe,Phishing,Fake Website,Charity Organisation,Healthcare Organisation,Financial Loss,False,0.73
HAZ-STO-MOD-0347,2026-04-13 21:33:23,storm,moderate,Ransomware,Credential Theft,N/A,Government Agency,System Encryption,True,0.97
HAZ-CYC-MOD-0348,2026-04-15 18:25:23,cyclone,moderate,DDoS,Botnet Traffic,N/A,Relief Organisation,Service Unavailable,False,0.88
HAZ-EAR-EXT-0349,2026-04-10 20:46:23,earthquake,extreme,Misinformation,Social Media Post,Fake Government Account,Critical Infrastructure,False Evacuation,False,0.97
HAZ-EAR-MOD-0350,2026-04-14 09:22:23,earthquake,moderate,Fraud,Fake Portal,Repair Contractor,Critical Infrastructure,Fake Payment,False,0.95
HAZ-EAR-EXT-0351,2026-04-13 01:34:23,earthquake,extreme,Data Breach,Stolen Credentials,N/A,Citizens,Sensitive Record Exposure,False,0.99
HAZ-EAR-MOD-0352,2026-04-10 08:13:23,earthquake,moderate,Fraud,Phone Call,Fake Charity,Critical Infrastructure,False Claim Submission,True,0.8
HAZ-BUS-MOD-0353,2026-04-16 15:36:23,bushfire,moderate,Fraud,Phone Call,Fake Charity,Critical Infrastructure,Fake Payment,True,0.8
HAZ-HEA-MOD-0354,2026-04-12 22:04:23,heatwave,moderate,Fraud,Phone Call,Repair Contractor,Relief Organisation,False Claim Submission,False,0.78
HAZ-BUS-MOD-0355,2026-04-15 08:47:23,bushfire,moderate,Misinformation,Social Media Post,Anonymous Social Media Account,Healthcare Organisation,False Evacuation,True,0.92
HAZ-FLO-MOD-0356,2026-04-14 09:59:23,flood,moderate,Fraud,Fake Portal,Fake Charity,Citizens,False Claim Submission,False,0.76
HAZ-FLO-SEV-0357,2026-04-10 23:59:23,flood,severe,Phishing,Fake Website,Government Relief Agency,Citizens,Credential Theft,True,0.73
HAZ-STO-MOD-0358,2026-04-12 12:12:23,storm,moderate,Phishing,Fake Website,Government Relief Agency,Critical Infrastructure,Credential Theft,True,0.9
HAZ-EAR-EXT-0359,2026-04-10 10:33:23,earthquake,extreme,Emergency Alert Compromise,Stolen Credentials,Official Warning Service,Relief Organisation,Mass Panic Triggered,True,0.94
HAZ-FLO-MOD-0360,2026-04-15 00:58:23,flood,moderate,DDoS,Botnet Traffic,N/A,Critical Infrastructure,Delayed Response,True,0.91
HAZ-CYC-SEV-0361,2026-04-13 21:27:23,cyclone,severe,Phishing,Fake Website,Insurance Provider,Relief Organisation,Credential Theft,True,0.92
HAZ-BUS-EXT-0362,2026-04-11 08:40:23,bushfire,extreme,Phishing,SMS,Government Relief Agency,Healthcare Organisation,Malware Download,True,0.92
HAZ-CYC-EXT-0363,2026-04-14 21:39:23,cyclone,extreme,Ransomware,Malicious Attachment,N/A,Critical Infrastructure,Data Exposure,False,0.93
HAZ-HEA-SEV-0364,2026-04-15 19:03:23,heatwave,severe,Data Breach,Stolen Credentials,N/A,Relief Organisation,Personal Data Leak,False,0.74
HAZ-HEA-MOD-0365,2026-04-12 07:58:23,heatwave,moderate,Ransomware,Credential Theft,N/A,Healthcare Organisation,Service Disruption,True,0.82
HAZ-HEA-SEV-0366,2026-04-15 22:29:23,heatwave,severe,Misinformation,Social Media Post,Unofficial News Page,Relief Organisation,False Evacuation,True,0.98
HAZ-FLO-MOD-0367,2026-04-10 13:05:23,flood,moderate,Phishing,Email,Emergency Services,Emergency Services,Financial Loss,True,0.97
HAZ-STO-EXT-0368,2026-04-10 16:03:23,storm,extreme,DDoS,Botnet Traffic,N/A,Emergency Services,Delayed Response,False,0.83
HAZ-STO-MOD-0369,2026-04-13 08:36:23,storm,moderate,Fraud,Social Media,Repair Contractor,Healthcare Organisation,Identity Theft,True,0.71
HAZ-CYC-MOD-0370,2026-04-14 14:24:23,cyclone,moderate,Misinformation,Deepfake Video,Fake Government Account,Government Agency,Public Confusion,False,0.96
HAZ-STO-EXT-0371,2026-04-13 12:29:23,storm,extreme,DDoS,Botnet Traffic,N/A,Healthcare Organisation,Delayed Response,False,0.88
HAZ-EAR-SEV-0372,2026-04-15 22:49:23,earthquake,severe,Misinformation,Social Media Post,Unofficial News Page,Emergency Services,False Evacuation,False,0.89
HAZ-CYC-SEV-0373,2026-04-09 23:29:23,cyclone,severe,Emergency Alert Compromise,Stolen Credentials,Official Warning Service,Healthcare Organisation,Mass Panic Triggered,True,0.83
HAZ-FLO-MOD-0374,2026-04-12 11:14:23,flood,moderate,Phishing,Fake Website,Charity Organisation,Government Agency,Malware Download,True,0.84
HAZ-BUS-SEV-0375,2026-04-15 14:22:23,bushfire,severe,Misinformation,Deepfake Video,Unofficial News Page,Emergency Services,Public Confusion,True,0.92
HAZ-BUS-MOD-0376,2026-04-11 02:32:23,bushfire,moderate,DDoS,Botnet Traffic,N/A,Emergency Services,Delayed Response,True,0.75
HAZ-EAR-EXT-0377,2026-04-15 14:28:23,earthquake,extreme,Misinformation,Deepfake Video,Anonymous Social Media Account,Critical Infrastructure,False Evacuation,False,0.77
HAZ-EAR-MOD-0378,2026-04-10 10:47:23,earthquake,moderate,DDoS,Botnet Traffic,N/A,Healthcare Organisation,Service Unavailable,False,0.84
HAZ-STO-EXT-0379,2026-04-13 06:14:23,storm,extreme,Data Breach,Stolen Credentials,N/A,Critical Infrastructure,Sensitive Record Exposure,True,0.84
HAZ-EAR-EXT-0380,2026-04-11 13:50:23,earthquake,extreme,Fraud,Social Media,Repair Contractor,Critical Infrastructure,False Claim Submission,True,0.86
HAZ-HEA-SEV-0381,2026-04-12 04:18:23,heatwave,severe,Phishing,Email,Insurance Provider,Relief Organisation,Credential Theft,False,0.96
HAZ-FLO-SEV-0382,2026-04-10 10:58:23,flood,severe,API Abuse,Token Misuse,N/A,Emergency Services,Unauthorised Data Access,False,0.98
HAZ-BUS-EXT-0383,2026-04-13 12:11:23,bushfire,extreme,Fraud,Social Media,Fake Charity,Critical Infrastructure,Identity Theft,False,0.77
HAZ-EAR-EXT-0384,2026-04-13 16:05:23,earthquake,extreme,Ransomware,Malicious Attachment,N/A,Critical Infrastructure,System Encryption,True,0.81
HAZ-STO-SEV-0385,2026-04-15 23:42:23,storm,severe,Phishing,Email,Government Relief Agency,Citizens,Financial Loss,False,0.74
HAZ-HEA-SEV-0386,2026-04-12 02:48:23,heatwave,severe,Data Breach,Unsecured API,N/A,Citizens,Sensitive Record Exposure,True,0.82
HAZ-STO-MOD-0387,2026-04-15 20:12:23,storm,moderate,Fraud,Phone Call,Fake Charity,Citizens,Identity Theft,False,0.83
HAZ-HEA-EXT-0388,2026-04-13 03:56:23,heatwave,extreme,Data Breach,Unsecured API,N/A,Government Agency,Personal Data Leak,False,0.87
HAZ-STO-EXT-0389,2026-04-15 04:57:23,storm,extreme,Data Breach,Unsecured API,N/A,Emergency Services,Sensitive Record Exposure,True,0.87
HAZ-CYC-MOD-0390,2026-04-14 15:36:23,cyclone,moderate,Phishing,Fake Website,Insurance Provider,Healthcare Organisation,Credential Theft,False,0.88
HAZ-BUS-EXT-0391,2026-04-12 03:41:23,bushfire,extreme,Data Breach,Unsecured API,N/A,Government Agency,Personal Data Leak,True,0.75
HAZ-FLO-SEV-0392,2026-04-14 06:49:23,flood,severe,Data Breach,Unsecured API,N/A,Government Agency,Sensitive Record Exposure,True,0.82
HAZ-FLO-MOD-0393,2026-04-11 00:21:23,flood,moderate,DDoS,Botnet Traffic,N/A,Government Agency,Delayed Response,True,0.96
HAZ-CYC-SEV-0394,2026-04-13 08:20:23,cyclone,severe,Phishing,Fake Website,Insurance Provider,Citizens,Financial Loss,True,0.8
HAZ-HEA-EXT-0395,2026-04-13 00:41:23,heatwave,extreme,DDoS,Botnet Traffic,N/A,Healthcare Organisation,Delayed Response,True,0.73
HAZ-STO-MOD-0396,2026-04-13 00:49:23,storm,moderate,Fraud,Phone Call,Relief Support Officer,Government Agency,Identity Theft,False,0.93
HAZ-BUS-SEV-0397,2026-04-14 02:39:23,bushfire,severe,Fraud,Phone Call,Repair Contractor,Critical Infrastructure,Fake Payment,True,0.97
HAZ-CYC-MOD-0398,2026-04-15 13:36:23,cyclone,moderate,API Abuse,Scripted Requests,N/A,Critical Infrastructure,Unauthorised Data Access,False,0.94
HAZ-FLO-MOD-0399,2026-04-11 02:45:23,flood,moderate,Phishing,Email,Emergency Services,Relief Organisation,Credential Theft,True,0.87
HAZ-EAR-EXT-0400,2026-04-11 20:59:23,earthquake,extreme,Phishing,Fake Website,Charity Organisation,Critical Infrastructure,Credential Theft,True,0.8
HAZ-FLO-SEV-0401,2026-04-12 09:30:23,flood,severe,DDoS,Botnet Traffic,N/A,Healthcare Organisation,Service Unavailable,False,0.96
HAZ-HEA-EXT-0402,2026-04-10 10:16:23,heatwave,extreme,Misinformation,Deepfake Video,Anonymous Social Media Account,Relief Organisation,Public Confusion,False,0.75
HAZ-STO-EXT-0403,2026-04-10 14:23:23,storm,extreme,Fraud,Social Media,Repair Contractor,Healthcare Organisation,Fake Payment,False,0.72
HAZ-STO-EXT-0404,2026-04-13 16:56:23,storm,extreme,Data Breach,Stolen Credentials,N/A,Relief Organisation,Sensitive Record Exposure,False,0.81
HAZ-BUS-EXT-0405,2026-04-10 08:56:23,bushfire,extreme,Fraud,Social Media,Fake Charity,Citizens,Fake Payment,False,0.85
HAZ-STO-EXT-0406,2026-04-14 00:00:23,storm,extreme,Phishing,SMS,Insurance Provider,Emergency Services,Financial Loss,False,0.74
HAZ-STO-MOD-0407,2026-04-13 13:03:23,storm,moderate,DDoS,Botnet Traffic,N/A,Critical Infrastructure,Service Unavailable,True,0.85
HAZ-CYC-EXT-0408,2026-04-11 07:56:23,cyclone,extreme,Fraud,Social Media,Repair Contractor,Healthcare Organisation,Identity Theft,False,0.87
HAZ-HEA-EXT-0409,2026-04-10 04:50:23,heatwave,extreme,Fraud,Phone Call,Repair Contractor,Critical Infrastructure,Fake Payment,True,0.83
HAZ-EAR-MOD-0410,2026-04-10 13:13:23,earthquake,moderate,Fraud,Fake Portal,Relief Support Officer,Citizens,Fake Payment,True,0.94
HAZ-BUS-EXT-0411,2026-04-14 10:41:23,bushfire,extreme,Misinformation,Social Media Post,Anonymous Social Media Account,Critical Infrastructure,Public Confusion,False,0.89
HAZ-HEA-MOD-0412,2026-04-16 16:31:23,heatwave,moderate,Fraud,Social Media,Fake Charity,Critical Infrastructure,Fake Payment,False,0.82
HAZ-BUS-EXT-0413,2026-04-14 17:29:23,bushfire,extreme,Phishing,Fake Website,Insurance Provider,Critical Infrastructure,Malware Download,True,0.97
HAZ-STO-EXT-0414,2026-04-13 13:44:23,storm,extreme,Ransomware,Malicious Attachment,N/A,Government Agency,System Encryption,False,0.86
HAZ-BUS-MOD-0415,2026-04-12 01:44:23,bushfire,moderate,Phishing,Fake Website,Government Relief Agency,Critical Infrastructure,Malware Download,False,0.92
HAZ-BUS-EXT-0416,2026-04-12 16:29:23,bushfire,extreme,Data Breach,Stolen Credentials,N/A,Emergency Services,Sensitive Record Exposure,False,0.75
HAZ-BUS-SEV-0417,2026-04-15 19:22:23,bushfire,severe,Fraud,Social Media,Fake Charity,Relief Organisation,Fake Payment,False,0.78
HAZ-STO-SEV-0418,2026-04-11 01:22:23,storm,severe,Data Breach,Unsecured API,N/A,Critical Infrastructure,Personal Data Leak,False,0.74
HAZ-HEA-MOD-0419,2026-04-15 11:07:23,heatwave,moderate,Phishing,SMS,Government Relief Agency,Government Agency,Malware Download,False,0.81
HAZ-CYC-MOD-0420,2026-04-11 19:36:23,cyclone,moderate,Ransomware,Credential Theft,N/A,Healthcare Organisation,System Encryption,False,0.74
HAZ-FLO-EXT-0421,2026-04-14 12:02:23,flood,extreme,Fraud,Social Media,Fake Charity,Healthcare Organisation,Identity Theft,False,0.77
HAZ-STO-EXT-0422,2026-04-13 08:36:23,storm,extreme,Data Breach,Unsecured API,N/A,Citizens,Sensitive Record Exposure,True,0.9
HAZ-BUS-EXT-0423,2026-04-15 20:04:23,bushfire,extreme,Phishing,Fake Website,Government Relief Agency,Relief Organisation,Malware Download,True,0.98
HAZ-CYC-SEV-0424,2026-04-12 20:16:23,cyclone,severe,Emergency Alert Compromise,Stolen Credentials,Emergency Alert System,Government Agency,False Warning Sent,False,0.7
HAZ-BUS-MOD-0425,2026-04-16 00:15:23,bushfire,moderate,DDoS,Botnet Traffic,N/A,Healthcare Organisation,Delayed Response,False,0.75
HAZ-HEA-SEV-0426,2026-04-12 21:18:23,heatwave,severe,API Abuse,Token Misuse,N/A,Government Agency,Record Manipulation,True,0.77
HAZ-EAR-EXT-0427,2026-04-12 03:09:23,earthquake,extreme,DDoS,Botnet Traffic,N/A,Critical Infrastructure,Service Unavailable,False,0.87
HAZ-BUS-EXT-0428,2026-04-14 19:21:23,bushfire,extreme,Emergency Alert Compromise,Stolen Credentials,Official Warning Service,Critical Infrastructure,Mass Panic Triggered,True,0.73
HAZ-EAR-MOD-0429,2026-04-13 08:50:23,earthquake,moderate,API Abuse,Scripted Requests,N/A,Emergency Services,Unauthorised Data Access,True,0.84
HAZ-CYC-MOD-0430,2026-04-14 06:04:23,cyclone,moderate,DDoS,Botnet Traffic,N/A,Relief Organisation,Delayed Response,False,0.9
HAZ-FLO-SEV-0431,2026-04-13 03:35:23,flood,severe,Fraud,Fake Portal,Fake Charity,Emergency Services,Identity Theft,False,0.92
HAZ-CYC-MOD-0432,2026-04-15 11:55:23,cyclone,moderate,Phishing,SMS,Emergency Services,Citizens,Malware Download,False,0.95
HAZ-EAR-EXT-0433,2026-04-10 06:57:23,earthquake,extreme,Misinformation,Social Media Post,Unofficial News Page,Relief Organisation,False Evacuation,True,0.86
HAZ-FLO-SEV-0434,2026-04-15 08:48:23,flood,severe,Data Breach,Unsecured API,N/A,Relief Organisation,Sensitive Record Exposure,False,0.87
HAZ-CYC-EXT-0435,2026-04-12 12:28:23,cyclone,extreme,Fraud,Fake Portal,Fake Charity,Citizens,Fake Payment,True,0.72
HAZ-EAR-EXT-0436,2026-04-10 05:08:23,earthquake,extreme,Data Breach,Stolen Credentials,N/A,Emergency Services,Sensitive Record Exposure,False,0.94
HAZ-FLO-MOD-0437,2026-04-13 21:48:23,flood,moderate,Data Breach,Stolen Credentials,N/A,Critical Infrastructure,Sensitive Record Exposure,True,0.78
HAZ-STO-MOD-0438,2026-04-14 05:04:23,storm,moderate,Misinformation,Social Media Post,Unofficial News Page,Healthcare Organisation,False Evacuation,False,0.75
HAZ-HEA-SEV-0439,2026-04-14 06:23:23,heatwave,severe,Phishing,Fake Website,Emergency Services,Emergency Services,Credential Theft,False,0.95
HAZ-CYC-MOD-0440,2026-04-15 19:54:23,cyclone,moderate,Misinformation,Social Media Post,Fake Government Account,Relief Organisation,Public Confusion,False,0.71
HAZ-HEA-EXT-0441,2026-04-14 21:55:23,heatwave,extreme,Phishing,Fake Website,Charity Organisation,Critical Infrastructure,Credential Theft,True,0.85
HAZ-STO-EXT-0442,2026-04-15 01:35:23,storm,extreme,Fraud,Social Media,Fake Charity,Emergency Services,Fake Payment,False,0.97
HAZ-STO-EXT-0443,2026-04-16 13:40:23,storm,extreme,Data Breach,Stolen Credentials,N/A,Relief Organisation,Personal Data Leak,False,0.96
HAZ-CYC-EXT-0444,2026-04-10 10:57:23,cyclone,extreme,DDoS,Botnet Traffic,N/A,Relief Organisation,Service Unavailable,True,0.95
HAZ-HEA-SEV-0445,2026-04-11 01:55:23,heatwave,severe,Fraud,Social Media,Fake Charity,Critical Infrastructure,Fake Payment,False,0.91
HAZ-BUS-EXT-0446,2026-04-13 02:37:23,bushfire,extreme,Data Breach,Stolen Credentials,N/A,Government Agency,Personal Data Leak,False,0.97
HAZ-FLO-SEV-0447,2026-04-10 06:13:23,flood,severe,Fraud,Phone Call,Relief Support Officer,Citizens,False Claim Submission,False,0.83
HAZ-STO-MOD-0448,2026-04-15 13:16:23,storm,moderate,API Abuse,Token Misuse,N/A,Government Agency,Record Manipulation,True,0.77
HAZ-STO-MOD-0449,2026-04-13 12:13:23,storm,moderate,Fraud,Fake Portal,Repair Contractor,Citizens,Identity Theft,False,0.77
HAZ-EAR-MOD-0450,2026-04-13 14:04:23,earthquake,moderate,Emergency Alert Compromise,Stolen Credentials,Official Warning Service,Healthcare Organisation,Mass Panic Triggered,False,0.96
HAZ-CYC-EXT-0451,2026-04-11 07:53:23,cyclone,extreme,Data Breach,Unsecured API,N/A,Critical Infrastructure,Sensitive Record Exposure,True,0.77
HAZ-STO-MOD-0452,2026-04-11 20:24:23,storm,moderate,Misinformation,Social Media Post,Anonymous Social Media Account,Critical Infrastructure,Trust Erosion,True,0.89
HAZ-FLO-MOD-0453,2026-04-14 18:43:23,flood,moderate,Fraud,Phone Call,Relief Support Officer,Emergency Services,Fake Payment,True,0.79
HAZ-HEA-MOD-0454,2026-04-13 21:57:23,heatwave,moderate,Emergency Alert Compromise,Stolen Credentials,Emergency Alert System,Citizens,Mass Panic Triggered,False,0.77
HAZ-EAR-SEV-0455,2026-04-15 08:00:23,earthquake,severe,DDoS,Botnet Traffic,N/A,Critical Infrastructure,Delayed Response,True,0.77
HAZ-CYC-MOD-0456,2026-04-15 15:37:23,cyclone,moderate,Data Breach,Unsecured API,N/A,Emergency Services,Sensitive Record Exposure,False,0.87
HAZ-HEA-EXT-0457,2026-04-12 08:14:23,heatwave,extreme,Misinformation,Social Media Post,Unofficial News Page,Relief Organisation,Public Confusion,False,0.86
HAZ-BUS-MOD-0458,2026-04-14 20:20:23,bushfire,moderate,API Abuse,Token Misuse,N/A,Critical Infrastructure,Unauthorised Data Access,True,0.79
HAZ-STO-SEV-0459,2026-04-12 00:49:23,storm,severe,Ransomware,Malicious Attachment,N/A,Critical Infrastructure,Data Exposure,True,0.95
HAZ-STO-EXT-0460,2026-04-15 21:25:23,storm,extreme,DDoS,Botnet Traffic,N/A,Citizens,Delayed Response,True,0.78
HAZ-BUS-SEV-0461,2026-04-15 06:36:23,bushfire,severe,Data Breach,Stolen Credentials,N/A,Government Agency,Sensitive Record Exposure,False,0.85
HAZ-STO-SEV-0462,2026-04-16 04:44:23,storm,severe,Phishing,Email,Charity Organisation,Critical Infrastructure,Credential Theft,True,0.96
HAZ-HEA-MOD-0463,2026-04-15 12:15:23,heatwave,moderate,Fraud,Fake Portal,Fake Charity,Emergency Services,False Claim Submission,True,0.73
HAZ-STO-SEV-0464,2026-04-15 00:36:23,storm,severe,DDoS,Botnet Traffic,N/A,Citizens,Delayed Response,False,0.82
HAZ-BUS-SEV-0465,2026-04-12 22:19:23,bushfire,severe,Misinformation,Deepfake Video,Anonymous Social Media Account,Healthcare Organisation,False Evacuation,True,0.7
HAZ-FLO-SEV-0466,2026-04-14 06:40:23,flood,severe,Fraud,Social Media,Relief Support Officer,Healthcare Organisation,Fake Payment,True,0.91
HAZ-CYC-MOD-0467,2026-04-16 07:03:23,cyclone,moderate,Data Breach,Stolen Credentials,N/A,Relief Organisation,Personal Data Leak,False,0.85
HAZ-BUS-EXT-0468,2026-04-11 10:57:23,bushfire,extreme,Data Breach,Stolen Credentials,N/A,Relief Organisation,Sensitive Record Exposure,True,0.91
HAZ-FLO-SEV-0469,2026-04-11 08:49:23,flood,severe,Ransomware,Credential Theft,N/A,Critical Infrastructure,System Encryption,True,0.78
HAZ-EAR-SEV-0470,2026-04-12 00:55:23,earthquake,severe,DDoS,Botnet Traffic,N/A,Relief Organisation,Delayed Response,True,0.75
HAZ-STO-MOD-0471,2026-04-14 23:20:23,storm,moderate,DDoS,Botnet Traffic,N/A,Emergency Services,Service Unavailable,True,0.95
HAZ-BUS-EXT-0472,2026-04-13 01:35:23,bushfire,extreme,Misinformation,Social Media Post,Anonymous Social Media Account,Healthcare Organisation,Trust Erosion,True,0.98
HAZ-HEA-MOD-0473,2026-04-13 20:41:23,heatwave,moderate,Fraud,Social Media,Repair Contractor,Emergency Services,Identity Theft,False,0.71
HAZ-BUS-EXT-0474,2026-04-15 12:40:23,bushfire,extreme,Phishing,SMS,Insurance Provider,Government Agency,Credential Theft,False,0.98
HAZ-CYC-MOD-0475,2026-04-11 18:01:23,cyclone,moderate,Phishing,SMS,Emergency Services,Healthcare Organisation,Credential Theft,True,0.88
HAZ-EAR-SEV-0476,2026-04-14 00:39:23,earthquake,severe,Data Breach,Stolen Credentials,N/A,Citizens,Personal Data Leak,False,0.71
HAZ-FLO-EXT-0477,2026-04-11 00:50:23,flood,extreme,Data Breach,Stolen Credentials,N/A,Government Agency,Personal Data Leak,True,0.96
HAZ-HEA-MOD-0478,2026-04-16 13:32:23,heatwave,moderate,Fraud,Social Media,Relief Support Officer,Healthcare Organisation,Identity Theft,False,0.86
HAZ-CYC-EXT-0479,2026-04-11 03:52:23,cyclone,extreme,Ransomware,Credential Theft,N/A,Government Agency,Data Exposure,True,0.74
HAZ-FLO-EXT-0480,2026-04-15 19:40:23,flood,extreme,Phishing,SMS,Charity Organisation,Government Agency,Malware Download,True,0.98
HAZ-FLO-SEV-0481,2026-04-12 18:48:23,flood,severe,Misinformation,Social Media Post,Fake Government Account,Healthcare Organisation,Trust Erosion,True,0.88
HAZ-BUS-MOD-0482,2026-04-12 22:35:23,bushfire,moderate,Misinformation,Social Media Post,Unofficial News Page,Relief Organisation,False Evacuation,False,0.73
HAZ-EAR-MOD-0483,2026-04-12 15:44:23,earthquake,moderate,Ransomware,Credential Theft,N/A,Critical Infrastructure,Service Disruption,True,0.83
HAZ-HEA-MOD-0484,2026-04-10 01:32:23,heatwave,moderate,API Abuse,Token Misuse,N/A,Healthcare Organisation,Record Manipulation,True,0.75
HAZ-HEA-SEV-0485,2026-04-14 09:35:23,heatwave,severe,Misinformation,Deepfake Video,Fake Government Account,Emergency Services,False Evacuation,False,0.93
HAZ-CYC-MOD-0486,2026-04-16 13:55:23,cyclone,moderate,Fraud,Social Media,Fake Charity,Healthcare Organisation,Fake Payment,False,0.85
HAZ-HEA-SEV-0487,2026-04-11 01:54:23,heatwave,severe,DDoS,Botnet Traffic,N/A,Government Agency,Delayed Response,False,0.84
HAZ-EAR-MOD-0488,2026-04-13 23:09:23,earthquake,moderate,API Abuse,Scripted Requests,N/A,Healthcare Organisation,Record Manipulation,True,0.88
HAZ-CYC-MOD-0489,2026-04-13 07:02:23,cyclone,moderate,Misinformation,Deepfake Video,Fake Government Account,Citizens,Public Confusion,True,0.89
HAZ-BUS-MOD-0490,2026-04-14 14:30:23,bushfire,moderate,API Abuse,Token Misuse,N/A,Critical Infrastructure,Record Manipulation,True,0.93
HAZ-BUS-MOD-0491,2026-04-10 05:22:23,bushfire,moderate,Misinformation,Deepfake Video,Unofficial News Page,Relief Organisation,Public Confusion,False,0.93
HAZ-STO-SEV-0492,2026-04-09 23:01:23,storm,severe,Phishing,Email,Emergency Services,Healthcare Organisation,Credential Theft,False,0.75
HAZ-FLO-SEV-0493,2026-04-13 16:42:23,flood,severe,Data Breach,Unsecured API,N/A,Relief Organisation,Sensitive Record Exposure,True,0.85
HAZ-EAR-SEV-0494,2026-04-15 08:10:23,earthquake,severe,Phishing,Email,Charity Organisation,Critical Infrastructure,Credential Theft,False,0.77
HAZ-HEA-SEV-0495,2026-04-16 17:46:23,heatwave,severe,Phishing,SMS,Charity Organisation,Critical Infrastructure,Financial Loss,True,0.93
HAZ-BUS-SEV-0496,2026-04-13 07:58:23,bushfire,severe,Ransomware,Malicious Attachment,N/A,Healthcare Organisation,Data Exposure,False,0.73
HAZ-FLO-SEV-0497,2026-04-15 07:36:23,flood,severe,Data Breach,Stolen Credentials,N/A,Healthcare Organisation,Personal Data Leak,False,0.93
HAZ-FLO-SEV-0498,2026-04-16 10:07:23,flood,severe,Misinformation,Social Media Post,Fake Government Account,Critical Infrastructure,False Evacuation,True,0.96
HAZ-HEA-EXT-0499,2026-04-13 04:40:23,heatwave,extreme,Emergency Alert Compromise,Stolen Credentials,Emergency Alert System,Critical Infrastructure,False Warning Sent,True,0.94
HAZ-STO-MOD-0500,2026-04-10 12:00:23,storm,moderate,Fraud,Phone Call,Relief Support Officer,Emergency Services,False Claim Submission,False,0.73
HAZ-BUS-MOD-0501,2026-04-15 22:30:23,bushfire,moderate,Ransomware,Malicious Attachment,N/A,Citizens,System Encryption,False,0.83
HAZ-EAR-EXT-0502,2026-04-14 19:25:23,earthquake,extreme,Emergency Alert Compromise,System Exploit,Emergency Alert System,Government Agency,False Warning Sent,False,0.97
HAZ-CYC-SEV-0503,2026-04-14 16:48:23,cyclone,severe,API Abuse,Scripted Requests,N/A,Government Agency,Record Manipulation,True,0.82
HAZ-EAR-EXT-0504,2026-04-15 07:39:23,earthquake,extreme,Ransomware,Malicious Attachment,N/A,Government Agency,System Encryption,False,0.73
HAZ-STO-SEV-0505,2026-04-14 13:16:23,storm,severe,Fraud,Social Media,Relief Support Officer,Government Agency,Identity Theft,True,0.78
HAZ-BUS-MOD-0506,2026-04-14 17:49:23,bushfire,moderate,Misinformation,Social Media Post,Anonymous Social Media Account,Healthcare Organisation,Public Confusion,False,0.8
HAZ-STO-SEV-0507,2026-04-15 02:12:23,storm,severe,Data Breach,Unsecured API,N/A,Citizens,Personal Data Leak,False,0.92
HAZ-STO-EXT-0508,2026-04-10 00:15:23,storm,extreme,Fraud,Phone Call,Relief Support Officer,Healthcare Organisation,Fake Payment,True,0.84
HAZ-BUS-EXT-0509,2026-04-11 14:39:23,bushfire,extreme,Phishing,Fake Website,Emergency Services,Critical Infrastructure,Malware Download,False,0.81
HAZ-BUS-MOD-0510,2026-04-12 20:56:23,bushfire,moderate,Ransomware,Malicious Attachment,N/A,Critical Infrastructure,System Encryption,False,0.81
HAZ-CYC-MOD-0511,2026-04-10 02:26:23,cyclone,moderate,API Abuse,Token Misuse,N/A,Relief Organisation,Unauthorised Data Access,False,0.79
HAZ-FLO-MOD-0512,2026-04-11 01:39:23,flood,moderate,Fraud,Phone Call,Fake Charity,Emergency Services,Identity Theft,True,0.83
HAZ-BUS-EXT-0513,2026-04-12 10:33:23,bushfire,extreme,Data Breach,Unsecured API,N/A,Emergency Services,Personal Data Leak,True,0.93
HAZ-FLO-MOD-0514,2026-04-13 21:42:23,flood,moderate,Misinformation,Social Media Post,Fake Government Account,Healthcare Organisation,Trust Erosion,False,0.81
HAZ-EAR-SEV-0515,2026-04-14 11:50:23,earthquake,severe,Emergency Alert Compromise,System Exploit,Official Warning Service,Relief Organisation,False Warning Sent,True,0.93
HAZ-EAR-EXT-0516,2026-04-11 07:56:23,earthquake,extreme,Fraud,Fake Portal,Relief Support Officer,Healthcare Organisation,Identity Theft,True,0.81
HAZ-HEA-MOD-0517,2026-04-10 14:14:23,heatwave,moderate,Emergency Alert Compromise,System Exploit,Emergency Alert System,Relief Organisation,False Warning Sent,True,0.83
HAZ-BUS-SEV-0518,2026-04-16 13:22:23,bushfire,severe,Misinformation,Social Media Post,Unofficial News Page,Critical Infrastructure,Public Confusion,True,0.93
HAZ-FLO-MOD-0519,2026-04-12 18:49:23,flood,moderate,Data Breach,Unsecured API,N/A,Emergency Services,Personal Data Leak,True,0.82
HAZ-HEA-MOD-0520,2026-04-14 12:23:23,heatwave,moderate,Emergency Alert Compromise,Stolen Credentials,Emergency Alert System,Healthcare Organisation,False Warning Sent,False,0.98
HAZ-EAR-EXT-0521,2026-04-16 13:34:23,earthquake,extreme,DDoS,Botnet Traffic,N/A,Healthcare Organisation,Service Unavailable,False,0.92
HAZ-CYC-EXT-0522,2026-04-16 01:31:23,cyclone,extreme,Emergency Alert Compromise,Stolen Credentials,Emergency Alert System,Healthcare Organisation,False Warning Sent,True,0.72
HAZ-HEA-EXT-0523,2026-04-12 06:31:23,heatwave,extreme,Phishing,SMS,Charity Organisation,Citizens,Financial Loss,False,0.98
HAZ-BUS-EXT-0524,2026-04-15 10:17:23,bushfire,extreme,Data Breach,Stolen Credentials,N/A,Critical Infrastructure,Sensitive Record Exposure,True,0.79
HAZ-BUS-SEV-0525,2026-04-15 08:19:23,bushfire,severe,Fraud,Fake Portal,Fake Charity,Relief Organisation,False Claim Submission,True,0.76
HAZ-FLO-MOD-0526,2026-04-12 14:53:23,flood,moderate,DDoS,Botnet Traffic,N/A,Citizens,Delayed Response,True,0.93
HAZ-FLO-SEV-0527,2026-04-11 02:25:23,flood,severe,Data Breach,Unsecured API,N/A,Healthcare Organisation,Personal Data Leak,True,0.9
HAZ-EAR-MOD-0528,2026-04-12 23:53:23,earthquake,moderate,Fraud,Social Media,Repair Contractor,Government Agency,Identity Theft,False,0.87
HAZ-BUS-SEV-0529,2026-04-12 09:35:23,bushfire,severe,Data Breach,Stolen Credentials,N/A,Government Agency,Sensitive Record Exposure,False,0.74
HAZ-EAR-SEV-0530,2026-04-14 06:04:23,earthquake,severe,Data Breach,Unsecured API,N/A,Relief Organisation,Personal Data Leak,False,0.93
HAZ-STO-EXT-0531,2026-04-12 12:35:23,storm,extreme,Emergency Alert Compromise,System Exploit,Official Warning Service,Emergency Services,Mass Panic Triggered,False,0.74
HAZ-FLO-EXT-0532,2026-04-14 08:04:23,flood,extreme,Misinformation,Deepfake Video,Unofficial News Page,Citizens,False Evacuation,False,0.89
HAZ-BUS-EXT-0533,2026-04-15 15:42:23,bushfire,extreme,Emergency Alert Compromise,System Exploit,Emergency Alert System,Healthcare Organisation,False Warning Sent,True,0.95
HAZ-CYC-EXT-0534,2026-04-16 11:21:23,cyclone,extreme,Data Breach,Unsecured API,N/A,Government Agency,Sensitive Record Exposure,True,0.83
HAZ-EAR-EXT-0535,2026-04-13 13:49:23,earthquake,extreme,Emergency Alert Compromise,Stolen Credentials,Emergency Alert System,Healthcare Organisation,Mass Panic Triggered,True,0.75
HAZ-FLO-MOD-0536,2026-04-15 09:56:23,flood,moderate,Data Breach,Unsecured API,N/A,Emergency Services,Personal Data Leak,True,0.72
HAZ-BUS-SEV-0537,2026-04-14 09:01:23,bushfire,severe,DDoS,Botnet Traffic,N/A,Emergency Services,Service Unavailable,True,0.79
HAZ-BUS-EXT-0538,2026-04-13 10:15:23,bushfire,extreme,Phishing,SMS,Insurance Provider,Government Agency,Malware Download,False,0.71
HAZ-FLO-SEV-0539,2026-04-15 11:02:23,flood,severe,Phishing,Fake Website,Emergency Services,Emergency Services,Credential Theft,False,0.94
HAZ-STO-SEV-0540,2026-04-11 09:20:23,storm,severe,Emergency Alert Compromise,System Exploit,Official Warning Service,Relief Organisation,False Warning Sent,False,0.92
HAZ-BUS-SEV-0541,2026-04-14 20:26:23,bushfire,severe,API Abuse,Scripted Requests,N/A,Citizens,Record Manipulation,True,0.82
HAZ-CYC-SEV-0542,2026-04-15 20:51:23,cyclone,severe,API Abuse,Scripted Requests,N/A,Healthcare Organisation,Unauthorised Data Access,False,0.86
HAZ-CYC-EXT-0543,2026-04-10 20:39:23,cyclone,extreme,DDoS,Botnet Traffic,N/A,Healthcare Organisation,Delayed Response,True,0.76
HAZ-EAR-MOD-0544,2026-04-13 01:08:23,earthquake,moderate,Data Breach,Stolen Credentials,N/A,Healthcare Organisation,Personal Data Leak,True,0.93
HAZ-CYC-EXT-0545,2026-04-14 22:12:23,cyclone,extreme,DDoS,Botnet Traffic,N/A,Emergency Services,Service Unavailable,False,0.98
HAZ-CYC-MOD-0546,2026-04-13 01:25:23,cyclone,moderate,Phishing,SMS,Insurance Provider,Citizens,Financial Loss,True,0.72
HAZ-STO-MOD-0547,2026-04-12 16:57:23,storm,moderate,DDoS,Botnet Traffic,N/A,Critical Infrastructure,Service Unavailable,True,0.86
HAZ-HEA-SEV-0548,2026-04-10 05:49:23,heatwave,severe,Misinformation,Deepfake Video,Unofficial News Page,Government Agency,False Evacuation,True,0.72
HAZ-FLO-EXT-0549,2026-04-13 23:51:23,flood,extreme,Phishing,Fake Website,Government Relief Agency,Government Agency,Financial Loss,False,0.81
HAZ-STO-EXT-0550,2026-04-15 11:34:23,storm,extreme,Fraud,Social Media,Relief Support Officer,Healthcare Organisation,Identity Theft,False,0.79
HAZ-EAR-MOD-0551,2026-04-13 05:15:23,earthquake,moderate,Ransomware,Credential Theft,N/A,Critical Infrastructure,Service Disruption,False,0.91
HAZ-CYC-MOD-0552,2026-04-10 10:06:23,cyclone,moderate,Ransomware,Malicious Attachment,N/A,Relief Organisation,Data Exposure,False,0.87
HAZ-STO-MOD-0553,2026-04-12 22:25:23,storm,moderate,Fraud,Phone Call,Fake Charity,Emergency Services,Fake Payment,False,0.93
HAZ-BUS-EXT-0554,2026-04-11 16:54:23,bushfire,extreme,Fraud,Social Media,Repair Contractor,Government Agency,Identity Theft,True,0.86
HAZ-FLO-MOD-0555,2026-04-13 13:22:23,flood,moderate,Phishing,SMS,Government Relief Agency,Critical Infrastructure,Credential Theft,True,0.8
HAZ-HEA-EXT-0556,2026-04-16 17:36:23,heatwave,extreme,Misinformation,Deepfake Video,Anonymous Social Media Account,Government Agency,Trust Erosion,True,0.97
HAZ-FLO-MOD-0557,2026-04-10 17:42:23,flood,moderate,Data Breach,Stolen Credentials,N/A,Government Agency,Personal Data Leak,False,0.91
HAZ-FLO-EXT-0558,2026-04-10 02:08:23,flood,extreme,API Abuse,Scripted Requests,N/A,Relief Organisation,Record Manipulation,False,0.85
HAZ-EAR-EXT-0559,2026-04-15 00:25:23,earthquake,extreme,Fraud,Phone Call,Repair Contractor,Relief Organisation,Fake Payment,False,0.94
HAZ-FLO-SEV-0560,2026-04-11 10:54:23,flood,severe,Fraud,Social Media,Fake Charity,Government Agency,Fake Payment,True,0.85
HAZ-STO-MOD-0561,2026-04-12 00:08:23,storm,moderate,Fraud,Fake Portal,Repair Contractor,Emergency Services,Identity Theft,True,0.87
HAZ-STO-EXT-0562,2026-04-12 19:28:23,storm,extreme,Phishing,SMS,Government Relief Agency,Citizens,Credential Theft,False,0.74
HAZ-EAR-EXT-0563,2026-04-16 16:47:23,earthquake,extreme,Fraud,Phone Call,Fake Charity,Relief Organisation,Fake Payment,False,0.87
HAZ-HEA-MOD-0564,2026-04-12 15:10:23,heatwave,moderate,Ransomware,Credential Theft,N/A,Citizens,System Encryption,True,0.8
HAZ-CYC-EXT-0565,2026-04-14 03:16:23,cyclone,extreme,Data Breach,Unsecured API,N/A,Government Agency,Sensitive Record Exposure,True,0.97
HAZ-CYC-EXT-0566,2026-04-10 08:54:23,cyclone,extreme,Data Breach,Unsecured API,N/A,Emergency Services,Sensitive Record Exposure,False,0.93
HAZ-EAR-EXT-0567,2026-04-13 13:13:23,earthquake,extreme,Emergency Alert Compromise,System Exploit,Official Warning Service,Critical Infrastructure,Mass Panic Triggered,True,0.86
HAZ-FLO-EXT-0568,2026-04-15 03:26:23,flood,extreme,Ransomware,Malicious Attachment,N/A,Healthcare Organisation,Data Exposure,True,0.72
HAZ-HEA-EXT-0569,2026-04-16 18:26:23,heatwave,extreme,Misinformation,Social Media Post,Unofficial News Page,Government Agency,Trust Erosion,False,0.74
HAZ-FLO-SEV-0570,2026-04-10 19:51:23,flood,severe,Data Breach,Unsecured API,N/A,Healthcare Organisation,Sensitive Record Exposure,False,0.73
HAZ-BUS-MOD-0571,2026-04-11 09:00:23,bushfire,moderate,Phishing,Fake Website,Insurance Provider,Citizens,Credential Theft,False,0.92
HAZ-BUS-EXT-0572,2026-04-13 14:08:23,bushfire,extreme,Phishing,Fake Website,Government Relief Agency,Citizens,Credential Theft,False,0.78
HAZ-STO-EXT-0573,2026-04-15 00:10:23,storm,extreme,Data Breach,Unsecured API,N/A,Critical Infrastructure,Sensitive Record Exposure,True,0.86
HAZ-HEA-EXT-0574,2026-04-13 23:30:23,heatwave,extreme,Phishing,Fake Website,Charity Organisation,Relief Organisation,Financial Loss,True,0.78
HAZ-BUS-SEV-0575,2026-04-11 07:36:23,bushfire,severe,DDoS,Botnet Traffic,N/A,Citizens,Service Unavailable,True,0.89
HAZ-STO-EXT-0576,2026-04-16 07:00:23,storm,extreme,Ransomware,Malicious Attachment,N/A,Critical Infrastructure,Service Disruption,False,0.86
HAZ-STO-EXT-0577,2026-04-13 06:37:23,storm,extreme,API Abuse,Scripted Requests,N/A,Government Agency,Unauthorised Data Access,True,0.81
HAZ-FLO-EXT-0578,2026-04-13 21:17:23,flood,extreme,DDoS,Botnet Traffic,N/A,Citizens,Delayed Response,False,0.75
HAZ-BUS-SEV-0579,2026-04-11 09:22:23,bushfire,severe,Misinformation,Social Media Post,Unofficial News Page,Critical Infrastructure,Public Confusion,False,0.74
HAZ-CYC-SEV-0580,2026-04-10 22:02:23,cyclone,severe,Fraud,Fake Portal,Fake Charity,Citizens,Fake Payment,False,0.76
HAZ-HEA-SEV-0581,2026-04-13 20:22:23,heatwave,severe,DDoS,Botnet Traffic,N/A,Critical Infrastructure,Delayed Response,True,0.9
HAZ-STO-EXT-0582,2026-04-11 04:23:23,storm,extreme,DDoS,Botnet Traffic,N/A,Healthcare Organisation,Delayed Response,True,0.75
HAZ-FLO-MOD-0583,2026-04-16 21:17:23,flood,moderate,Emergency Alert Compromise,System Exploit,Official Warning Service,Citizens,False Warning Sent,False,0.85
HAZ-STO-MOD-0584,2026-04-11 03:44:23,storm,moderate,DDoS,Botnet Traffic,N/A,Critical Infrastructure,Delayed Response,False,0.88
HAZ-HEA-EXT-0585,2026-04-16 16:27:23,heatwave,extreme,Misinformation,Social Media Post,Fake Government Account,Government Agency,Trust Erosion,True,0.96
HAZ-BUS-SEV-0586,2026-04-10 03:27:23,bushfire,severe,Phishing,Fake Website,Insurance Provider,Healthcare Organisation,Malware Download,True,0.83
HAZ-EAR-SEV-0587,2026-04-15 12:52:23,earthquake,severe,Fraud,Social Media,Fake Charity,Citizens,Identity Theft,True,0.98
HAZ-STO-EXT-0588,2026-04-10 19:38:23,storm,extreme,DDoS,Botnet Traffic,N/A,Relief Organisation,Delayed Response,True,0.95
HAZ-BUS-MOD-0589,2026-04-14 02:24:23,bushfire,moderate,Ransomware,Malicious Attachment,N/A,Healthcare Organisation,System Encryption,False,0.87
HAZ-STO-MOD-0590,2026-04-15 09:29:23,storm,moderate,Fraud,Phone Call,Relief Support Officer,Government Agency,Identity Theft,True,0.87
HAZ-STO-MOD-0591,2026-04-15 06:47:23,storm,moderate,DDoS,Botnet Traffic,N/A,Relief Organisation,Service Unavailable,True,0.87
HAZ-EAR-SEV-0592,2026-04-14 17:49:23,earthquake,severe,DDoS,Botnet Traffic,N/A,Emergency Services,Delayed Response,False,0.77
HAZ-HEA-MOD-0593,2026-04-14 10:28:23,heatwave,moderate,Phishing,SMS,Government Relief Agency,Government Agency,Financial Loss,False,0.9
HAZ-EAR-MOD-0594,2026-04-12 02:41:23,earthquake,moderate,Data Breach,Unsecured API,N/A,Relief Organisation,Sensitive Record Exposure,True,0.84
HAZ-STO-SEV-0595,2026-04-14 14:01:23,storm,severe,Data Breach,Stolen Credentials,N/A,Citizens,Sensitive Record Exposure,False,0.71
HAZ-CYC-EXT-0596,2026-04-12 03:18:23,cyclone,extreme,DDoS,Botnet Traffic,N/A,Relief Organisation,Delayed Response,True,0.72
HAZ-STO-EXT-0597,2026-04-12 23:20:23,storm,extreme,Fraud,Phone Call,Relief Support Officer,Government Agency,Identity Theft,True,0.84
HAZ-BUS-EXT-0598,2026-04-10 11:54:23,bushfire,extreme,DDoS,Botnet Traffic,N/A,Healthcare Organisation,Delayed Response,False,0.97
HAZ-CYC-EXT-0599,2026-04-11 19:42:23,cyclone,extreme,Phishing,SMS,Emergency Services,Emergency Services,Credential Theft,True,0.74
HAZ-FLO-SEV-0600,2026-04-15 22:42:23,flood,severe,Data Breach,Stolen Credentials,N/A,Government Agency,Personal Data Leak,True,0.91
HAZ-STO-MOD-0601,2026-04-11 04:08:23,storm,moderate,API Abuse,Scripted Requests,N/A,Healthcare Organisation,Record Manipulation,False,0.74
HAZ-HEA-SEV-0602,2026-04-15 09:22:23,heatwave,severe,Emergency Alert Compromise,System Exploit,Official Warning Service,Healthcare Organisation,Mass Panic Triggered,True,0.81
HAZ-STO-MOD-0603,2026-04-15 14:45:23,storm,moderate,Misinformation,Social Media Post,Fake Government Account,Government Agency,False Evacuation,False,0.84
HAZ-HEA-MOD-0604,2026-04-13 18:53:23,heatwave,moderate,Fraud,Social Media,Fake Charity,Government Agency,Fake Payment,True,0.91
HAZ-FLO-MOD-0605,2026-04-14 04:02:23,flood,moderate,Data Breach,Stolen Credentials,N/A,Citizens,Sensitive Record Exposure,True,0.85
HAZ-CYC-MOD-0606,2026-04-10 11:08:23,cyclone,moderate,Fraud,Social Media,Repair Contractor,Emergency Services,False Claim Submission,False,0.72
HAZ-FLO-EXT-0607,2026-04-10 02:53:23,flood,extreme,Fraud,Fake Portal,Relief Support Officer,Healthcare Organisation,Fake Payment,True,0.91
HAZ-HEA-SEV-0608,2026-04-14 20:05:23,heatwave,severe,Fraud,Phone Call,Fake Charity,Critical Infrastructure,Identity Theft,False,0.82
HAZ-BUS-EXT-0609,2026-04-11 12:39:23,bushfire,extreme,DDoS,Botnet Traffic,N/A,Government Agency,Service Unavailable,True,0.89
HAZ-STO-EXT-0610,2026-04-12 11:45:23,storm,extreme,DDoS,Botnet Traffic,N/A,Citizens,Service Unavailable,False,0.91
HAZ-EAR-MOD-0611,2026-04-16 15:54:23,earthquake,moderate,Emergency Alert Compromise,Stolen Credentials,Official Warning Service,Government Agency,False Warning Sent,False,0.84
HAZ-BUS-MOD-0612,2026-04-16 03:58:23,bushfire,moderate,API Abuse,Token Misuse,N/A,Government Agency,Record Manipulation,True,0.7
HAZ-FLO-MOD-0613,2026-04-15 07:07:23,flood,moderate,Phishing,Fake Website,Emergency Services,Relief Organisation,Malware Download,False,0.82
HAZ-STO-SEV-0614,2026-04-12 21:50:23,storm,severe,Misinformation,Social Media Post,Unofficial News Page,Citizens,Trust Erosion,False,0.78
HAZ-STO-EXT-0615,2026-04-15 21:00:23,storm,extreme,Fraud,Fake Portal,Fake Charity,Citizens,False Claim Submission,True,0.82
HAZ-HEA-MOD-0616,2026-04-14 08:50:23,heatwave,moderate,Fraud,Social Media,Relief Support Officer,Critical Infrastructure,False Claim Submission,False,0.78
HAZ-BUS-MOD-0617,2026-04-13 22:21:23,bushfire,moderate,Misinformation,Social Media Post,Unofficial News Page,Emergency Services,False Evacuation,False,0.75
HAZ-HEA-SEV-0618,2026-04-10 09:43:23,heatwave,severe,Phishing,SMS,Insurance Provider,Healthcare Organisation,Malware Download,False,0.8
HAZ-STO-MOD-0619,2026-04-16 09:42:23,storm,moderate,Fraud,Fake Portal,Fake Charity,Citizens,Fake Payment,False,0.75
HAZ-HEA-SEV-0620,2026-04-16 20:58:23,heatwave,severe,Fraud,Social Media,Relief Support Officer,Relief Organisation,Identity Theft,False,0.79
HAZ-EAR-SEV-0621,2026-04-11 07:58:23,earthquake,severe,Data Breach,Stolen Credentials,N/A,Healthcare Organisation,Personal Data Leak,False,0.9
HAZ-FLO-SEV-0622,2026-04-15 22:55:23,flood,severe,Fraud,Social Media,Fake Charity,Healthcare Organisation,Fake Payment,False,0.89
HAZ-CYC-SEV-0623,2026-04-13 12:12:23,cyclone,severe,Phishing,SMS,Charity Organisation,Healthcare Organisation,Financial Loss,False,0.95
HAZ-STO-SEV-0624,2026-04-12 05:40:23,storm,severe,Phishing,SMS,Government Relief Agency,Emergency Services,Malware Download,True,0.93
HAZ-HEA-SEV-0625,2026-04-12 22:18:23,heatwave,severe,Phishing,Fake Website,Emergency Services,Relief Organisation,Financial Loss,False,0.72
HAZ-HEA-SEV-0626,2026-04-16 17:33:23,heatwave,severe,Phishing,Fake Website,Government Relief Agency,Healthcare Organisation,Malware Download,True,0.76
HAZ-STO-EXT-0627,2026-04-15 22:50:23,storm,extreme,Phishing,Email,Government Relief Agency,Relief Organisation,Credential Theft,False,0.72
HAZ-HEA-MOD-0628,2026-04-10 17:12:23,heatwave,moderate,Fraud,Fake Portal,Fake Charity,Critical Infrastructure,False Claim Submission,True,0.9
HAZ-EAR-EXT-0629,2026-04-16 01:40:23,earthquake,extreme,API Abuse,Token Misuse,N/A,Citizens,Record Manipulation,False,0.76
HAZ-STO-MOD-0630,2026-04-11 03:51:23,storm,moderate,DDoS,Botnet Traffic,N/A,Government Agency,Delayed Response,True,0.9
HAZ-HEA-SEV-0631,2026-04-11 20:37:23,heatwave,severe,Phishing,Email,Charity Organisation,Government Agency,Financial Loss,True,0.95
HAZ-HEA-SEV-0632,2026-04-13 21:27:23,heatwave,severe,DDoS,Botnet Traffic,N/A,Citizens,Delayed Response,False,0.71
HAZ-EAR-MOD-0633,2026-04-11 01:44:23,earthquake,moderate,Misinformation,Deepfake Video,Unofficial News Page,Healthcare Organisation,Public Confusion,False,0.74
HAZ-FLO-EXT-0634,2026-04-11 10:55:23,flood,extreme,Misinformation,Deepfake Video,Fake Government Account,Government Agency,False Evacuation,False,0.77
HAZ-STO-SEV-0635,2026-04-16 08:26:23,storm,severe,Fraud,Fake Portal,Repair Contractor,Emergency Services,False Claim Submission,True,0.72
HAZ-HEA-EXT-0636,2026-04-11 09:59:23,heatwave,extreme,Data Breach,Unsecured API,N/A,Healthcare Organisation,Personal Data Leak,True,0.85
HAZ-BUS-MOD-0637,2026-04-11 11:36:23,bushfire,moderate,Misinformation,Social Media Post,Fake Government Account,Emergency Services,Public Confusion,False,0.95
HAZ-STO-SEV-0638,2026-04-12 22:03:23,storm,severe,Emergency Alert Compromise,Stolen Credentials,Official Warning Service,Citizens,False Warning Sent,True,0.87
HAZ-CYC-SEV-0639,2026-04-12 11:21:23,cyclone,severe,DDoS,Botnet Traffic,N/A,Citizens,Service Unavailable,False,0.88
HAZ-STO-MOD-0640,2026-04-13 01:22:23,storm,moderate,Data Breach,Stolen Credentials,N/A,Critical Infrastructure,Sensitive Record Exposure,False,0.84
HAZ-FLO-MOD-0641,2026-04-16 20:57:23,flood,moderate,Misinformation,Social Media Post,Unofficial News Page,Citizens,Trust Erosion,True,0.72
HAZ-STO-EXT-0642,2026-04-13 16:14:23,storm,extreme,Data Breach,Stolen Credentials,N/A,Healthcare Organisation,Personal Data Leak,False,0.77
HAZ-HEA-SEV-0643,2026-04-11 20:58:23,heatwave,severe,Misinformation,Social Media Post,Unofficial News Page,Critical Infrastructure,Public Confusion,True,0.77
HAZ-BUS-EXT-0644,2026-04-12 03:16:23,bushfire,extreme,Misinformation,Deepfake Video,Anonymous Social Media Account,Healthcare Organisation,False Evacuation,True,0.81
HAZ-BUS-SEV-0645,2026-04-15 09:58:23,bushfire,severe,Fraud,Social Media,Fake Charity,Government Agency,False Claim Submission,True,0.81
HAZ-BUS-MOD-0646,2026-04-11 05:41:23,bushfire,moderate,Fraud,Phone Call,Relief Support Officer,Critical Infrastructure,Identity Theft,False,0.93
HAZ-FLO-SEV-0647,2026-04-12 06:41:23,flood,severe,Misinformation,Deepfake Video,Unofficial News Page,Citizens,Public Confusion,True,0.77
HAZ-FLO-EXT-0648,2026-04-16 03:15:23,flood,extreme,Data Breach,Stolen Credentials,N/A,Critical Infrastructure,Personal Data Leak,True,0.71
HAZ-STO-EXT-0649,2026-04-15 19:48:23,storm,extreme,API Abuse,Token Misuse,N/A,Relief Organisation,Record Manipulation,True,0.73
HAZ-CYC-MOD-0650,2026-04-13 04:52:23,cyclone,moderate,Ransomware,Malicious Attachment,N/A,Emergency Services,Service Disruption,True,0.82
HAZ-HEA-MOD-0651,2026-04-10 08:19:23,heatwave,moderate,Phishing,Fake Website,Charity Organisation,Relief Organisation,Financial Loss,False,0.77
HAZ-STO-EXT-0652,2026-04-11 07:06:23,storm,extreme,Misinformation,Social Media Post,Unofficial News Page,Government Agency,False Evacuation,True,0.78
HAZ-EAR-EXT-0653,2026-04-14 02:41:23,earthquake,extreme,DDoS,Botnet Traffic,N/A,Healthcare Organisation,Service Unavailable,True,0.92
HAZ-STO-EXT-0654,2026-04-14 04:05:23,storm,extreme,Ransomware,Credential Theft,N/A,Healthcare Organisation,System Encryption,False,0.81
HAZ-BUS-EXT-0655,2026-04-14 02:35:23,bushfire,extreme,Ransomware,Malicious Attachment,N/A,Government Agency,Service Disruption,True,0.91
HAZ-CYC-EXT-0656,2026-04-13 13:31:23,cyclone,extreme,Fraud,Fake Portal,Relief Support Officer,Emergency Services,False Claim Submission,True,0.82
HAZ-BUS-EXT-0657,2026-04-15 22:29:23,bushfire,extreme,Data Breach,Unsecured API,N/A,Healthcare Organisation,Personal Data Leak,True,0.91
HAZ-EAR-MOD-0658,2026-04-16 07:06:23,earthquake,moderate,Emergency Alert Compromise,Stolen Credentials,Official Warning Service,Citizens,Mass Panic Triggered,True,0.84
HAZ-BUS-SEV-0659,2026-04-11 14:13:23,bushfire,severe,Phishing,Email,Emergency Services,Citizens,Financial Loss,False,0.9
HAZ-FLO-EXT-0660,2026-04-13 16:29:23,flood,extreme,Data Breach,Stolen Credentials,N/A,Healthcare Organisation,Sensitive Record Exposure,True,0.74
HAZ-STO-SEV-0661,2026-04-14 03:57:23,storm,severe,Phishing,SMS,Charity Organisation,Citizens,Financial Loss,False,0.71
HAZ-BUS-SEV-0662,2026-04-13 16:08:23,bushfire,severe,Data Breach,Stolen Credentials,N/A,Relief Organisation,Personal Data Leak,True,0.93
HAZ-CYC-SEV-0663,2026-04-10 05:43:23,cyclone,severe,Data Breach,Unsecured API,N/A,Emergency Services,Personal Data Leak,False,0.94
HAZ-HEA-EXT-0664,2026-04-12 03:38:23,heatwave,extreme,Phishing,SMS,Insurance Provider,Government Agency,Malware Download,False,0.72
HAZ-FLO-EXT-0665,2026-04-11 11:06:23,flood,extreme,Phishing,SMS,Government Relief Agency,Critical Infrastructure,Malware Download,False,0.72
HAZ-STO-SEV-0666,2026-04-10 18:19:23,storm,severe,DDoS,Botnet Traffic,N/A,Citizens,Service Unavailable,True,0.7
HAZ-STO-MOD-0667,2026-04-14 13:52:23,storm,moderate,Phishing,Email,Insurance Provider,Citizens,Financial Loss,False,0.97
HAZ-BUS-EXT-0668,2026-04-16 13:36:23,bushfire,extreme,DDoS,Botnet Traffic,N/A,Critical Infrastructure,Delayed Response,True,0.8
HAZ-CYC-MOD-0669,2026-04-16 12:01:23,cyclone,moderate,Fraud,Fake Portal,Relief Support Officer,Government Agency,Fake Payment,True,0.92
HAZ-BUS-MOD-0670,2026-04-15 03:15:23,bushfire,moderate,Fraud,Phone Call,Repair Contractor,Emergency Services,Identity Theft,False,0.92
HAZ-STO-MOD-0671,2026-04-16 14:11:23,storm,moderate,Ransomware,Credential Theft,N/A,Critical Infrastructure,Service Disruption,False,0.77
HAZ-CYC-SEV-0672,2026-04-11 11:47:23,cyclone,severe,Fraud,Social Media,Relief Support Officer,Citizens,Fake Payment,False,0.85
HAZ-BUS-MOD-0673,2026-04-12 06:10:23,bushfire,moderate,Fraud,Phone Call,Repair Contractor,Government Agency,Identity Theft,False,0.78
HAZ-CYC-SEV-0674,2026-04-10 10:01:23,cyclone,severe,Data Breach,Unsecured API,N/A,Critical Infrastructure,Personal Data Leak,True,0.88
HAZ-HEA-MOD-0675,2026-04-16 19:56:23,heatwave,moderate,Misinformation,Deepfake Video,Unofficial News Page,Critical Infrastructure,Public Confusion,False,0.79
HAZ-HEA-MOD-0676,2026-04-16 04:58:23,heatwave,moderate,Data Breach,Unsecured API,N/A,Citizens,Personal Data Leak,False,0.84
HAZ-FLO-MOD-0677,2026-04-12 18:02:23,flood,moderate,Ransomware,Malicious Attachment,N/A,Citizens,Service Disruption,False,0.99
HAZ-EAR-SEV-0678,2026-04-09 23:29:23,earthquake,severe,Fraud,Phone Call,Fake Charity,Critical Infrastructure,Identity Theft,False,0.74
HAZ-CYC-EXT-0679,2026-04-16 06:46:23,cyclone,extreme,DDoS,Botnet Traffic,N/A,Government Agency,Delayed Response,True,0.89
HAZ-BUS-SEV-0680,2026-04-15 10:18:23,bushfire,severe,Phishing,Email,Insurance Provider,Critical Infrastructure,Malware Download,False,0.87
HAZ-STO-EXT-0681,2026-04-11 00:27:23,storm,extreme,Phishing,Fake Website,Government Relief Agency,Critical Infrastructure,Financial Loss,False,0.99
HAZ-STO-EXT-0682,2026-04-12 04:31:23,storm,extreme,Ransomware,Malicious Attachment,N/A,Healthcare Organisation,System Encryption,True,0.75
HAZ-HEA-SEV-0683,2026-04-16 15:12:23,heatwave,severe,Phishing,Email,Emergency Services,Government Agency,Financial Loss,True,0.86
HAZ-EAR-SEV-0684,2026-04-14 02:14:23,earthquake,severe,Ransomware,Malicious Attachment,N/A,Healthcare Organisation,Service Disruption,False,0.88
HAZ-BUS-EXT-0685,2026-04-14 17:34:23,bushfire,extreme,Misinformation,Deepfake Video,Fake Government Account,Citizens,Trust Erosion,True,0.71
HAZ-HEA-EXT-0686,2026-04-10 08:40:23,heatwave,extreme,Ransomware,Malicious Attachment,N/A,Critical Infrastructure,Service Disruption,False,0.85
HAZ-CYC-SEV-0687,2026-04-16 11:28:23,cyclone,severe,Fraud,Social Media,Repair Contractor,Citizens,False Claim Submission,False,0.98
HAZ-FLO-SEV-0688,2026-04-15 15:23:23,flood,severe,Phishing,Fake Website,Government Relief Agency,Healthcare Organisation,Malware Download,True,0.77
HAZ-FLO-MOD-0689,2026-04-13 13:02:23,flood,moderate,Fraud,Phone Call,Repair Contractor,Healthcare Organisation,Fake Payment,True,0.93
HAZ-STO-EXT-0690,2026-04-16 06:45:23,storm,extreme,Data Breach,Stolen Credentials,N/A,Citizens,Personal Data Leak,True,0.98
HAZ-BUS-MOD-0691,2026-04-15 13:19:23,bushfire,moderate,Data Breach,Stolen Credentials,N/A,Emergency Services,Sensitive Record Exposure,True,0.71
HAZ-CYC-SEV-0692,2026-04-10 07:48:23,cyclone,severe,Fraud,Phone Call,Relief Support Officer,Critical Infrastructure,Identity Theft,True,0.82
HAZ-CYC-EXT-0693,2026-04-14 08:30:23,cyclone,extreme,Misinformation,Social Media Post,Unofficial News Page,Citizens,False Evacuation,False,0.85
HAZ-CYC-MOD-0694,2026-04-13 03:02:23,cyclone,moderate,Ransomware,Malicious Attachment,N/A,Citizens,Data Exposure,True,0.83
HAZ-STO-MOD-0695,2026-04-11 04:06:23,storm,moderate,Fraud,Fake Portal,Relief Support Officer,Critical Infrastructure,Fake Payment,False,0.8
HAZ-CYC-EXT-0696,2026-04-16 07:54:23,cyclone,extreme,Emergency Alert Compromise,Stolen Credentials,Official Warning Service,Emergency Services,False Warning Sent,True,0.87
HAZ-BUS-SEV-0697,2026-04-12 00:18:23,bushfire,severe,Phishing,Email,Insurance Provider,Relief Organisation,Credential Theft,True,0.88
HAZ-EAR-MOD-0698,2026-04-14 14:07:23,earthquake,moderate,Misinformation,Deepfake Video,Anonymous Social Media Account,Healthcare Organisation,Trust Erosion,False,0.95
HAZ-EAR-MOD-0699,2026-04-13 04:19:23,earthquake,moderate,Fraud,Fake Portal,Relief Support Officer,Emergency Services,Identity Theft,False,0.91
HAZ-HEA-SEV-0700,2026-04-11 16:00:23,heatwave,severe,Ransomware,Credential Theft,N/A,Emergency Services,Data Exposure,True,0.82
HAZ-CYC-SEV-0701,2026-04-15 05:43:23,cyclone,severe,DDoS,Botnet Traffic,N/A,Government Agency,Service Unavailable,True,0.75
HAZ-EAR-EXT-0702,2026-04-11 20:56:23,earthquake,extreme,Emergency Alert Compromise,System Exploit,Official Warning Service,Government Agency,Mass Panic Triggered,False,0.77
HAZ-STO-EXT-0703,2026-04-16 14:06:23,storm,extreme,Ransomware,Malicious Attachment,N/A,Healthcare Organisation,Data Exposure,True,0.84
HAZ-HEA-SEV-0704,2026-04-15 15:42:23,heatwave,severe,Phishing,Email,Government Relief Agency,Emergency Services,Credential Theft,False,0.89
HAZ-STO-MOD-0705,2026-04-12 10:00:23,storm,moderate,Phishing,Fake Website,Charity Organisation,Citizens,Credential Theft,False,0.87
HAZ-FLO-MOD-0706,2026-04-11 08:14:23,flood,moderate,DDoS,Botnet Traffic,N/A,Emergency Services,Service Unavailable,False,0.84
HAZ-HEA-EXT-0707,2026-04-15 19:03:23,heatwave,extreme,Data Breach,Unsecured API,N/A,Government Agency,Personal Data Leak,False,0.81
HAZ-EAR-MOD-0708,2026-04-12 23:56:23,earthquake,moderate,DDoS,Botnet Traffic,N/A,Government Agency,Delayed Response,True,0.74
HAZ-FLO-MOD-0709,2026-04-13 07:15:23,flood,moderate,Phishing,SMS,Emergency Services,Critical Infrastructure,Malware Download,True,0.91
HAZ-BUS-SEV-0710,2026-04-12 03:26:23,bushfire,severe,Phishing,Email,Insurance Provider,Critical Infrastructure,Credential Theft,True,0.76
HAZ-CYC-SEV-0711,2026-04-11 06:20:23,cyclone,severe,Ransomware,Credential Theft,N/A,Government Agency,Data Exposure,False,0.75
HAZ-HEA-EXT-0712,2026-04-13 08:05:23,heatwave,extreme,DDoS,Botnet Traffic,N/A,Healthcare Organisation,Delayed Response,False,0.82
HAZ-EAR-EXT-0713,2026-04-12 21:19:23,earthquake,extreme,DDoS,Botnet Traffic,N/A,Citizens,Service Unavailable,False,0.71
HAZ-BUS-MOD-0714,2026-04-11 11:15:23,bushfire,moderate,Ransomware,Credential Theft,N/A,Government Agency,Service Disruption,True,0.71
HAZ-EAR-SEV-0715,2026-04-10 04:41:23,earthquake,severe,Fraud,Social Media,Relief Support Officer,Government Agency,Fake Payment,True,0.72
HAZ-STO-MOD-0716,2026-04-15 11:22:23,storm,moderate,Ransomware,Credential Theft,N/A,Government Agency,Data Exposure,True,0.74
HAZ-EAR-MOD-0717,2026-04-11 16:40:23,earthquake,moderate,Emergency Alert Compromise,Stolen Credentials,Official Warning Service,Citizens,False Warning Sent,True,0.93
HAZ-CYC-SEV-0718,2026-04-12 13:13:23,cyclone,severe,Emergency Alert Compromise,System Exploit,Emergency Alert System,Relief Organisation,Mass Panic Triggered,False,0.87
HAZ-BUS-EXT-0719,2026-04-12 06:26:23,bushfire,extreme,Data Breach,Stolen Credentials,N/A,Government Agency,Sensitive Record Exposure,False,0.8
HAZ-EAR-SEV-0720,2026-04-12 17:15:23,earthquake,severe,Phishing,SMS,Insurance Provider,Critical Infrastructure,Financial Loss,True,0.99
HAZ-HEA-EXT-0721,2026-04-11 17:31:23,heatwave,extreme,Data Breach,Stolen Credentials,N/A,Emergency Services,Personal Data Leak,True,0.85
HAZ-STO-SEV-0722,2026-04-14 02:54:23,storm,severe,Data Breach,Unsecured API,N/A,Citizens,Personal Data Leak,True,0.75
HAZ-FLO-MOD-0723,2026-04-14 21:34:23,flood,moderate,Ransomware,Malicious Attachment,N/A,Relief Organisation,Data Exposure,False,0.7
HAZ-CYC-EXT-0724,2026-04-16 10:21:23,cyclone,extreme,Phishing,SMS,Government Relief Agency,Emergency Services,Financial Loss,False,0.94
HAZ-CYC-MOD-0725,2026-04-13 07:53:23,cyclone,moderate,Phishing,Fake Website,Insurance Provider,Government Agency,Financial Loss,True,0.85
HAZ-BUS-EXT-0726,2026-04-10 23:17:23,bushfire,extreme,Fraud,Social Media,Fake Charity,Healthcare Organisation,Identity Theft,False,0.79
HAZ-FLO-MOD-0727,2026-04-12 15:22:23,flood,moderate,Phishing,SMS,Emergency Services,Citizens,Malware Download,True,0.97
HAZ-EAR-SEV-0728,2026-04-12 00:30:23,earthquake,severe,Phishing,Email,Insurance Provider,Government Agency,Malware Download,False,0.72
HAZ-BUS-EXT-0729,2026-04-13 13:51:23,bushfire,extreme,Phishing,Email,Government Relief Agency,Healthcare Organisation,Financial Loss,False,0.84
HAZ-BUS-MOD-0730,2026-04-14 03:29:23,bushfire,moderate,Fraud,Fake Portal,Relief Support Officer,Citizens,Fake Payment,True,0.89
HAZ-BUS-SEV-0731,2026-04-10 02:24:23,bushfire,severe,Phishing,Fake Website,Insurance Provider,Government Agency,Credential Theft,True,0.78
HAZ-BUS-EXT-0732,2026-04-14 10:14:23,bushfire,extreme,Emergency Alert Compromise,Stolen Credentials,Official Warning Service,Citizens,Mass Panic Triggered,True,0.77
HAZ-CYC-SEV-0733,2026-04-16 14:53:23,cyclone,severe,Fraud,Social Media,Fake Charity,Government Agency,Identity Theft,True,0.79
HAZ-EAR-MOD-0734,2026-04-13 13:33:23,earthquake,moderate,Misinformation,Deepfake Video,Fake Government Account,Healthcare Organisation,Trust Erosion,False,0.74
HAZ-CYC-SEV-0735,2026-04-14 17:21:23,cyclone,severe,Fraud,Fake Portal,Fake Charity,Critical Infrastructure,Identity Theft,False,0.96
HAZ-BUS-SEV-0736,2026-04-16 01:17:23,bushfire,severe,Phishing,Fake Website,Government Relief Agency,Emergency Services,Financial Loss,True,0.89
HAZ-STO-MOD-0737,2026-04-10 03:14:23,storm,moderate,Fraud,Phone Call,Repair Contractor,Healthcare Organisation,False Claim Submission,False,0.88
HAZ-BUS-SEV-0738,2026-04-12 13:51:23,bushfire,severe,Misinformation,Deepfake Video,Unofficial News Page,Relief Organisation,False Evacuation,False,0.88
HAZ-CYC-SEV-0739,2026-04-10 00:37:23,cyclone,severe,Data Breach,Stolen Credentials,N/A,Healthcare Organisation,Personal Data Leak,False,0.96
HAZ-EAR-SEV-0740,2026-04-15 21:35:23,earthquake,severe,Fraud,Fake Portal,Repair Contractor,Emergency Services,Fake Payment,False,0.9
HAZ-STO-MOD-0741,2026-04-16 04:02:23,storm,moderate,DDoS,Botnet Traffic,N/A,Healthcare Organisation,Delayed Response,True,0.85
HAZ-EAR-EXT-0742,2026-04-10 06:08:23,earthquake,extreme,Phishing,Fake Website,Charity Organisation,Government Agency,Credential Theft,False,0.81
HAZ-CYC-EXT-0743,2026-04-13 21:09:23,cyclone,extreme,Phishing,SMS,Emergency Services,Government Agency,Credential Theft,False,0.76
HAZ-EAR-MOD-0744,2026-04-12 03:45:23,earthquake,moderate,Emergency Alert Compromise,System Exploit,Official Warning Service,Relief Organisation,False Warning Sent,False,0.73
HAZ-BUS-SEV-0745,2026-04-14 19:38:23,bushfire,severe,Fraud,Phone Call,Relief Support Officer,Citizens,Identity Theft,True,0.81
HAZ-STO-SEV-0746,2026-04-16 04:25:23,storm,severe,Misinformation,Deepfake Video,Fake Government Account,Government Agency,False Evacuation,True,0.97
HAZ-STO-SEV-0747,2026-04-15 18:04:23,storm,severe,Misinformation,Deepfake Video,Unofficial News Page,Government Agency,Public Confusion,False,0.72
HAZ-STO-SEV-0748,2026-04-11 08:43:23,storm,severe,Fraud,Social Media,Relief Support Officer,Emergency Services,Identity Theft,True,0.8
HAZ-CYC-SEV-0749,2026-04-10 23:52:23,cyclone,severe,Phishing,SMS,Charity Organisation,Healthcare Organisation,Credential Theft,False,0.77
HAZ-FLO-MOD-0750,2026-04-14 23:26:23,flood,moderate,Misinformation,Social Media Post,Fake Government Account,Relief Organisation,Public Confusion,False,0.9
HAZ-FLO-SEV-0751,2026-04-16 13:08:23,flood,severe,Fraud,Fake Portal,Fake Charity,Healthcare Organisation,Fake Payment,True,0.75
HAZ-STO-SEV-0752,2026-04-16 14:08:23,storm,severe,Data Breach,Unsecured API,N/A,Citizens,Sensitive Record Exposure,False,0.83
HAZ-CYC-EXT-0753,2026-04-16 08:37:23,cyclone,extreme,Misinformation,Social Media Post,Unofficial News Page,Healthcare Organisation,False Evacuation,True,0.98
HAZ-EAR-SEV-0754,2026-04-13 17:03:23,earthquake,severe,Data Breach,Unsecured API,N/A,Healthcare Organisation,Sensitive Record Exposure,False,0.79
HAZ-HEA-EXT-0755,2026-04-12 13:44:23,heatwave,extreme,Phishing,Email,Emergency Services,Citizens,Malware Download,False,0.71
HAZ-CYC-EXT-0756,2026-04-10 03:04:23,cyclone,extreme,Ransomware,Credential Theft,N/A,Government Agency,Data Exposure,True,0.98
HAZ-CYC-EXT-0757,2026-04-14 11:52:23,cyclone,extreme,Ransomware,Credential Theft,N/A,Citizens,System Encryption,False,0.85
HAZ-STO-SEV-0758,2026-04-12 08:04:23,storm,severe,Phishing,Fake Website,Insurance Provider,Relief Organisation,Malware Download,True,0.92
HAZ-CYC-SEV-0759,2026-04-16 20:19:23,cyclone,severe,Phishing,SMS,Insurance Provider,Government Agency,Credential Theft,False,0.8
HAZ-FLO-EXT-0760,2026-04-16 20:16:23,flood,extreme,DDoS,Botnet Traffic,N/A,Emergency Services,Delayed Response,True,0.88
HAZ-FLO-MOD-0761,2026-04-16 18:23:23,flood,moderate,API Abuse,Scripted Requests,N/A,Critical Infrastructure,Unauthorised Data Access,False,0.74
HAZ-HEA-SEV-0762,2026-04-11 14:07:23,heatwave,severe,Misinformation,Deepfake Video,Unofficial News Page,Critical Infrastructure,False Evacuation,True,0.71
HAZ-FLO-MOD-0763,2026-04-13 03:04:23,flood,moderate,Ransomware,Malicious Attachment,N/A,Government Agency,Service Disruption,False,0.72
HAZ-CYC-EXT-0764,2026-04-12 12:22:23,cyclone,extreme,Phishing,SMS,Emergency Services,Emergency Services,Malware Download,True,0.98
HAZ-CYC-SEV-0765,2026-04-16 11:14:23,cyclone,severe,Phishing,SMS,Emergency Services,Relief Organisation,Financial Loss,True,0.75
HAZ-STO-SEV-0766,2026-04-15 08:17:23,storm,severe,API Abuse,Token Misuse,N/A,Emergency Services,Record Manipulation,True,0.9
HAZ-FLO-EXT-0767,2026-04-10 05:07:23,flood,extreme,Data Breach,Unsecured API,N/A,Emergency Services,Sensitive Record Exposure,True,0.76
HAZ-BUS-SEV-0768,2026-04-12 11:58:23,bushfire,severe,Phishing,SMS,Government Relief Agency,Emergency Services,Financial Loss,False,0.84
HAZ-CYC-SEV-0769,2026-04-13 21:54:23,cyclone,severe,Phishing,Fake Website,Government Relief Agency,Emergency Services,Malware Download,False,0.98
HAZ-FLO-MOD-0770,2026-04-12 22:56:23,flood,moderate,Ransomware,Credential Theft,N/A,Healthcare Organisation,System Encryption,True,0.84
HAZ-STO-MOD-0771,2026-04-14 06:20:23,storm,moderate,API Abuse,Token Misuse,N/A,Citizens,Unauthorised Data Access,False,0.92
HAZ-FLO-SEV-0772,2026-04-13 12:36:23,flood,severe,Misinformation,Social Media Post,Unofficial News Page,Emergency Services,Public Confusion,False,0.76
HAZ-BUS-MOD-0773,2026-04-15 13:51:23,bushfire,moderate,API Abuse,Scripted Requests,N/A,Citizens,Record Manipulation,True,0.71
HAZ-BUS-EXT-0774,2026-04-16 06:38:23,bushfire,extreme,Phishing,SMS,Insurance Provider,Citizens,Financial Loss,False,0.88
HAZ-STO-MOD-0775,2026-04-15 11:23:23,storm,moderate,Data Breach,Stolen Credentials,N/A,Emergency Services,Personal Data Leak,True,0.97
HAZ-BUS-MOD-0776,2026-04-12 01:03:23,bushfire,moderate,Phishing,Fake Website,Charity Organisation,Citizens,Malware Download,True,0.74
HAZ-BUS-EXT-0777,2026-04-14 18:42:23,bushfire,extreme,Phishing,Fake Website,Emergency Services,Healthcare Organisation,Financial Loss,True,0.92
HAZ-HEA-MOD-0778,2026-04-14 18:05:23,heatwave,moderate,Data Breach,Stolen Credentials,N/A,Healthcare Organisation,Sensitive Record Exposure,True,0.75
HAZ-EAR-MOD-0779,2026-04-16 22:18:23,earthquake,moderate,Misinformation,Social Media Post,Anonymous Social Media Account,Relief Organisation,Public Confusion,True,0.95
HAZ-STO-MOD-0780,2026-04-16 19:13:23,storm,moderate,Data Breach,Stolen Credentials,N/A,Emergency Services,Personal Data Leak,True,0.99
HAZ-FLO-SEV-0781,2026-04-12 16:16:23,flood,severe,Misinformation,Social Media Post,Fake Government Account,Relief Organisation,False Evacuation,False,0.74
HAZ-BUS-MOD-0782,2026-04-10 22:00:23,bushfire,moderate,Data Breach,Unsecured API,N/A,Government Agency,Personal Data Leak,True,0.72
HAZ-HEA-EXT-0783,2026-04-15 16:09:23,heatwave,extreme,Emergency Alert Compromise,Stolen Credentials,Emergency Alert System,Healthcare Organisation,False Warning Sent,True,0.91
HAZ-STO-EXT-0784,2026-04-10 18:09:23,storm,extreme,Misinformation,Social Media Post,Unofficial News Page,Healthcare Organisation,Public Confusion,True,0.84
HAZ-HEA-EXT-0785,2026-04-11 21:47:23,heatwave,extreme,Fraud,Social Media,Relief Support Officer,Citizens,Identity Theft,True,0.78
HAZ-HEA-SEV-0786,2026-04-10 00:57:23,heatwave,severe,DDoS,Botnet Traffic,N/A,Citizens,Delayed Response,False,0.83
HAZ-STO-EXT-0787,2026-04-14 11:40:23,storm,extreme,Phishing,Email,Charity Organisation,Critical Infrastructure,Financial Loss,False,0.8
HAZ-FLO-MOD-0788,2026-04-16 19:20:23,flood,moderate,Ransomware,Credential Theft,N/A,Critical Infrastructure,Data Exposure,False,0.8
HAZ-EAR-EXT-0789,2026-04-12 04:08:23,earthquake,extreme,Fraud,Social Media,Relief Support Officer,Critical Infrastructure,Fake Payment,True,0.75
HAZ-EAR-SEV-0790,2026-04-12 16:54:23,earthquake,severe,Data Breach,Stolen Credentials,N/A,Relief Organisation,Personal Data Leak,False,0.88
HAZ-EAR-SEV-0791,2026-04-14 11:32:23,earthquake,severe,API Abuse,Scripted Requests,N/A,Citizens,Unauthorised Data Access,True,0.98
HAZ-STO-MOD-0792,2026-04-13 08:33:23,storm,moderate,DDoS,Botnet Traffic,N/A,Government Agency,Service Unavailable,False,0.88
HAZ-STO-MOD-0793,2026-04-11 09:27:23,storm,moderate,Phishing,SMS,Emergency Services,Relief Organisation,Financial Loss,True,0.94
HAZ-BUS-SEV-0794,2026-04-15 21:50:23,bushfire,severe,Fraud,Social Media,Repair Contractor,Citizens,Fake Payment,False,0.81
HAZ-STO-EXT-0795,2026-04-16 14:05:23,storm,extreme,Emergency Alert Compromise,Stolen Credentials,Emergency Alert System,Healthcare Organisation,False Warning Sent,False,0.91
HAZ-HEA-SEV-0796,2026-04-10 18:02:23,heatwave,severe,Phishing,SMS,Emergency Services,Emergency Services,Malware Download,False,0.92
HAZ-STO-MOD-0797,2026-04-12 09:31:23,storm,moderate,Ransomware,Malicious Attachment,N/A,Government Agency,Data Exposure,False,0.73
HAZ-BUS-SEV-0798,2026-04-13 05:00:23,bushfire,severe,Fraud,Fake Portal,Repair Contractor,Citizens,False Claim Submission,False,0.9
HAZ-CYC-EXT-0799,2026-04-10 09:23:23,cyclone,extreme,Ransomware,Credential Theft,N/A,Critical Infrastructure,System Encryption,False,0.83
HAZ-FLO-MOD-0800,2026-04-15 14:34:23,flood,moderate,Fraud,Fake Portal,Fake Charity,Healthcare Organisation,Fake Payment,True,0.89
