hazard_event_id,timestamp,event_type,severity_level,threat_type,attack_vector,impersonation,target,outcome,success,confidence_score,threat_stream,source_dataset,source_record_id,parent_hazard_event_id
HAZ-EAR-EXT-0001,2026-04-14 20:30:23,earthquake,extreme,Phishing,Email,Government Relief Agency,Healthcare Organisation,Malware Download,False,0.8,cyber,cyber_network_threat_dataset,HAZ-EAR-EXT-0001,HZ_00004
HAZ-CYC-MOD-0002,2026-04-11 22:14:23,cyclone,moderate,Misinformation,Social Media Post,Unofficial News Page,Relief Organisation,Trust Erosion,False,0.87,cyber,cyber_network_threat_dataset,HAZ-CYC-MOD-0002,HZ_00140
HAZ-BUS-SEV-0003,2026-04-12 07:18:23,bushfire,severe,API Abuse,Scripted Requests,,Healthcare Organisation,Unauthorised Data Access,False,0.8,cyber,cyber_network_threat_dataset,HAZ-BUS-SEV-0003,HZ_00008
HAZ-CYC-SEV-0004,2026-04-16 19:17:23,cyclone,severe,Fraud,Social Media,Fake Charity,Government Agency,Fake Payment,False,0.76,cyber,cyber_network_threat_dataset,HAZ-CYC-SEV-0004,HZ_00132
HAZ-BUS-SEV-0005,2026-04-12 00:10:23,bushfire,severe,Emergency Alert Compromise,Stolen Credentials,Emergency Alert System,Healthcare Organisation,Mass Panic Triggered,True,0.75,cyber,cyber_network_threat_dataset,HAZ-BUS-SEV-0005,HZ_00010
HAZ-STO-SEV-0006,2026-04-12 05:57:23,storm,severe,Misinformation,Social Media Post,Unofficial News Page,Citizens,Trust Erosion,True,0.73,cyber,cyber_network_threat_dataset,HAZ-STO-SEV-0006,HZ_00011
HAZ-BUS-EXT-0007,2026-04-15 15:21:23,bushfire,extreme,Fraud,Fake Portal,Repair Contractor,Healthcare Organisation,False Claim Submission,True,0.83,cyber,cyber_network_threat_dataset,HAZ-BUS-EXT-0007,HZ_00017
HAZ-STO-MOD-0008,2026-04-14 21:08:23,storm,moderate,Data Breach,Unsecured API,,Emergency Services,Sensitive Record Exposure,True,0.75,cyber,cyber_network_threat_dataset,HAZ-STO-MOD-0008,HZ_00014
HAZ-STO-EXT-0009,2026-04-14 18:33:23,storm,extreme,Fraud,Social Media,Repair Contractor,Government Agency,Identity Theft,False,0.94,cyber,cyber_network_threat_dataset,HAZ-STO-EXT-0009,HZ_00026
HAZ-STO-MOD-0010,2026-04-10 19:28:23,storm,moderate,DDoS,Botnet Traffic,,Emergency Services,Delayed Response,True,0.79,cyber,cyber_network_threat_dataset,HAZ-STO-MOD-0010,HZ_00022
HAZ-CYC-EXT-0011,2026-04-10 04:22:23,cyclone,extreme,Fraud,Social Media,Relief Support Officer,Relief Organisation,Fake Payment,False,0.89,cyber,cyber_network_threat_dataset,HAZ-CYC-EXT-0011,HZ_00001
HAZ-STO-MOD-0012,2026-04-14 05:10:23,storm,moderate,Fraud,Social Media,Repair Contractor,Healthcare Organisation,False Claim Submission,False,0.77,cyber,cyber_network_threat_dataset,HAZ-STO-MOD-0012,HZ_00044
HAZ-STO-SEV-0013,2026-04-10 15:13:23,storm,severe,Data Breach,Unsecured API,,Citizens,Personal Data Leak,False,0.93,cyber,cyber_network_threat_dataset,HAZ-STO-SEV-0013,HZ_00012
HAZ-EAR-EXT-0014,2026-04-13 19:21:23,earthquake,extreme,DDoS,Botnet Traffic,,Emergency Services,Service Unavailable,True,0.95,cyber,cyber_network_threat_dataset,HAZ-EAR-EXT-0014,HZ_00038
HAZ-STO-MOD-0015,2026-04-12 14:10:23,storm,moderate,DDoS,Botnet Traffic,,Relief Organisation,Delayed Response,False,0.87,cyber,cyber_network_threat_dataset,HAZ-STO-MOD-0015,HZ_00056
HAZ-HEA-SEV-0016,2026-04-15 20:02:23,heatwave,severe,Misinformation,Social Media Post,Fake Government Account,Emergency Services,Trust Erosion,True,0.72,cyber,cyber_network_threat_dataset,HAZ-HEA-SEV-0016,HZ_00002
HAZ-CYC-EXT-0017,2026-04-13 06:13:23,cyclone,extreme,Fraud,Social Media,Relief Support Officer,Government Agency,Identity Theft,False,0.86,cyber,cyber_network_threat_dataset,HAZ-CYC-EXT-0017,HZ_00110
HAZ-FLO-MOD-0018,2026-04-14 16:13:23,flood,moderate,Misinformation,Social Media Post,Anonymous Social Media Account,Government Agency,Trust Erosion,True,0.74,cyber,cyber_network_threat_dataset,HAZ-FLO-MOD-0018,HZ_00006
HAZ-EAR-MOD-0019,2026-04-10 10:50:23,earthquake,moderate,Fraud,Social Media,Repair Contractor,Citizens,Fake Payment,False,0.76,cyber,cyber_network_threat_dataset,HAZ-EAR-MOD-0019,HZ_00150
HAZ-STO-EXT-0020,2026-04-10 01:07:23,storm,extreme,Misinformation,Deepfake Video,Unofficial News Page,Emergency Services,Public Confusion,False,0.92,cyber,cyber_network_threat_dataset,HAZ-STO-EXT-0020,HZ_00031
HAZ-FLO-MOD-0021,2026-04-13 03:57:23,flood,moderate,Misinformation,Social Media Post,Fake Government Account,Emergency Services,Public Confusion,True,0.84,cyber,cyber_network_threat_dataset,HAZ-FLO-MOD-0021,HZ_00024
HAZ-FLO-SEV-0022,2026-04-12 14:15:23,flood,severe,Phishing,Email,Charity Organisation,Relief Organisation,Credential Theft,True,0.92,cyber,cyber_network_threat_dataset,HAZ-FLO-SEV-0022,HZ_00016
HAZ-CYC-MOD-0023,2026-04-16 12:42:23,cyclone,moderate,Phishing,SMS,Insurance Provider,Emergency Services,Credential Theft,False,0.81,cyber,cyber_network_threat_dataset,HAZ-CYC-MOD-0023,HZ_00141
HAZ-HEA-EXT-0024,2026-04-10 14:03:23,heatwave,extreme,API Abuse,Scripted Requests,,Government Agency,Record Manipulation,True,0.93,cyber,cyber_network_threat_dataset,HAZ-HEA-EXT-0024,HZ_00073
HAZ-CYC-EXT-0025,2026-04-13 02:49:23,cyclone,extreme,Fraud,Phone Call,Fake Charity,Citizens,False Claim Submission,True,0.85,cyber,cyber_network_threat_dataset,HAZ-CYC-EXT-0025,HZ_00113
HAZ-STO-SEV-0026,2026-04-16 14:52:23,storm,severe,Fraud,Phone Call,Relief Support Officer,Government Agency,Fake Payment,False,0.84,cyber,cyber_network_threat_dataset,HAZ-STO-SEV-0026,HZ_00025
HAZ-EAR-MOD-0027,2026-04-13 14:57:23,earthquake,moderate,API Abuse,Scripted Requests,,Citizens,Unauthorised Data Access,False,0.88,cyber,cyber_network_threat_dataset,HAZ-EAR-MOD-0027,HZ_00186
HAZ-BUS-MOD-0028,2026-04-14 13:04:23,bushfire,moderate,Data Breach,Stolen Credentials,,Critical Infrastructure,Sensitive Record Exposure,True,0.88,cyber,cyber_network_threat_dataset,HAZ-BUS-MOD-0028,HZ_00009
HAZ-STO-MOD-0029,2026-04-10 14:26:23,storm,moderate,Phishing,Email,Charity Organisation,Government Agency,Malware Download,True,0.79,cyber,cyber_network_threat_dataset,HAZ-STO-MOD-0029,HZ_00058
HAZ-BUS-MOD-0030,2026-04-14 06:05:23,bushfire,moderate,DDoS,Botnet Traffic,,Emergency Services,Service Unavailable,True,0.94,cyber,cyber_network_threat_dataset,HAZ-BUS-MOD-0030,HZ_00040
HAZ-FLO-EXT-0031,2026-04-15 23:14:23,flood,extreme,DDoS,Botnet Traffic,,Government Agency,Delayed Response,True,0.98,cyber,cyber_network_threat_dataset,HAZ-FLO-EXT-0031,HZ_00003
HAZ-FLO-MOD-0032,2026-04-15 16:53:23,flood,moderate,Data Breach,Unsecured API,,Relief Organisation,Personal Data Leak,True,0.96,cyber,cyber_network_threat_dataset,HAZ-FLO-MOD-0032,HZ_00027
HAZ-FLO-MOD-0033,2026-04-12 16:20:23,flood,moderate,Phishing,Email,Insurance Provider,Critical Infrastructure,Credential Theft,True,0.83,cyber,cyber_network_threat_dataset,HAZ-FLO-MOD-0033,HZ_00041
HAZ-STO-SEV-0034,2026-04-12 07:54:23,storm,severe,Fraud,Social Media,Repair Contractor,Citizens,Fake Payment,False,0.82,cyber,cyber_network_threat_dataset,HAZ-STO-SEV-0034,HZ_00030
HAZ-BUS-EXT-0035,2026-04-13 22:58:23,bushfire,extreme,Phishing,Fake Website,Insurance Provider,Relief Organisation,Malware Download,False,0.93,cyber,cyber_network_threat_dataset,HAZ-BUS-EXT-0035,HZ_00059
HAZ-BUS-SEV-0036,2026-04-16 05:52:23,bushfire,severe,DDoS,Botnet Traffic,,Emergency Services,Delayed Response,False,0.84,cyber,cyber_network_threat_dataset,HAZ-BUS-SEV-0036,HZ_00028
HAZ-BUS-EXT-0037,2026-04-13 03:32:23,bushfire,extreme,Phishing,Fake Website,Emergency Services,Citizens,Financial Loss,True,0.73,cyber,cyber_network_threat_dataset,HAZ-BUS-EXT-0037,HZ_00096
HAZ-HEA-SEV-0038,2026-04-13 03:52:23,heatwave,severe,Fraud,Phone Call,Relief Support Officer,Healthcare Organisation,Fake Payment,True,0.9,cyber,cyber_network_threat_dataset,HAZ-HEA-SEV-0038,HZ_00043
HAZ-FLO-SEV-0039,2026-04-11 18:04:23,flood,severe,Phishing,SMS,Government Relief Agency,Government Agency,Financial Loss,True,0.89,cyber,cyber_network_threat_dataset,HAZ-FLO-SEV-0039,HZ_00019
HAZ-HEA-MOD-0040,2026-04-10 11:55:23,heatwave,moderate,DDoS,Botnet Traffic,,Government Agency,Service Unavailable,True,0.76,cyber,cyber_network_threat_dataset,HAZ-HEA-MOD-0040,HZ_00035
HAZ-FLO-MOD-0041,2026-04-12 01:19:23,flood,moderate,Emergency Alert Compromise,System Exploit,Official Warning Service,Relief Organisation,False Warning Sent,True,0.7,cyber,cyber_network_threat_dataset,HAZ-FLO-MOD-0041,HZ_00054
HAZ-EAR-EXT-0042,2026-04-13 16:53:23,earthquake,extreme,Phishing,Email,Insurance Provider,Healthcare Organisation,Malware Download,False,0.84,cyber,cyber_network_threat_dataset,HAZ-EAR-EXT-0042,HZ_00100
HAZ-STO-SEV-0043,2026-04-15 22:56:23,storm,severe,DDoS,Botnet Traffic,,Relief Organisation,Service Unavailable,False,0.88,cyber,cyber_network_threat_dataset,HAZ-STO-SEV-0043,HZ_00033
HAZ-HEA-EXT-0044,2026-04-15 17:44:23,heatwave,extreme,Misinformation,Deepfake Video,Fake Government Account,Healthcare Organisation,False Evacuation,False,0.79,cyber,cyber_network_threat_dataset,HAZ-HEA-EXT-0044,HZ_00105
HAZ-EAR-SEV-0045,2026-04-15 02:08:23,earthquake,severe,Misinformation,Social Media Post,Unofficial News Page,Citizens,Public Confusion,True,0.79,cyber,cyber_network_threat_dataset,HAZ-EAR-SEV-0045,HZ_00013
HAZ-FLO-MOD-0046,2026-04-10 18:46:23,flood,moderate,Data Breach,Stolen Credentials,,Citizens,Personal Data Leak,False,0.96,cyber,cyber_network_threat_dataset,HAZ-FLO-MOD-0046,HZ_00067
HAZ-HEA-EXT-0047,2026-04-15 06:38:23,heatwave,extreme,Misinformation,Social Media Post,Anonymous Social Media Account,Government Agency,Public Confusion,False,0.91,cyber,cyber_network_threat_dataset,HAZ-HEA-EXT-0047,HZ_00194
HAZ-BUS-SEV-0048,2026-04-15 18:17:23,bushfire,severe,Phishing,SMS,Government Relief Agency,Healthcare Organisation,Malware Download,True,0.83,cyber,cyber_network_threat_dataset,HAZ-BUS-SEV-0048,HZ_00037
HAZ-FLO-MOD-0049,2026-04-12 15:29:23,flood,moderate,Phishing,Fake Website,Emergency Services,Healthcare Organisation,Financial Loss,True,0.78,cyber,cyber_network_threat_dataset,HAZ-FLO-MOD-0049,HZ_00097
HAZ-BUS-EXT-0050,2026-04-12 06:31:23,bushfire,extreme,Ransomware,Credential Theft,,Relief Organisation,System Encryption,False,0.84,cyber,cyber_network_threat_dataset,HAZ-BUS-EXT-0050,HZ_00102
HAZ-EAR-MOD-0051,2026-04-12 03:02:23,earthquake,moderate,DDoS,Botnet Traffic,,Government Agency,Delayed Response,False,0.94,cyber,cyber_network_threat_dataset,HAZ-EAR-MOD-0051,HZ_00219
HAZ-HEA-EXT-0052,2026-04-16 12:07:23,heatwave,extreme,Phishing,Fake Website,Emergency Services,Healthcare Organisation,Financial Loss,False,0.74,cyber,cyber_network_threat_dataset,HAZ-HEA-EXT-0052,HZ_00233
HAZ-CYC-MOD-0053,2026-04-11 01:23:23,cyclone,moderate,DDoS,Botnet Traffic,,Emergency Services,Service Unavailable,False,0.79,cyber,cyber_network_threat_dataset,HAZ-CYC-MOD-0053,HZ_00160
HAZ-FLO-SEV-0054,2026-04-15 07:29:23,flood,severe,Emergency Alert Compromise,Stolen Credentials,Emergency Alert System,Critical Infrastructure,False Warning Sent,True,0.87,cyber,cyber_network_threat_dataset,HAZ-FLO-SEV-0054,HZ_00021
HAZ-HEA-EXT-0055,2026-04-15 18:57:23,heatwave,extreme,Emergency Alert Compromise,System Exploit,Official Warning Service,Relief Organisation,False Warning Sent,True,0.8,cyber,cyber_network_threat_dataset,HAZ-HEA-EXT-0055,HZ_00288
HAZ-BUS-SEV-0056,2026-04-11 13:23:23,bushfire,severe,Data Breach,Unsecured API,,Emergency Services,Personal Data Leak,True,0.83,cyber,cyber_network_threat_dataset,HAZ-BUS-SEV-0056,HZ_00039
HAZ-CYC-MOD-0057,2026-04-12 02:14:23,cyclone,moderate,Ransomware,Credential Theft,,Citizens,Data Exposure,True,0.92,cyber,cyber_network_threat_dataset,HAZ-CYC-MOD-0057,HZ_00195
HAZ-STO-SEV-0058,2026-04-12 01:48:23,storm,severe,Fraud,Social Media,Relief Support Officer,Government Agency,Fake Payment,True,0.77,cyber,cyber_network_threat_dataset,HAZ-STO-SEV-0058,HZ_00045
HAZ-CYC-MOD-0059,2026-04-14 18:51:23,cyclone,moderate,Fraud,Phone Call,Relief Support Officer,Government Agency,False Claim Submission,False,0.97,cyber,cyber_network_threat_dataset,HAZ-CYC-MOD-0059,HZ_00251
HAZ-EAR-MOD-0060,2026-04-12 20:22:23,earthquake,moderate,Emergency Alert Compromise,System Exploit,Emergency Alert System,Government Agency,False Warning Sent,False,0.8,cyber,cyber_network_threat_dataset,HAZ-EAR-MOD-0060,HZ_00419
HAZ-FLO-EXT-0061,2026-04-14 23:05:23,flood,extreme,Ransomware,Malicious Attachment,,Relief Organisation,System Encryption,True,0.89,cyber,cyber_network_threat_dataset,HAZ-FLO-EXT-0061,HZ_00005
HAZ-STO-SEV-0062,2026-04-13 11:50:23,storm,severe,Misinformation,Social Media Post,Fake Government Account,Critical Infrastructure,False Evacuation,False,0.93,cyber,cyber_network_threat_dataset,HAZ-STO-SEV-0062,HZ_00049
HAZ-STO-MOD-0063,2026-04-13 09:09:23,storm,moderate,Phishing,Fake Website,Government Relief Agency,Emergency Services,Credential Theft,False,0.72,cyber,cyber_network_threat_dataset,HAZ-STO-MOD-0063,HZ_00060
HAZ-BUS-SEV-0064,2026-04-12 10:55:23,bushfire,severe,Phishing,Fake Website,Emergency Services,Emergency Services,Credential Theft,True,0.77,cyber,cyber_network_threat_dataset,HAZ-BUS-SEV-0064,HZ_00061
HAZ-CYC-MOD-0065,2026-04-16 17:40:23,cyclone,moderate,Emergency Alert Compromise,Stolen Credentials,Official Warning Service,Critical Infrastructure,False Warning Sent,True,0.77,cyber,cyber_network_threat_dataset,HAZ-CYC-MOD-0065,HZ_00280
HAZ-HEA-EXT-0066,2026-04-14 08:11:23,heatwave,extreme,Fraud,Phone Call,Fake Charity,Citizens,False Claim Submission,True,0.71,cyber,cyber_network_threat_dataset,HAZ-HEA-EXT-0066,HZ_00306
HAZ-FLO-SEV-0067,2026-04-16 08:35:23,flood,severe,Phishing,Email,Charity Organisation,Citizens,Credential Theft,False,0.77,cyber,cyber_network_threat_dataset,HAZ-FLO-SEV-0067,HZ_00023
HAZ-BUS-SEV-0068,2026-04-13 03:01:23,bushfire,severe,API Abuse,Scripted Requests,,Citizens,Record Manipulation,False,0.76,cyber,cyber_network_threat_dataset,HAZ-BUS-SEV-0068,HZ_00063
HAZ-FLO-MOD-0069,2026-04-15 05:38:23,flood,moderate,Misinformation,Deepfake Video,Anonymous Social Media Account,Government Agency,Public Confusion,False,0.79,cyber,cyber_network_threat_dataset,HAZ-FLO-MOD-0069,HZ_00098
HAZ-CYC-EXT-0070,2026-04-10 02:39:23,cyclone,extreme,Ransomware,Malicious Attachment,,Emergency Services,Data Exposure,False,0.83,cyber,cyber_network_threat_dataset,HAZ-CYC-EXT-0070,HZ_00296
HAZ-HEA-EXT-0071,2026-04-13 10:30:23,heatwave,extreme,Data Breach,Stolen Credentials,,Relief Organisation,Personal Data Leak,False,0.98,cyber,cyber_network_threat_dataset,HAZ-HEA-EXT-0071,HZ_00310
HAZ-EAR-MOD-0072,2026-04-12 19:30:23,earthquake,moderate,Ransomware,Credential Theft,,Emergency Services,Service Disruption,False,0.74,cyber,cyber_network_threat_dataset,HAZ-EAR-MOD-0072,HZ_00547
HAZ-CYC-EXT-0073,2026-04-15 13:53:23,cyclone,extreme,Data Breach,Stolen Credentials,,Healthcare Organisation,Personal Data Leak,True,0.8,cyber,cyber_network_threat_dataset,HAZ-CYC-EXT-0073,HZ_00412
HAZ-STO-SEV-0074,2026-04-13 13:07:23,storm,severe,Misinformation,Social Media Post,Unofficial News Page,Emergency Services,Trust Erosion,False,0.71,cyber,cyber_network_threat_dataset,HAZ-STO-SEV-0074,HZ_00064
HAZ-EAR-EXT-0075,2026-04-13 09:21:23,earthquake,extreme,Ransomware,Credential Theft,,Government Agency,Service Disruption,True,0.9,cyber,cyber_network_threat_dataset,HAZ-EAR-EXT-0075,HZ_00152
HAZ-STO-EXT-0076,2026-04-13 07:20:23,storm,extreme,Emergency Alert Compromise,System Exploit,Emergency Alert System,Healthcare Organisation,Mass Panic Triggered,False,0.89,cyber,cyber_network_threat_dataset,HAZ-STO-EXT-0076,HZ_00036
HAZ-EAR-SEV-0077,2026-04-11 18:27:23,earthquake,severe,Misinformation,Social Media Post,Anonymous Social Media Account,Government Agency,Trust Erosion,False,0.75,cyber,cyber_network_threat_dataset,HAZ-EAR-SEV-0077,HZ_00086
HAZ-STO-MOD-0078,2026-04-15 09:29:23,storm,moderate,Fraud,Fake Portal,Fake Charity,Healthcare Organisation,Identity Theft,False,0.91,cyber,cyber_network_threat_dataset,HAZ-STO-MOD-0078,HZ_00062
HAZ-CYC-SEV-0079,2026-04-16 07:16:23,cyclone,severe,Fraud,Social Media,Fake Charity,Emergency Services,Identity Theft,False,0.7,cyber,cyber_network_threat_dataset,HAZ-CYC-SEV-0079,HZ_00174
HAZ-HEA-SEV-0080,2026-04-16 16:59:23,heatwave,severe,Phishing,Email,Government Relief Agency,Government Agency,Malware Download,False,0.86,cyber,cyber_network_threat_dataset,HAZ-HEA-SEV-0080,HZ_00052
HAZ-EAR-SEV-0081,2026-04-12 00:26:23,earthquake,severe,Data Breach,Unsecured API,,Healthcare Organisation,Personal Data Leak,True,0.98,cyber,cyber_network_threat_dataset,HAZ-EAR-SEV-0081,HZ_00281
HAZ-CYC-EXT-0082,2026-04-10 20:14:23,cyclone,extreme,Data Breach,Unsecured API,,Healthcare Organisation,Sensitive Record Exposure,True,0.89,cyber,cyber_network_threat_dataset,HAZ-CYC-EXT-0082,HZ_00520
HAZ-EAR-EXT-0083,2026-04-14 14:03:23,earthquake,extreme,Data Breach,Unsecured API,,Citizens,Sensitive Record Exposure,True,0.82,cyber,cyber_network_threat_dataset,HAZ-EAR-EXT-0083,HZ_00163
HAZ-CYC-SEV-0084,2026-04-12 19:42:23,cyclone,severe,Misinformation,Deepfake Video,Anonymous Social Media Account,Emergency Services,Public Confusion,True,0.7,cyber,cyber_network_threat_dataset,HAZ-CYC-SEV-0084,HZ_00333
HAZ-BUS-MOD-0085,2026-04-14 06:11:23,bushfire,moderate,Misinformation,Social Media Post,Anonymous Social Media Account,Emergency Services,False Evacuation,False,0.96,cyber,cyber_network_threat_dataset,HAZ-BUS-MOD-0085,HZ_00053
HAZ-HEA-MOD-0086,2026-04-13 03:12:23,heatwave,moderate,Misinformation,Deepfake Video,Unofficial News Page,Government Agency,Public Confusion,True,0.81,cyber,cyber_network_threat_dataset,HAZ-HEA-MOD-0086,HZ_00047
HAZ-HEA-SEV-0087,2026-04-11 20:08:23,heatwave,severe,Fraud,Social Media,Repair Contractor,Government Agency,False Claim Submission,True,0.96,cyber,cyber_network_threat_dataset,HAZ-HEA-SEV-0087,HZ_00085
HAZ-CYC-SEV-0088,2026-04-15 08:13:23,cyclone,severe,Data Breach,Unsecured API,,Citizens,Sensitive Record Exposure,True,0.81,cyber,cyber_network_threat_dataset,HAZ-CYC-SEV-0088,HZ_00530
HAZ-EAR-SEV-0089,2026-04-14 06:14:23,earthquake,severe,Emergency Alert Compromise,Stolen Credentials,Official Warning Service,Citizens,False Warning Sent,False,0.82,cyber,cyber_network_threat_dataset,HAZ-EAR-SEV-0089,HZ_00312
HAZ-FLO-MOD-0090,2026-04-15 08:02:23,flood,moderate,Misinformation,Social Media Post,Anonymous Social Media Account,Government Agency,Public Confusion,False,0.7,cyber,cyber_network_threat_dataset,HAZ-FLO-MOD-0090,HZ_00104
HAZ-FLO-SEV-0091,2026-04-14 06:39:23,flood,severe,Data Breach,Stolen Credentials,,Citizens,Personal Data Leak,False,0.8,cyber,cyber_network_threat_dataset,HAZ-FLO-SEV-0091,HZ_00029
HAZ-BUS-SEV-0092,2026-04-10 11:35:23,bushfire,severe,DDoS,Botnet Traffic,,Relief Organisation,Delayed Response,True,0.8,cyber,cyber_network_threat_dataset,HAZ-BUS-SEV-0092,HZ_00077
HAZ-STO-MOD-0093,2026-04-13 13:21:23,storm,moderate,Phishing,Email,Insurance Provider,Citizens,Malware Download,True,0.76,cyber,cyber_network_threat_dataset,HAZ-STO-MOD-0093,HZ_00066
HAZ-BUS-MOD-0094,2026-04-14 23:08:23,bushfire,moderate,Phishing,Fake Website,Emergency Services,Healthcare Organisation,Malware Download,True,0.93,cyber,cyber_network_threat_dataset,HAZ-BUS-MOD-0094,HZ_00055
HAZ-BUS-SEV-0095,2026-04-11 05:20:23,bushfire,severe,Ransomware,Credential Theft,,Citizens,System Encryption,True,0.7,cyber,cyber_network_threat_dataset,HAZ-BUS-SEV-0095,HZ_00078
HAZ-BUS-SEV-0096,2026-04-15 02:56:23,bushfire,severe,Fraud,Phone Call,Fake Charity,Government Agency,False Claim Submission,True,0.88,cyber,cyber_network_threat_dataset,HAZ-BUS-SEV-0096,HZ_00080
HAZ-EAR-EXT-0097,2026-04-11 18:48:23,earthquake,extreme,Phishing,Email,Charity Organisation,Government Agency,Malware Download,True,0.96,cyber,cyber_network_threat_dataset,HAZ-EAR-EXT-0097,HZ_00184
HAZ-FLO-MOD-0098,2026-04-11 09:55:23,flood,moderate,Fraud,Fake Portal,Fake Charity,Healthcare Organisation,Fake Payment,True,0.9,cyber,cyber_network_threat_dataset,HAZ-FLO-MOD-0098,HZ_00136
HAZ-HEA-SEV-0099,2026-04-13 17:08:23,heatwave,severe,Misinformation,Social Media Post,Fake Government Account,Critical Infrastructure,False Evacuation,False,0.9,cyber,cyber_network_threat_dataset,HAZ-HEA-SEV-0099,HZ_00091
HAZ-FLO-EXT-0100,2026-04-12 08:11:23,flood,extreme,Phishing,SMS,Emergency Services,Relief Organisation,Credential Theft,False,0.84,cyber,cyber_network_threat_dataset,HAZ-FLO-EXT-0100,HZ_00015
HAZ-STO-SEV-0101,2026-04-13 06:44:23,storm,severe,Phishing,Email,Emergency Services,Critical Infrastructure,Financial Loss,False,0.75,cyber,cyber_network_threat_dataset,HAZ-STO-SEV-0101,HZ_00084
HAZ-FLO-EXT-0102,2026-04-10 23:01:23,flood,extreme,Ransomware,Credential Theft,,Healthcare Organisation,Data Exposure,True,0.86,cyber,cyber_network_threat_dataset,HAZ-FLO-EXT-0102,HZ_00072
HAZ-BUS-MOD-0103,2026-04-13 13:24:23,bushfire,moderate,Fraud,Phone Call,Relief Support Officer,Emergency Services,Fake Payment,True,0.98,cyber,cyber_network_threat_dataset,HAZ-BUS-MOD-0103,HZ_00057
HAZ-HEA-EXT-0104,2026-04-16 02:53:23,heatwave,extreme,Emergency Alert Compromise,Stolen Credentials,Official Warning Service,Critical Infrastructure,Mass Panic Triggered,False,0.94,cyber,cyber_network_threat_dataset,HAZ-HEA-EXT-0104,HZ_00326
HAZ-CYC-EXT-0105,2026-04-12 22:49:23,cyclone,extreme,DDoS,Botnet Traffic,,Relief Organisation,Service Unavailable,False,0.95,cyber,cyber_network_threat_dataset,HAZ-CYC-EXT-0105,HZ_00598
HAZ-FLO-EXT-0106,2026-04-10 10:07:23,flood,extreme,Emergency Alert Compromise,Stolen Credentials,Official Warning Service,Relief Organisation,False Warning Sent,True,0.92,cyber,cyber_network_threat_dataset,HAZ-FLO-EXT-0106,HZ_00092
HAZ-CYC-MOD-0107,2026-04-12 15:11:23,cyclone,moderate,Phishing,Fake Website,Government Relief Agency,Government Agency,Credential Theft,False,0.86,cyber,cyber_network_threat_dataset,HAZ-CYC-MOD-0107,HZ_00291
HAZ-HEA-SEV-0108,2026-04-11 04:25:23,heatwave,severe,Phishing,Fake Website,Insurance Provider,Relief Organisation,Credential Theft,True,0.72,cyber,cyber_network_threat_dataset,HAZ-HEA-SEV-0108,HZ_00093
HAZ-FLO-MOD-0109,2026-04-15 14:29:23,flood,moderate,Phishing,Email,Insurance Provider,Relief Organisation,Malware Download,False,0.98,cyber,cyber_network_threat_dataset,HAZ-FLO-MOD-0109,HZ_00145
HAZ-HEA-MOD-0110,2026-04-14 17:52:23,heatwave,moderate,Phishing,Fake Website,Emergency Services,Relief Organisation,Credential Theft,False,0.85,cyber,cyber_network_threat_dataset,HAZ-HEA-MOD-0110,HZ_00075
HAZ-STO-SEV-0111,2026-04-13 19:59:23,storm,severe,API Abuse,Token Misuse,,Relief Organisation,Record Manipulation,False,0.89,cyber,cyber_network_threat_dataset,HAZ-STO-SEV-0111,HZ_00099
HAZ-BUS-EXT-0112,2026-04-12 00:59:23,bushfire,extreme,Misinformation,Deepfake Video,Fake Government Account,Relief Organisation,Trust Erosion,True,0.72,cyber,cyber_network_threat_dataset,HAZ-BUS-EXT-0112,HZ_00109
HAZ-HEA-SEV-0113,2026-04-15 15:51:23,heatwave,severe,Fraud,Phone Call,Relief Support Officer,Relief Organisation,Identity Theft,False,0.87,cyber,cyber_network_threat_dataset,HAZ-HEA-SEV-0113,HZ_00149
HAZ-BUS-EXT-0114,2026-04-10 09:44:23,bushfire,extreme,Ransomware,Malicious Attachment,,Citizens,System Encryption,True,0.93,cyber,cyber_network_threat_dataset,HAZ-BUS-EXT-0114,HZ_00111
HAZ-CYC-MOD-0115,2026-04-10 12:07:23,cyclone,moderate,API Abuse,Scripted Requests,,Critical Infrastructure,Unauthorised Data Access,False,0.88,cyber,cyber_network_threat_dataset,HAZ-CYC-MOD-0115,HZ_00398
HAZ-FLO-SEV-0116,2026-04-12 16:30:23,flood,severe,DDoS,Botnet Traffic,,Government Agency,Service Unavailable,False,0.86,cyber,cyber_network_threat_dataset,HAZ-FLO-SEV-0116,HZ_00034
HAZ-HEA-MOD-0117,2026-04-12 11:22:23,heatwave,moderate,DDoS,Botnet Traffic,,Critical Infrastructure,Service Unavailable,False,0.92,cyber,cyber_network_threat_dataset,HAZ-HEA-MOD-0117,HZ_00089
HAZ-STO-EXT-0118,2026-04-13 00:04:23,storm,extreme,Misinformation,Deepfake Video,Anonymous Social Media Account,Government Agency,Public Confusion,False,0.83,cyber,cyber_network_threat_dataset,HAZ-STO-EXT-0118,HZ_00046
HAZ-CYC-EXT-0119,2026-04-13 17:12:23,cyclone,extreme,Emergency Alert Compromise,Stolen Credentials,Emergency Alert System,Emergency Services,Mass Panic Triggered,False,0.81,cyber,cyber_network_threat_dataset,HAZ-CYC-EXT-0119,HZ_00739
HAZ-HEA-EXT-0120,2026-04-10 19:32:23,heatwave,extreme,Emergency Alert Compromise,System Exploit,Emergency Alert System,Citizens,Mass Panic Triggered,False,0.71,cyber,cyber_network_threat_dataset,HAZ-HEA-EXT-0120,HZ_00465
HAZ-EAR-MOD-0121,2026-04-12 20:50:23,earthquake,moderate,Fraud,Fake Portal,Fake Charity,Government Agency,Identity Theft,False,0.78,cyber,cyber_network_threat_dataset,HAZ-EAR-MOD-0121,HZ_00557
HAZ-STO-SEV-0122,2026-04-15 00:50:23,storm,severe,Phishing,Fake Website,Charity Organisation,Critical Infrastructure,Credential Theft,False,0.93,cyber,cyber_network_threat_dataset,HAZ-STO-SEV-0122,HZ_00117
HAZ-BUS-EXT-0123,2026-04-12 04:46:23,bushfire,extreme,API Abuse,Scripted Requests,,Critical Infrastructure,Unauthorised Data Access,False,0.92,cyber,cyber_network_threat_dataset,HAZ-BUS-EXT-0123,HZ_00114
HAZ-HEA-SEV-0124,2026-04-15 12:52:23,heatwave,severe,Data Breach,Unsecured API,,Critical Infrastructure,Sensitive Record Exposure,False,0.9,cyber,cyber_network_threat_dataset,HAZ-HEA-SEV-0124,HZ_00151
HAZ-STO-EXT-0125,2026-04-15 02:58:23,storm,extreme,Fraud,Social Media,Relief Support Officer,Government Agency,Identity Theft,False,0.72,cyber,cyber_network_threat_dataset,HAZ-STO-EXT-0125,HZ_00069
HAZ-STO-EXT-0126,2026-04-13 10:37:23,storm,extreme,Phishing,Email,Emergency Services,Government Agency,Financial Loss,True,0.96,cyber,cyber_network_threat_dataset,HAZ-STO-EXT-0126,HZ_00071
HAZ-EAR-SEV-0127,2026-04-10 10:47:23,earthquake,severe,Fraud,Social Media,Repair Contractor,Citizens,Fake Payment,False,0.9,cyber,cyber_network_threat_dataset,HAZ-EAR-SEV-0127,HZ_00329
HAZ-CYC-SEV-0128,2026-04-14 00:14:23,cyclone,severe,Data Breach,Stolen Credentials,,Critical Infrastructure,Sensitive Record Exposure,False,0.94,cyber,cyber_network_threat_dataset,HAZ-CYC-SEV-0128,HZ_00657
HAZ-EAR-MOD-0129,2026-04-15 21:16:23,earthquake,moderate,Phishing,SMS,Charity Organisation,Critical Infrastructure,Financial Loss,False,0.84,cyber,cyber_network_threat_dataset,HAZ-EAR-MOD-0129,HZ_00580
HAZ-STO-MOD-0130,2026-04-11 06:23:23,storm,moderate,Phishing,Fake Website,Government Relief Agency,Relief Organisation,Credential Theft,False,0.81,cyber,cyber_network_threat_dataset,HAZ-STO-MOD-0130,HZ_00068
HAZ-CYC-MOD-0131,2026-04-14 05:04:23,cyclone,moderate,Emergency Alert Compromise,System Exploit,Emergency Alert System,Emergency Services,Mass Panic Triggered,True,0.9,cyber,cyber_network_threat_dataset,HAZ-CYC-MOD-0131,HZ_00490
HAZ-FLO-EXT-0132,2026-04-15 09:55:23,flood,extreme,Misinformation,Social Media Post,Anonymous Social Media Account,Critical Infrastructure,Trust Erosion,False,0.72,cyber,cyber_network_threat_dataset,HAZ-FLO-EXT-0132,HZ_00103
HAZ-CYC-EXT-0133,2026-04-12 12:13:23,cyclone,extreme,DDoS,Botnet Traffic,,Government Agency,Delayed Response,False,0.76,cyber,cyber_network_threat_dataset,HAZ-CYC-EXT-0133,HZ_00835
HAZ-BUS-MOD-0134,2026-04-16 00:05:23,bushfire,moderate,Fraud,Social Media,Fake Charity,Government Agency,Fake Payment,True,0.94,cyber,cyber_network_threat_dataset,HAZ-BUS-MOD-0134,HZ_00081
HAZ-EAR-MOD-0135,2026-04-14 11:12:23,earthquake,moderate,Phishing,Email,Charity Organisation,Relief Organisation,Malware Download,False,0.85,cyber,cyber_network_threat_dataset,HAZ-EAR-MOD-0135,HZ_00765
HAZ-EAR-MOD-0136,2026-04-16 09:20:23,earthquake,moderate,Ransomware,Credential Theft,,Critical Infrastructure,Service Disruption,False,0.92,cyber,cyber_network_threat_dataset,HAZ-EAR-MOD-0136,HZ_00859
HAZ-BUS-EXT-0137,2026-04-12 10:08:23,bushfire,extreme,Phishing,Email,Charity Organisation,Relief Organisation,Financial Loss,False,0.89,cyber,cyber_network_threat_dataset,HAZ-BUS-EXT-0137,HZ_00130
HAZ-BUS-MOD-0138,2026-04-11 13:06:23,bushfire,moderate,Phishing,Fake Website,Insurance Provider,Government Agency,Financial Loss,False,0.84,cyber,cyber_network_threat_dataset,HAZ-BUS-MOD-0138,HZ_00088
HAZ-BUS-SEV-0139,2026-04-13 10:32:23,bushfire,severe,Data Breach,Stolen Credentials,,Relief Organisation,Sensitive Record Exposure,False,0.74,cyber,cyber_network_threat_dataset,HAZ-BUS-SEV-0139,HZ_00094
HAZ-STO-EXT-0140,2026-04-15 10:50:23,storm,extreme,Data Breach,Unsecured API,,Emergency Services,Sensitive Record Exposure,False,0.71,cyber,cyber_network_threat_dataset,HAZ-STO-EXT-0140,HZ_00108
HAZ-HEA-SEV-0141,2026-04-10 17:26:23,heatwave,severe,Data Breach,Stolen Credentials,,Citizens,Personal Data Leak,False,0.95,cyber,cyber_network_threat_dataset,HAZ-HEA-SEV-0141,HZ_00161
HAZ-CYC-EXT-0142,2026-04-14 15:41:23,cyclone,extreme,Misinformation,Social Media Post,Anonymous Social Media Account,Emergency Services,Trust Erosion,False,0.81,cyber,cyber_network_threat_dataset,HAZ-CYC-EXT-0142,HZ_00911
HAZ-BUS-MOD-0143,2026-04-10 19:28:23,bushfire,moderate,Misinformation,Deepfake Video,Anonymous Social Media Account,Emergency Services,False Evacuation,False,0.79,cyber,cyber_network_threat_dataset,HAZ-BUS-MOD-0143,HZ_00090
HAZ-BUS-SEV-0144,2026-04-12 20:49:23,bushfire,severe,Phishing,Fake Website,Charity Organisation,Government Agency,Credential Theft,False,0.82,cyber,cyber_network_threat_dataset,HAZ-BUS-SEV-0144,HZ_00101
HAZ-STO-EXT-0145,2026-04-10 02:14:23,storm,extreme,DDoS,Botnet Traffic,,Healthcare Organisation,Service Unavailable,False,0.93,cyber,cyber_network_threat_dataset,HAZ-STO-EXT-0145,HZ_00118
HAZ-EAR-MOD-0146,2026-04-12 00:49:23,earthquake,moderate,Phishing,Fake Website,Emergency Services,Emergency Services,Financial Loss,False,0.82,cyber,cyber_network_threat_dataset,HAZ-EAR-MOD-0146,HZ_00966
HAZ-FLO-MOD-0147,2026-04-10 13:20:23,flood,moderate,Ransomware,Credential Theft,,Critical Infrastructure,Data Exposure,False,0.94,cyber,cyber_network_threat_dataset,HAZ-FLO-MOD-0147,HZ_00156
HAZ-STO-SEV-0148,2026-04-10 05:41:23,storm,severe,Ransomware,Credential Theft,,Critical Infrastructure,Service Disruption,False,0.76,cyber,cyber_network_threat_dataset,HAZ-STO-SEV-0148,HZ_00119
HAZ-EAR-MOD-0149,2026-04-14 23:24:23,earthquake,moderate,Emergency Alert Compromise,System Exploit,Official Warning Service,Citizens,False Warning Sent,True,0.81,cyber,cyber_network_threat_dataset,HAZ-EAR-MOD-0149,HZ_00980
HAZ-CYC-MOD-0150,2026-04-10 19:12:23,cyclone,moderate,API Abuse,Token Misuse,,Citizens,Unauthorised Data Access,True,0.75,cyber,cyber_network_threat_dataset,HAZ-CYC-MOD-0150,HZ_00586
HAZ-HEA-MOD-0151,2026-04-11 00:38:23,heatwave,moderate,Fraud,Social Media,Repair Contractor,Critical Infrastructure,Identity Theft,True,0.76,cyber,cyber_network_threat_dataset,HAZ-HEA-MOD-0151,HZ_00122
HAZ-STO-SEV-0152,2026-04-12 17:53:23,storm,severe,Ransomware,Credential Theft,,Government Agency,Data Exposure,True,0.93,cyber,cyber_network_threat_dataset,HAZ-STO-SEV-0152,HZ_00126
HAZ-CYC-EXT-0153,2026-04-11 20:25:23,cyclone,extreme,Data Breach,Unsecured API,,Citizens,Sensitive Record Exposure,False,0.9,cyber,cyber_network_threat_dataset,HAZ-CYC-EXT-0153,HZ_00914
HAZ-HEA-SEV-0154,2026-04-11 11:43:23,heatwave,severe,Fraud,Fake Portal,Fake Charity,Healthcare Organisation,False Claim Submission,True,0.78,cyber,cyber_network_threat_dataset,HAZ-HEA-SEV-0154,HZ_00181
HAZ-FLO-MOD-0155,2026-04-14 06:43:23,flood,moderate,Emergency Alert Compromise,Stolen Credentials,Emergency Alert System,Healthcare Organisation,False Warning Sent,False,0.85,cyber,cyber_network_threat_dataset,HAZ-FLO-MOD-0155,HZ_00191
HAZ-STO-EXT-0156,2026-04-12 16:17:23,storm,extreme,Fraud,Fake Portal,Repair Contractor,Critical Infrastructure,Identity Theft,False,0.89,cyber,cyber_network_threat_dataset,HAZ-STO-EXT-0156,HZ_00142
HAZ-CYC-MOD-0157,2026-04-14 06:30:23,cyclone,moderate,Misinformation,Social Media Post,Fake Government Account,Healthcare Organisation,Public Confusion,True,0.89,cyber,cyber_network_threat_dataset,HAZ-CYC-MOD-0157,HZ_00667
HAZ-HEA-EXT-0158,2026-04-10 05:38:23,heatwave,extreme,Phishing,Fake Website,Emergency Services,Emergency Services,Malware Download,True,0.94,cyber,cyber_network_threat_dataset,HAZ-HEA-EXT-0158,HZ_00472
HAZ-STO-EXT-0159,2026-04-15 18:48:23,storm,extreme,Phishing,Fake Website,Emergency Services,Citizens,Malware Download,False,0.9,cyber,cyber_network_threat_dataset,HAZ-STO-EXT-0159,HZ_00221
HAZ-HEA-EXT-0160,2026-04-12 12:32:23,heatwave,extreme,Phishing,Fake Website,Charity Organisation,Government Agency,Malware Download,True,0.95,cyber,cyber_network_threat_dataset,HAZ-HEA-EXT-0160,HZ_00492
HAZ-EAR-MOD-0161,2026-04-13 11:11:23,earthquake,moderate,Misinformation,Deepfake Video,Fake Government Account,Citizens,Trust Erosion,False,0.85,cyber,cyber_network_threat_dataset,HAZ-EAR-MOD-0161,HZ_01116
HAZ-CYC-MOD-0162,2026-04-14 05:12:23,cyclone,moderate,Phishing,Fake Website,Insurance Provider,Government Agency,Financial Loss,False,0.96,cyber,cyber_network_threat_dataset,HAZ-CYC-MOD-0162,HZ_00768
HAZ-CYC-MOD-0163,2026-04-14 15:04:23,cyclone,moderate,Phishing,Email,Insurance Provider,Emergency Services,Financial Loss,True,0.74,cyber,cyber_network_threat_dataset,HAZ-CYC-MOD-0163,HZ_00783
HAZ-FLO-SEV-0164,2026-04-10 03:41:23,flood,severe,Emergency Alert Compromise,Stolen Credentials,Emergency Alert System,Government Agency,Mass Panic Triggered,False,0.89,cyber,cyber_network_threat_dataset,HAZ-FLO-SEV-0164,HZ_00042
HAZ-CYC-EXT-0165,2026-04-15 00:24:23,cyclone,extreme,API Abuse,Token Misuse,,Government Agency,Record Manipulation,False,0.93,cyber,cyber_network_threat_dataset,HAZ-CYC-EXT-0165,HZ_00987
HAZ-EAR-MOD-0166,2026-04-11 20:23:23,earthquake,moderate,Data Breach,Unsecured API,,Healthcare Organisation,Sensitive Record Exposure,False,0.94,cyber,cyber_network_threat_dataset,HAZ-EAR-MOD-0166,HZ_01117
HAZ-HEA-MOD-0167,2026-04-16 21:11:23,heatwave,moderate,Ransomware,Malicious Attachment,,Citizens,Service Disruption,True,0.72,cyber,cyber_network_threat_dataset,HAZ-HEA-MOD-0167,HZ_00144
HAZ-STO-EXT-0168,2026-04-11 08:40:23,storm,extreme,Data Breach,Stolen Credentials,,Healthcare Organisation,Sensitive Record Exposure,False,0.84,cyber,cyber_network_threat_dataset,HAZ-STO-EXT-0168,HZ_00226
HAZ-STO-MOD-0169,2026-04-12 15:10:23,storm,moderate,Ransomware,Malicious Attachment,,Citizens,Service Disruption,True,0.92,cyber,cyber_network_threat_dataset,HAZ-STO-MOD-0169,HZ_00079
HAZ-EAR-MOD-0170,2026-04-10 00:11:23,earthquake,moderate,Emergency Alert Compromise,Stolen Credentials,Emergency Alert System,Critical Infrastructure,Mass Panic Triggered,True,0.72,cyber,cyber_network_threat_dataset,HAZ-EAR-MOD-0170,HZ_01192
HAZ-STO-SEV-0171,2026-04-11 18:02:23,storm,severe,DDoS,Botnet Traffic,,Emergency Services,Service Unavailable,True,0.96,cyber,cyber_network_threat_dataset,HAZ-STO-SEV-0171,HZ_00133
HAZ-HEA-MOD-0172,2026-04-11 04:26:23,heatwave,moderate,Phishing,Email,Charity Organisation,Relief Organisation,Credential Theft,True,0.88,cyber,cyber_network_threat_dataset,HAZ-HEA-MOD-0172,HZ_00153
HAZ-BUS-MOD-0173,2026-04-14 05:24:23,bushfire,moderate,Misinformation,Deepfake Video,Fake Government Account,Government Agency,Trust Erosion,False,0.75,cyber,cyber_network_threat_dataset,HAZ-BUS-MOD-0173,HZ_00120
HAZ-BUS-MOD-0174,2026-04-11 20:11:23,bushfire,moderate,Fraud,Social Media,Repair Contractor,Relief Organisation,Identity Theft,False,0.96,cyber,cyber_network_threat_dataset,HAZ-BUS-MOD-0174,HZ_00143
HAZ-EAR-SEV-0175,2026-04-12 20:13:23,earthquake,severe,Ransomware,Malicious Attachment,,Healthcare Organisation,System Encryption,False,0.87,cyber,cyber_network_threat_dataset,HAZ-EAR-SEV-0175,HZ_00344
HAZ-STO-MOD-0176,2026-04-13 03:37:23,storm,moderate,Data Breach,Stolen Credentials,,Citizens,Sensitive Record Exposure,True,0.8,cyber,cyber_network_threat_dataset,HAZ-STO-MOD-0176,HZ_00087
HAZ-FLO-SEV-0177,2026-04-10 03:42:23,flood,severe,Fraud,Social Media,Fake Charity,Critical Infrastructure,Identity Theft,False,0.94,cyber,cyber_network_threat_dataset,HAZ-FLO-SEV-0177,HZ_00048
HAZ-STO-EXT-0178,2026-04-11 05:23:23,storm,extreme,Data Breach,Unsecured API,,Emergency Services,Personal Data Leak,True,0.75,cyber,cyber_network_threat_dataset,HAZ-STO-EXT-0178,HZ_00230
HAZ-FLO-EXT-0179,2026-04-14 21:12:23,flood,extreme,Ransomware,Credential Theft,,Government Agency,System Encryption,True,0.8,cyber,cyber_network_threat_dataset,HAZ-FLO-EXT-0179,HZ_00116
HAZ-STO-MOD-0180,2026-04-11 09:44:23,storm,moderate,Ransomware,Malicious Attachment,,Relief Organisation,Service Disruption,False,0.84,cyber,cyber_network_threat_dataset,HAZ-STO-MOD-0180,HZ_00095
HAZ-STO-SEV-0181,2026-04-12 00:37:23,storm,severe,Misinformation,Social Media Post,Fake Government Account,Healthcare Organisation,Public Confusion,False,0.93,cyber,cyber_network_threat_dataset,HAZ-STO-SEV-0181,HZ_00162
HAZ-CYC-EXT-0182,2026-04-09 23:23:23,cyclone,extreme,Phishing,SMS,Charity Organisation,Healthcare Organisation,Malware Download,True,0.84,cyber,cyber_network_threat_dataset,HAZ-CYC-EXT-0182,HZ_00991
HAZ-FLO-EXT-0183,2026-04-15 18:40:23,flood,extreme,Misinformation,Deepfake Video,Fake Government Account,Citizens,Trust Erosion,False,0.79,cyber,cyber_network_threat_dataset,HAZ-FLO-EXT-0183,HZ_00134
HAZ-CYC-EXT-0184,2026-04-16 01:29:23,cyclone,extreme,API Abuse,Scripted Requests,,Critical Infrastructure,Record Manipulation,False,0.86,cyber,cyber_network_threat_dataset,HAZ-CYC-EXT-0184,HZ_00994
HAZ-HEA-EXT-0185,2026-04-15 09:20:23,heatwave,extreme,Phishing,Fake Website,Government Relief Agency,Government Agency,Financial Loss,True,0.81,cyber,cyber_network_threat_dataset,HAZ-HEA-EXT-0185,HZ_00536
HAZ-HEA-EXT-0186,2026-04-15 17:02:23,heatwave,extreme,DDoS,Botnet Traffic,,Relief Organisation,Service Unavailable,True,0.88,cyber,cyber_network_threat_dataset,HAZ-HEA-EXT-0186,HZ_00592
HAZ-FLO-EXT-0187,2026-04-10 23:58:23,flood,extreme,DDoS,Botnet Traffic,,Government Agency,Service Unavailable,True,0.86,cyber,cyber_network_threat_dataset,HAZ-FLO-EXT-0187,HZ_00198
HAZ-FLO-SEV-0188,2026-04-13 19:53:23,flood,severe,API Abuse,Scripted Requests,,Citizens,Unauthorised Data Access,True,0.72,cyber,cyber_network_threat_dataset,HAZ-FLO-SEV-0188,HZ_00074
HAZ-HEA-MOD-0189,2026-04-15 18:39:23,heatwave,moderate,Phishing,SMS,Insurance Provider,Healthcare Organisation,Credential Theft,True,0.95,cyber,cyber_network_threat_dataset,HAZ-HEA-MOD-0189,HZ_00154
HAZ-FLO-MOD-0190,2026-04-11 12:24:23,flood,moderate,Phishing,Email,Charity Organisation,Government Agency,Financial Loss,False,0.85,cyber,cyber_network_threat_dataset,HAZ-FLO-MOD-0190,HZ_00208
HAZ-STO-SEV-0191,2026-04-14 18:54:23,storm,severe,Ransomware,Credential Theft,,Citizens,Service Disruption,False,0.96,cyber,cyber_network_threat_dataset,HAZ-STO-SEV-0191,HZ_00169
HAZ-CYC-SEV-0192,2026-04-11 14:19:23,cyclone,severe,Fraud,Social Media,Fake Charity,Healthcare Organisation,Fake Payment,True,0.98,cyber,cyber_network_threat_dataset,HAZ-CYC-SEV-0192,HZ_00691
HAZ-FLO-SEV-0193,2026-04-16 04:23:23,flood,severe,Misinformation,Social Media Post,Anonymous Social Media Account,Critical Infrastructure,Public Confusion,False,0.87,cyber,cyber_network_threat_dataset,HAZ-FLO-SEV-0193,HZ_00083
HAZ-HEA-EXT-0194,2026-04-12 17:11:23,heatwave,extreme,Data Breach,Stolen Credentials,,Government Agency,Personal Data Leak,False,0.75,cyber,cyber_network_threat_dataset,HAZ-HEA-EXT-0194,HZ_00630
HAZ-EAR-EXT-0195,2026-04-13 10:10:23,earthquake,extreme,Fraud,Phone Call,Relief Support Officer,Healthcare Organisation,Identity Theft,False,0.71,cyber,cyber_network_threat_dataset,HAZ-EAR-EXT-0195,HZ_00189
HAZ-EAR-EXT-0196,2026-04-14 22:02:23,earthquake,extreme,API Abuse,Scripted Requests,,Government Agency,Record Manipulation,True,0.71,cyber,cyber_network_threat_dataset,HAZ-EAR-EXT-0196,HZ_00562
HAZ-BUS-MOD-0197,2026-04-15 22:58:23,bushfire,moderate,Data Breach,Unsecured API,,Critical Infrastructure,Personal Data Leak,True,0.94,cyber,cyber_network_threat_dataset,HAZ-BUS-MOD-0197,HZ_00155
HAZ-HEA-EXT-0198,2026-04-16 17:35:23,heatwave,extreme,Emergency Alert Compromise,System Exploit,Emergency Alert System,Citizens,False Warning Sent,True,0.77,cyber,cyber_network_threat_dataset,HAZ-HEA-EXT-0198,HZ_00635
HAZ-BUS-SEV-0199,2026-04-14 13:42:23,bushfire,severe,DDoS,Botnet Traffic,,Government Agency,Delayed Response,True,0.83,cyber,cyber_network_threat_dataset,HAZ-BUS-SEV-0199,HZ_00107
HAZ-STO-MOD-0200,2026-04-10 18:33:23,storm,moderate,Data Breach,Unsecured API,,Emergency Services,Sensitive Record Exposure,True,0.84,cyber,cyber_network_threat_dataset,HAZ-STO-MOD-0200,HZ_00157
HAZ-EAR-EXT-0201,2026-04-10 07:43:23,earthquake,extreme,Misinformation,Social Media Post,Fake Government Account,Healthcare Organisation,Public Confusion,False,0.8,cyber,cyber_network_threat_dataset,HAZ-EAR-EXT-0201,HZ_00577
HAZ-FLO-SEV-0202,2026-04-12 00:38:23,flood,severe,Fraud,Social Media,Relief Support Officer,Healthcare Organisation,Fake Payment,False,0.83,cyber,cyber_network_threat_dataset,HAZ-FLO-SEV-0202,HZ_00112
HAZ-BUS-EXT-0203,2026-04-15 11:12:23,bushfire,extreme,Emergency Alert Compromise,Stolen Credentials,Emergency Alert System,Citizens,False Warning Sent,True,0.77,cyber,cyber_network_threat_dataset,HAZ-BUS-EXT-0203,HZ_00131
HAZ-BUS-SEV-0204,2026-04-15 14:06:23,bushfire,severe,API Abuse,Token Misuse,,Citizens,Record Manipulation,False,0.91,cyber,cyber_network_threat_dataset,HAZ-BUS-SEV-0204,HZ_00123
HAZ-HEA-MOD-0205,2026-04-16 11:14:23,heatwave,moderate,Phishing,Email,Insurance Provider,Emergency Services,Credential Theft,True,0.84,cyber,cyber_network_threat_dataset,HAZ-HEA-MOD-0205,HZ_00164
HAZ-BUS-MOD-0206,2026-04-15 19:12:23,bushfire,moderate,Misinformation,Social Media Post,Unofficial News Page,Critical Infrastructure,Public Confusion,True,0.83,cyber,cyber_network_threat_dataset,HAZ-BUS-MOD-0206,HZ_00158
HAZ-BUS-EXT-0207,2026-04-12 11:45:23,bushfire,extreme,Emergency Alert Compromise,System Exploit,Official Warning Service,Emergency Services,False Warning Sent,False,0.77,cyber,cyber_network_threat_dataset,HAZ-BUS-EXT-0207,HZ_00188
HAZ-STO-MOD-0208,2026-04-16 15:35:23,storm,moderate,Phishing,SMS,Emergency Services,Healthcare Organisation,Financial Loss,False,0.82,cyber,cyber_network_threat_dataset,HAZ-STO-MOD-0208,HZ_00193
HAZ-FLO-MOD-0209,2026-04-12 11:45:23,flood,moderate,Data Breach,Stolen Credentials,,Critical Infrastructure,Personal Data Leak,False,0.82,cyber,cyber_network_threat_dataset,HAZ-FLO-MOD-0209,HZ_00222
HAZ-EAR-MOD-0210,2026-04-11 05:37:23,earthquake,moderate,Misinformation,Social Media Post,Fake Government Account,Government Agency,Trust Erosion,False,0.74,cyber,cyber_network_threat_dataset,HAZ-EAR-MOD-0210,HZ_01279
HAZ-STO-SEV-0211,2026-04-12 00:29:23,storm,severe,Fraud,Fake Portal,Relief Support Officer,Citizens,Fake Payment,True,0.9,cyber,cyber_network_threat_dataset,HAZ-STO-SEV-0211,HZ_00172
HAZ-EAR-MOD-0212,2026-04-15 02:09:23,earthquake,moderate,Emergency Alert Compromise,Stolen Credentials,Official Warning Service,Citizens,False Warning Sent,False,0.81,cyber,cyber_network_threat_dataset,HAZ-EAR-MOD-0212,HZ_01336
HAZ-STO-EXT-0213,2026-04-15 20:54:23,storm,extreme,Ransomware,Credential Theft,,Government Agency,System Encryption,True,0.81,cyber,cyber_network_threat_dataset,HAZ-STO-EXT-0213,HZ_00248
HAZ-FLO-SEV-0214,2026-04-16 16:53:23,flood,severe,Data Breach,Unsecured API,,Government Agency,Personal Data Leak,False,0.9,cyber,cyber_network_threat_dataset,HAZ-FLO-SEV-0214,HZ_00121
HAZ-FLO-SEV-0215,2026-04-12 05:33:23,flood,severe,API Abuse,Scripted Requests,,Government Agency,Record Manipulation,False,0.86,cyber,cyber_network_threat_dataset,HAZ-FLO-SEV-0215,HZ_00135
HAZ-CYC-EXT-0216,2026-04-16 16:45:23,cyclone,extreme,Phishing,Fake Website,Government Relief Agency,Critical Infrastructure,Malware Download,False,0.97,cyber,cyber_network_threat_dataset,HAZ-CYC-EXT-0216,HZ_01049
HAZ-FLO-MOD-0217,2026-04-10 20:09:23,flood,moderate,Data Breach,Stolen Credentials,,Emergency Services,Personal Data Leak,False,0.76,cyber,cyber_network_threat_dataset,HAZ-FLO-MOD-0217,HZ_00245
HAZ-HEA-SEV-0218,2026-04-11 15:57:23,heatwave,severe,Fraud,Fake Portal,Fake Charity,Citizens,False Claim Submission,False,0.77,cyber,cyber_network_threat_dataset,HAZ-HEA-SEV-0218,HZ_00204
HAZ-CYC-MOD-0219,2026-04-10 14:04:23,cyclone,moderate,Ransomware,Malicious Attachment,,Government Agency,Service Disruption,False,0.85,cyber,cyber_network_threat_dataset,HAZ-CYC-MOD-0219,HZ_00892
HAZ-STO-EXT-0220,2026-04-14 11:41:23,storm,extreme,Phishing,SMS,Insurance Provider,Emergency Services,Financial Loss,False,0.94,cyber,cyber_network_threat_dataset,HAZ-STO-EXT-0220,HZ_00250
HAZ-BUS-EXT-0221,2026-04-15 19:53:23,bushfire,extreme,Misinformation,Deepfake Video,Unofficial News Page,Government Agency,Trust Erosion,True,0.98,cyber,cyber_network_threat_dataset,HAZ-BUS-EXT-0221,HZ_00214
HAZ-CYC-SEV-0222,2026-04-10 09:12:23,cyclone,severe,Ransomware,Malicious Attachment,,Relief Organisation,Data Exposure,False,0.72,cyber,cyber_network_threat_dataset,HAZ-CYC-SEV-0222,HZ_00707
HAZ-BUS-MOD-0223,2026-04-11 13:22:23,bushfire,moderate,DDoS,Botnet Traffic,,Emergency Services,Service Unavailable,False,0.7,cyber,cyber_network_threat_dataset,HAZ-BUS-MOD-0223,HZ_00234
HAZ-CYC-EXT-0224,2026-04-15 16:00:23,cyclone,extreme,Phishing,SMS,Charity Organisation,Emergency Services,Credential Theft,False,0.92,cyber,cyber_network_threat_dataset,HAZ-CYC-EXT-0224,HZ_01109
HAZ-CYC-EXT-0225,2026-04-12 04:24:23,cyclone,extreme,DDoS,Botnet Traffic,,Emergency Services,Service Unavailable,False,0.89,cyber,cyber_network_threat_dataset,HAZ-CYC-EXT-0225,HZ_01115
HAZ-EAR-SEV-0226,2026-04-13 23:20:23,earthquake,severe,Data Breach,Stolen Credentials,,Citizens,Personal Data Leak,False,0.76,cyber,cyber_network_threat_dataset,HAZ-EAR-SEV-0226,HZ_00462
HAZ-BUS-MOD-0227,2026-04-12 05:14:23,bushfire,moderate,Phishing,Fake Website,Government Relief Agency,Emergency Services,Malware Download,True,0.79,cyber,cyber_network_threat_dataset,HAZ-BUS-MOD-0227,HZ_00238
HAZ-CYC-MOD-0228,2026-04-14 17:27:23,cyclone,moderate,API Abuse,Scripted Requests,,Citizens,Record Manipulation,True,0.87,cyber,cyber_network_threat_dataset,HAZ-CYC-MOD-0228,HZ_00903
HAZ-EAR-MOD-0229,2026-04-13 00:29:23,earthquake,moderate,Phishing,Email,Emergency Services,Relief Organisation,Credential Theft,False,0.97,cyber,cyber_network_threat_dataset,HAZ-EAR-MOD-0229,HZ_01340
HAZ-CYC-SEV-0230,2026-04-14 14:09:23,cyclone,severe,DDoS,Botnet Traffic,,Government Agency,Service Unavailable,False,0.89,cyber,cyber_network_threat_dataset,HAZ-CYC-SEV-0230,HZ_00762
HAZ-FLO-MOD-0231,2026-04-16 04:22:23,flood,moderate,Phishing,SMS,Charity Organisation,Relief Organisation,Credential Theft,True,0.76,cyber,cyber_network_threat_dataset,HAZ-FLO-MOD-0231,HZ_00256
HAZ-STO-EXT-0232,2026-04-15 23:01:23,storm,extreme,Data Breach,Unsecured API,,Healthcare Organisation,Personal Data Leak,False,0.94,cyber,cyber_network_threat_dataset,HAZ-STO-EXT-0232,HZ_00252
HAZ-FLO-EXT-0233,2026-04-13 05:38:23,flood,extreme,Fraud,Fake Portal,Fake Charity,Healthcare Organisation,Fake Payment,True,0.81,cyber,cyber_network_threat_dataset,HAZ-FLO-EXT-0233,HZ_00237
HAZ-BUS-EXT-0234,2026-04-11 02:55:23,bushfire,extreme,Misinformation,Social Media Post,Fake Government Account,Relief Organisation,False Evacuation,True,0.84,cyber,cyber_network_threat_dataset,HAZ-BUS-EXT-0234,HZ_00216
HAZ-CYC-EXT-0235,2026-04-11 10:37:23,cyclone,extreme,Ransomware,Malicious Attachment,,Citizens,Data Exposure,True,0.93,cyber,cyber_network_threat_dataset,HAZ-CYC-EXT-0235,HZ_01156
HAZ-FLO-EXT-0236,2026-04-14 18:38:23,flood,extreme,DDoS,Botnet Traffic,,Healthcare Organisation,Service Unavailable,False,0.89,cyber,cyber_network_threat_dataset,HAZ-FLO-EXT-0236,HZ_00325
HAZ-EAR-MOD-0237,2026-04-12 01:13:23,earthquake,moderate,Phishing,Fake Website,Charity Organisation,Government Agency,Malware Download,True,0.82,cyber,cyber_network_threat_dataset,HAZ-EAR-MOD-0237,HZ_01354
HAZ-STO-EXT-0238,2026-04-16 00:02:23,storm,extreme,Ransomware,Malicious Attachment,,Healthcare Organisation,Service Disruption,False,0.92,cyber,cyber_network_threat_dataset,HAZ-STO-EXT-0238,HZ_00267
HAZ-FLO-EXT-0239,2026-04-14 19:54:23,flood,extreme,DDoS,Botnet Traffic,,Healthcare Organisation,Delayed Response,False,0.92,cyber,cyber_network_threat_dataset,HAZ-FLO-EXT-0239,HZ_00327
HAZ-CYC-EXT-0240,2026-04-11 02:44:23,cyclone,extreme,DDoS,Botnet Traffic,,Relief Organisation,Service Unavailable,True,0.95,cyber,cyber_network_threat_dataset,HAZ-CYC-EXT-0240,HZ_01159
HAZ-EAR-SEV-0241,2026-04-15 18:37:23,earthquake,severe,Ransomware,Credential Theft,,Citizens,Service Disruption,True,0.93,cyber,cyber_network_threat_dataset,HAZ-EAR-SEV-0241,HZ_00618
HAZ-CYC-MOD-0242,2026-04-10 01:47:23,cyclone,moderate,Phishing,Fake Website,Government Relief Agency,Government Agency,Malware Download,True,0.74,cyber,cyber_network_threat_dataset,HAZ-CYC-MOD-0242,HZ_00939
HAZ-CYC-SEV-0243,2026-04-10 21:22:23,cyclone,severe,Ransomware,Credential Theft,,Citizens,System Encryption,True,0.78,cyber,cyber_network_threat_dataset,HAZ-CYC-SEV-0243,HZ_00856
HAZ-FLO-EXT-0244,2026-04-11 18:43:23,flood,extreme,API Abuse,Scripted Requests,,Emergency Services,Unauthorised Data Access,True,0.88,cyber,cyber_network_threat_dataset,HAZ-FLO-EXT-0244,HZ_00349
HAZ-EAR-MOD-0245,2026-04-16 07:24:23,earthquake,moderate,Phishing,SMS,Government Relief Agency,Citizens,Financial Loss,False,0.96,cyber,cyber_network_threat_dataset,HAZ-EAR-MOD-0245,HZ_01361
HAZ-BUS-MOD-0246,2026-04-11 11:20:23,bushfire,moderate,API Abuse,Scripted Requests,,Emergency Services,Record Manipulation,False,0.95,cyber,cyber_network_threat_dataset,HAZ-BUS-MOD-0246,HZ_00246
HAZ-CYC-EXT-0247,2026-04-16 21:44:23,cyclone,extreme,API Abuse,Token Misuse,,Healthcare Organisation,Record Manipulation,True,0.93,cyber,cyber_network_threat_dataset,HAZ-CYC-EXT-0247,HZ_01167
HAZ-EAR-MOD-0248,2026-04-13 04:16:23,earthquake,moderate,Emergency Alert Compromise,System Exploit,Official Warning Service,Government Agency,False Warning Sent,True,0.83,cyber,cyber_network_threat_dataset,HAZ-EAR-MOD-0248,HZ_01452
HAZ-CYC-EXT-0249,2026-04-15 04:38:23,cyclone,extreme,Phishing,SMS,Insurance Provider,Healthcare Organisation,Financial Loss,False,0.81,cyber,cyber_network_threat_dataset,HAZ-CYC-EXT-0249,HZ_01177
HAZ-CYC-EXT-0250,2026-04-15 11:12:23,cyclone,extreme,Phishing,SMS,Government Relief Agency,Government Agency,Financial Loss,True,0.76,cyber,cyber_network_threat_dataset,HAZ-CYC-EXT-0250,HZ_01261
HAZ-BUS-EXT-0251,2026-04-16 09:36:23,bushfire,extreme,Phishing,Email,Insurance Provider,Emergency Services,Malware Download,False,0.86,cyber,cyber_network_threat_dataset,HAZ-BUS-EXT-0251,HZ_00218
HAZ-STO-SEV-0252,2026-04-11 17:50:23,storm,severe,Phishing,Email,Emergency Services,Critical Infrastructure,Malware Download,True,0.7,cyber,cyber_network_threat_dataset,HAZ-STO-SEV-0252,HZ_00183
HAZ-EAR-SEV-0253,2026-04-11 01:26:23,earthquake,severe,Misinformation,Social Media Post,Fake Government Account,Emergency Services,False Evacuation,False,0.95,cyber,cyber_network_threat_dataset,HAZ-EAR-SEV-0253,HZ_00730
HAZ-FLO-MOD-0254,2026-04-15 10:22:23,flood,moderate,Phishing,Fake Website,Insurance Provider,Relief Organisation,Financial Loss,True,0.9,cyber,cyber_network_threat_dataset,HAZ-FLO-MOD-0254,HZ_00258
HAZ-EAR-MOD-0255,2026-04-10 05:25:23,earthquake,moderate,Phishing,Email,Insurance Provider,Relief Organisation,Malware Download,True,0.92,cyber,cyber_network_threat_dataset,HAZ-EAR-MOD-0255,HZ_01461
HAZ-HEA-SEV-0256,2026-04-12 22:11:23,heatwave,severe,Phishing,Email,Government Relief Agency,Critical Infrastructure,Financial Loss,False,0.71,cyber,cyber_network_threat_dataset,HAZ-HEA-SEV-0256,HZ_00224
HAZ-CYC-MOD-0257,2026-04-15 06:02:23,cyclone,moderate,Phishing,Email,Charity Organisation,Critical Infrastructure,Malware Download,True,0.81,cyber,cyber_network_threat_dataset,HAZ-CYC-MOD-0257,HZ_01150
HAZ-HEA-MOD-0258,2026-04-12 01:41:23,heatwave,moderate,Fraud,Fake Portal,Fake Charity,Relief Organisation,Fake Payment,False,0.98,cyber,cyber_network_threat_dataset,HAZ-HEA-MOD-0258,HZ_00175
HAZ-FLO-EXT-0259,2026-04-11 15:55:23,flood,extreme,Fraud,Social Media,Relief Support Officer,Healthcare Organisation,Fake Payment,False,0.71,cyber,cyber_network_threat_dataset,HAZ-FLO-EXT-0259,HZ_00366
HAZ-BUS-EXT-0260,2026-04-16 13:31:23,bushfire,extreme,Misinformation,Deepfake Video,Unofficial News Page,Government Agency,False Evacuation,False,0.93,cyber,cyber_network_threat_dataset,HAZ-BUS-EXT-0260,HZ_00257
HAZ-BUS-SEV-0261,2026-04-15 08:18:23,bushfire,severe,Phishing,Email,Government Relief Agency,Emergency Services,Malware Download,False,0.9,cyber,cyber_network_threat_dataset,HAZ-BUS-SEV-0261,HZ_00125
HAZ-CYC-EXT-0262,2026-04-12 23:47:23,cyclone,extreme,Phishing,SMS,Emergency Services,Critical Infrastructure,Credential Theft,False,0.72,cyber,cyber_network_threat_dataset,HAZ-CYC-EXT-0262,HZ_01325
HAZ-HEA-EXT-0263,2026-04-15 02:09:23,heatwave,extreme,Misinformation,Social Media Post,Anonymous Social Media Account,Emergency Services,False Evacuation,False,0.9,cyber,cyber_network_threat_dataset,HAZ-HEA-EXT-0263,HZ_00700
HAZ-CYC-SEV-0264,2026-04-16 00:53:23,cyclone,severe,Data Breach,Unsecured API,,Healthcare Organisation,Personal Data Leak,False,0.96,cyber,cyber_network_threat_dataset,HAZ-CYC-SEV-0264,HZ_00896
HAZ-STO-SEV-0265,2026-04-10 11:32:23,storm,severe,Misinformation,Social Media Post,Unofficial News Page,Relief Organisation,Public Confusion,True,0.76,cyber,cyber_network_threat_dataset,HAZ-STO-SEV-0265,HZ_00192
HAZ-FLO-MOD-0266,2026-04-14 03:55:23,flood,moderate,Data Breach,Unsecured API,,Relief Organisation,Personal Data Leak,True,0.92,cyber,cyber_network_threat_dataset,HAZ-FLO-MOD-0266,HZ_00261
HAZ-CYC-MOD-0267,2026-04-13 06:36:23,cyclone,moderate,Data Breach,Stolen Credentials,,Government Agency,Sensitive Record Exposure,False,0.86,cyber,cyber_network_threat_dataset,HAZ-CYC-MOD-0267,HZ_01173
HAZ-BUS-EXT-0268,2026-04-13 04:48:23,bushfire,extreme,Ransomware,Credential Theft,,Citizens,Service Disruption,True,0.95,cyber,cyber_network_threat_dataset,HAZ-BUS-EXT-0268,HZ_00308
HAZ-CYC-EXT-0269,2026-04-13 02:11:23,cyclone,extreme,Ransomware,Credential Theft,,Citizens,Service Disruption,False,0.74,cyber,cyber_network_threat_dataset,HAZ-CYC-EXT-0269,HZ_01526
HAZ-EAR-MOD-0270,2026-04-12 19:08:23,earthquake,moderate,Emergency Alert Compromise,System Exploit,Official Warning Service,Relief Organisation,False Warning Sent,False,0.77,cyber,cyber_network_threat_dataset,HAZ-EAR-MOD-0270,HZ_01466
HAZ-HEA-MOD-0271,2026-04-10 20:12:23,heatwave,moderate,Ransomware,Malicious Attachment,,Healthcare Organisation,Service Disruption,True,0.86,cyber,cyber_network_threat_dataset,HAZ-HEA-MOD-0271,HZ_00190
HAZ-FLO-SEV-0272,2026-04-16 15:56:23,flood,severe,Phishing,Email,Emergency Services,Citizens,Malware Download,True,0.83,cyber,cyber_network_threat_dataset,HAZ-FLO-SEV-0272,HZ_00139
HAZ-CYC-EXT-0273,2026-04-13 04:09:23,cyclone,extreme,Fraud,Social Media,Repair Contractor,Critical Infrastructure,Fake Payment,False,0.81,cyber,cyber_network_threat_dataset,HAZ-CYC-EXT-0273,HZ_01615
HAZ-BUS-SEV-0274,2026-04-15 08:59:23,bushfire,severe,Phishing,SMS,Government Relief Agency,Citizens,Credential Theft,True,0.72,cyber,cyber_network_threat_dataset,HAZ-BUS-SEV-0274,HZ_00127
HAZ-CYC-SEV-0275,2026-04-14 06:46:23,cyclone,severe,API Abuse,Token Misuse,,Relief Organisation,Record Manipulation,False,0.88,cyber,cyber_network_threat_dataset,HAZ-CYC-SEV-0275,HZ_00945
HAZ-EAR-EXT-0276,2026-04-16 03:55:23,earthquake,extreme,Fraud,Fake Portal,Relief Support Officer,Critical Infrastructure,False Claim Submission,False,0.78,cyber,cyber_network_threat_dataset,HAZ-EAR-EXT-0276,HZ_00596
HAZ-BUS-EXT-0277,2026-04-14 08:18:23,bushfire,extreme,API Abuse,Scripted Requests,,Government Agency,Unauthorised Data Access,False,0.91,cyber,cyber_network_threat_dataset,HAZ-BUS-EXT-0277,HZ_00339
HAZ-EAR-SEV-0278,2026-04-11 00:36:23,earthquake,severe,Phishing,SMS,Emergency Services,Healthcare Organisation,Malware Download,False,0.77,cyber,cyber_network_threat_dataset,HAZ-EAR-SEV-0278,HZ_00769
HAZ-EAR-MOD-0279,2026-04-11 00:28:23,earthquake,moderate,Misinformation,Social Media Post,Anonymous Social Media Account,Emergency Services,Trust Erosion,False,0.98,cyber,cyber_network_threat_dataset,HAZ-EAR-MOD-0279,HZ_01493
HAZ-CYC-EXT-0280,2026-04-15 15:34:23,cyclone,extreme,DDoS,Botnet Traffic,,Citizens,Delayed Response,True,0.72,cyber,cyber_network_threat_dataset,HAZ-CYC-EXT-0280,HZ_01723
HAZ-HEA-MOD-0281,2026-04-15 10:46:23,heatwave,moderate,DDoS,Botnet Traffic,,Healthcare Organisation,Delayed Response,False,0.72,cyber,cyber_network_threat_dataset,HAZ-HEA-MOD-0281,HZ_00236
HAZ-FLO-SEV-0282,2026-04-16 01:14:23,flood,severe,Fraud,Fake Portal,Repair Contractor,Healthcare Organisation,Identity Theft,False,0.94,cyber,cyber_network_threat_dataset,HAZ-FLO-SEV-0282,HZ_00165
HAZ-STO-MOD-0283,2026-04-12 13:19:23,storm,moderate,Emergency Alert Compromise,System Exploit,Emergency Alert System,Citizens,Mass Panic Triggered,False,0.97,cyber,cyber_network_threat_dataset,HAZ-STO-MOD-0283,HZ_00201
HAZ-STO-MOD-0284,2026-04-10 19:20:23,storm,moderate,DDoS,Botnet Traffic,,Healthcare Organisation,Delayed Response,False,0.72,cyber,cyber_network_threat_dataset,HAZ-STO-MOD-0284,HZ_00211
HAZ-BUS-SEV-0285,2026-04-12 02:13:23,bushfire,severe,Data Breach,Stolen Credentials,,Healthcare Organisation,Personal Data Leak,True,0.97,cyber,cyber_network_threat_dataset,HAZ-BUS-SEV-0285,HZ_00128
HAZ-FLO-EXT-0286,2026-04-11 20:49:23,flood,extreme,Phishing,Fake Website,Government Relief Agency,Critical Infrastructure,Financial Loss,False,0.87,cyber,cyber_network_threat_dataset,HAZ-FLO-EXT-0286,HZ_00390
HAZ-STO-MOD-0287,2026-04-16 02:03:23,storm,moderate,Fraud,Phone Call,Fake Charity,Citizens,Identity Theft,False,0.81,cyber,cyber_network_threat_dataset,HAZ-STO-MOD-0287,HZ_00229
HAZ-HEA-EXT-0288,2026-04-15 18:05:23,heatwave,extreme,Ransomware,Malicious Attachment,,Healthcare Organisation,System Encryption,False,0.91,cyber,cyber_network_threat_dataset,HAZ-HEA-EXT-0288,HZ_00728
HAZ-FLO-SEV-0289,2026-04-16 21:21:23,flood,severe,Fraud,Phone Call,Relief Support Officer,Citizens,Fake Payment,True,0.81,cyber,cyber_network_threat_dataset,HAZ-FLO-SEV-0289,HZ_00166
HAZ-EAR-EXT-0290,2026-04-13 15:07:23,earthquake,extreme,Fraud,Social Media,Repair Contractor,Emergency Services,Fake Payment,True,0.9,cyber,cyber_network_threat_dataset,HAZ-EAR-EXT-0290,HZ_00647
HAZ-CYC-MOD-0291,2026-04-14 00:54:23,cyclone,moderate,Fraud,Fake Portal,Repair Contractor,Relief Organisation,Identity Theft,False,0.86,cyber,cyber_network_threat_dataset,HAZ-CYC-MOD-0291,HZ_01176
HAZ-EAR-SEV-0292,2026-04-16 08:59:23,earthquake,severe,Data Breach,Stolen Credentials,,Emergency Services,Personal Data Leak,False,0.81,cyber,cyber_network_threat_dataset,HAZ-EAR-SEV-0292,HZ_00786
HAZ-HEA-EXT-0293,2026-04-13 08:59:23,heatwave,extreme,Data Breach,Unsecured API,,Government Agency,Personal Data Leak,False,0.83,cyber,cyber_network_threat_dataset,HAZ-HEA-EXT-0293,HZ_00893
HAZ-HEA-MOD-0294,2026-04-15 07:48:23,heatwave,moderate,Misinformation,Deepfake Video,Anonymous Social Media Account,Healthcare Organisation,Public Confusion,True,0.74,cyber,cyber_network_threat_dataset,HAZ-HEA-MOD-0294,HZ_00279
HAZ-HEA-MOD-0295,2026-04-15 21:26:23,heatwave,moderate,DDoS,Botnet Traffic,,Critical Infrastructure,Service Unavailable,False,0.8,cyber,cyber_network_threat_dataset,HAZ-HEA-MOD-0295,HZ_00295
HAZ-HEA-SEV-0296,2026-04-15 12:39:23,heatwave,severe,Misinformation,Deepfake Video,Unofficial News Page,Healthcare Organisation,False Evacuation,False,0.81,cyber,cyber_network_threat_dataset,HAZ-HEA-SEV-0296,HZ_00285
HAZ-FLO-SEV-0297,2026-04-12 03:40:23,flood,severe,Misinformation,Social Media Post,Anonymous Social Media Account,Relief Organisation,Public Confusion,True,0.72,cyber,cyber_network_threat_dataset,HAZ-FLO-SEV-0297,HZ_00171
HAZ-EAR-MOD-0298,2026-04-15 10:27:23,earthquake,moderate,Fraud,Fake Portal,Relief Support Officer,Critical Infrastructure,False Claim Submission,True,0.82,cyber,cyber_network_threat_dataset,HAZ-EAR-MOD-0298,HZ_01622
HAZ-HEA-MOD-0299,2026-04-12 15:31:23,heatwave,moderate,Misinformation,Social Media Post,Anonymous Social Media Account,Relief Organisation,Public Confusion,False,0.72,cyber,cyber_network_threat_dataset,HAZ-HEA-MOD-0299,HZ_00302
HAZ-BUS-SEV-0300,2026-04-16 03:23:23,bushfire,severe,Misinformation,Social Media Post,Fake Government Account,Citizens,False Evacuation,True,0.94,cyber,cyber_network_threat_dataset,HAZ-BUS-SEV-0300,HZ_00129
HAZ-STO-MOD-0301,2026-04-15 07:39:23,storm,moderate,Misinformation,Deepfake Video,Unofficial News Page,Relief Organisation,Public Confusion,False,0.72,cyber,cyber_network_threat_dataset,HAZ-STO-MOD-0301,HZ_00232
HAZ-FLO-MOD-0302,2026-04-14 20:31:23,flood,moderate,Fraud,Phone Call,Repair Contractor,Citizens,Identity Theft,False,0.71,cyber,cyber_network_threat_dataset,HAZ-FLO-MOD-0302,HZ_00263
HAZ-FLO-SEV-0303,2026-04-13 22:51:23,flood,severe,Phishing,SMS,Insurance Provider,Relief Organisation,Credential Theft,False,0.74,cyber,cyber_network_threat_dataset,HAZ-FLO-SEV-0303,HZ_00173
HAZ-BUS-MOD-0304,2026-04-11 05:30:23,bushfire,moderate,Fraud,Social Media,Relief Support Officer,Critical Infrastructure,Identity Theft,True,0.99,cyber,cyber_network_threat_dataset,HAZ-BUS-MOD-0304,HZ_00247
HAZ-STO-SEV-0305,2026-04-13 00:07:23,storm,severe,API Abuse,Scripted Requests,,Citizens,Record Manipulation,True,0.78,cyber,cyber_network_threat_dataset,HAZ-STO-SEV-0305,HZ_00199
HAZ-FLO-EXT-0306,2026-04-11 23:02:23,flood,extreme,Data Breach,Unsecured API,,Citizens,Personal Data Leak,True,0.86,cyber,cyber_network_threat_dataset,HAZ-FLO-EXT-0306,HZ_00405
HAZ-HEA-MOD-0307,2026-04-10 11:07:23,heatwave,moderate,Fraud,Phone Call,Repair Contractor,Citizens,Fake Payment,False,0.95,cyber,cyber_network_threat_dataset,HAZ-HEA-MOD-0307,HZ_00315
HAZ-STO-EXT-0308,2026-04-14 10:43:23,storm,extreme,Phishing,SMS,Government Relief Agency,Emergency Services,Credential Theft,True,0.87,cyber,cyber_network_threat_dataset,HAZ-STO-EXT-0308,HZ_00301
HAZ-STO-EXT-0309,2026-04-10 21:53:23,storm,extreme,Ransomware,Credential Theft,,Citizens,Data Exposure,True,0.97,cyber,cyber_network_threat_dataset,HAZ-STO-EXT-0309,HZ_00307
HAZ-BUS-EXT-0310,2026-04-10 19:26:23,bushfire,extreme,Phishing,SMS,Charity Organisation,Critical Infrastructure,Malware Download,False,0.96,cyber,cyber_network_threat_dataset,HAZ-BUS-EXT-0310,HZ_00360
HAZ-FLO-SEV-0311,2026-04-12 13:59:23,flood,severe,Data Breach,Stolen Credentials,,Government Agency,Personal Data Leak,False,0.92,cyber,cyber_network_threat_dataset,HAZ-FLO-SEV-0311,HZ_00176
HAZ-FLO-MOD-0312,2026-04-11 05:25:23,flood,moderate,Misinformation,Social Media Post,Anonymous Social Media Account,Citizens,False Evacuation,True,0.73,cyber,cyber_network_threat_dataset,HAZ-FLO-MOD-0312,HZ_00275
HAZ-HEA-EXT-0313,2026-04-10 11:06:23,heatwave,extreme,Misinformation,Social Media Post,Fake Government Account,Relief Organisation,Public Confusion,True,0.92,cyber,cyber_network_threat_dataset,HAZ-HEA-EXT-0313,HZ_00933
HAZ-FLO-SEV-0314,2026-04-13 23:44:23,flood,severe,Phishing,SMS,Government Relief Agency,Government Agency,Financial Loss,False,0.74,cyber,cyber_network_threat_dataset,HAZ-FLO-SEV-0314,HZ_00179
HAZ-FLO-EXT-0315,2026-04-11 02:48:23,flood,extreme,Fraud,Phone Call,Fake Charity,Emergency Services,False Claim Submission,True,0.94,cyber,cyber_network_threat_dataset,HAZ-FLO-EXT-0315,HZ_00406
HAZ-HEA-MOD-0316,2026-04-11 16:25:23,heatwave,moderate,Phishing,Email,Government Relief Agency,Healthcare Organisation,Malware Download,False,0.71,cyber,cyber_network_threat_dataset,HAZ-HEA-MOD-0316,HZ_00331
HAZ-BUS-EXT-0317,2026-04-11 00:28:23,bushfire,extreme,Phishing,SMS,Charity Organisation,Relief Organisation,Malware Download,False,0.75,cyber,cyber_network_threat_dataset,HAZ-BUS-EXT-0317,HZ_00364
HAZ-BUS-EXT-0318,2026-04-11 12:40:23,bushfire,extreme,Data Breach,Stolen Credentials,,Emergency Services,Sensitive Record Exposure,False,0.83,cyber,cyber_network_threat_dataset,HAZ-BUS-EXT-0318,HZ_00378
HAZ-BUS-EXT-0319,2026-04-13 23:31:23,bushfire,extreme,Phishing,SMS,Emergency Services,Critical Infrastructure,Financial Loss,False,0.88,cyber,cyber_network_threat_dataset,HAZ-BUS-EXT-0319,HZ_00381
HAZ-BUS-SEV-0320,2026-04-12 12:34:23,bushfire,severe,Fraud,Phone Call,Fake Charity,Healthcare Organisation,False Claim Submission,True,0.97,cyber,cyber_network_threat_dataset,HAZ-BUS-SEV-0320,HZ_00146
HAZ-STO-MOD-0321,2026-04-13 22:39:23,storm,moderate,Fraud,Phone Call,Repair Contractor,Healthcare Organisation,Identity Theft,True,0.79,cyber,cyber_network_threat_dataset,HAZ-STO-MOD-0321,HZ_00235
HAZ-STO-EXT-0322,2026-04-14 06:58:23,storm,extreme,DDoS,Botnet Traffic,,Healthcare Organisation,Delayed Response,True,0.71,cyber,cyber_network_threat_dataset,HAZ-STO-EXT-0322,HZ_00319
HAZ-CYC-EXT-0323,2026-04-14 12:21:23,cyclone,extreme,Emergency Alert Compromise,System Exploit,Official Warning Service,Critical Infrastructure,False Warning Sent,True,0.85,cyber,cyber_network_threat_dataset,HAZ-CYC-EXT-0323,HZ_01726
HAZ-STO-SEV-0324,2026-04-11 12:49:23,storm,severe,Fraud,Social Media,Relief Support Officer,Healthcare Organisation,Identity Theft,True,0.83,cyber,cyber_network_threat_dataset,HAZ-STO-SEV-0324,HZ_00210
HAZ-BUS-SEV-0325,2026-04-10 11:14:23,bushfire,severe,Misinformation,Social Media Post,Unofficial News Page,Citizens,False Evacuation,True,0.76,cyber,cyber_network_threat_dataset,HAZ-BUS-SEV-0325,HZ_00147
HAZ-FLO-EXT-0326,2026-04-13 03:37:23,flood,extreme,Misinformation,Social Media Post,Anonymous Social Media Account,Government Agency,False Evacuation,False,0.85,cyber,cyber_network_threat_dataset,HAZ-FLO-EXT-0326,HZ_00425
HAZ-BUS-SEV-0327,2026-04-13 05:19:23,bushfire,severe,Phishing,SMS,Government Relief Agency,Relief Organisation,Financial Loss,False,0.79,cyber,cyber_network_threat_dataset,HAZ-BUS-SEV-0327,HZ_00148
HAZ-FLO-MOD-0328,2026-04-11 21:06:23,flood,moderate,API Abuse,Token Misuse,,Healthcare Organisation,Record Manipulation,True,0.74,cyber,cyber_network_threat_dataset,HAZ-FLO-MOD-0328,HZ_00303
HAZ-HEA-MOD-0329,2026-04-12 00:41:23,heatwave,moderate,Data Breach,Stolen Credentials,,Emergency Services,Sensitive Record Exposure,True,0.78,cyber,cyber_network_threat_dataset,HAZ-HEA-MOD-0329,HZ_00353
HAZ-CYC-MOD-0330,2026-04-15 21:28:23,cyclone,moderate,Emergency Alert Compromise,Stolen Credentials,Official Warning Service,Relief Organisation,False Warning Sent,True,0.84,cyber,cyber_network_threat_dataset,HAZ-CYC-MOD-0330,HZ_01191
HAZ-BUS-SEV-0331,2026-04-15 00:09:23,bushfire,severe,Phishing,SMS,Emergency Services,Healthcare Organisation,Financial Loss,True,0.72,cyber,cyber_network_threat_dataset,HAZ-BUS-SEV-0331,HZ_00167
HAZ-HEA-EXT-0332,2026-04-12 07:39:23,heatwave,extreme,Data Breach,Stolen Credentials,,Healthcare Organisation,Personal Data Leak,False,0.79,cyber,cyber_network_threat_dataset,HAZ-HEA-EXT-0332,HZ_00968
HAZ-EAR-SEV-0333,2026-04-10 22:45:23,earthquake,severe,Phishing,Email,Insurance Provider,Healthcare Organisation,Malware Download,False,0.89,cyber,cyber_network_threat_dataset,HAZ-EAR-SEV-0333,HZ_00806
HAZ-CYC-MOD-0334,2026-04-12 07:19:23,cyclone,moderate,Fraud,Social Media,Fake Charity,Government Agency,False Claim Submission,False,0.93,cyber,cyber_network_threat_dataset,HAZ-CYC-MOD-0334,HZ_01235
HAZ-FLO-EXT-0335,2026-04-12 18:39:23,flood,extreme,Phishing,Email,Emergency Services,Emergency Services,Malware Download,False,0.75,cyber,cyber_network_threat_dataset,HAZ-FLO-EXT-0335,HZ_00429
HAZ-BUS-MOD-0336,2026-04-13 16:04:23,bushfire,moderate,Phishing,Fake Website,Emergency Services,Critical Infrastructure,Financial Loss,True,0.94,cyber,cyber_network_threat_dataset,HAZ-BUS-MOD-0336,HZ_00253
HAZ-FLO-MOD-0337,2026-04-11 06:25:23,flood,moderate,Phishing,Fake Website,Emergency Services,Healthcare Organisation,Malware Download,False,0.95,cyber,cyber_network_threat_dataset,HAZ-FLO-MOD-0337,HZ_00321
HAZ-HEA-EXT-0338,2026-04-16 14:59:23,heatwave,extreme,Ransomware,Malicious Attachment,,Healthcare Organisation,Service Disruption,False,0.86,cyber,cyber_network_threat_dataset,HAZ-HEA-EXT-0338,HZ_01021
HAZ-STO-EXT-0339,2026-04-16 15:22:23,storm,extreme,Fraud,Fake Portal,Fake Charity,Healthcare Organisation,False Claim Submission,True,0.99,cyber,cyber_network_threat_dataset,HAZ-STO-EXT-0339,HZ_00328
HAZ-CYC-SEV-0340,2026-04-11 02:14:23,cyclone,severe,DDoS,Botnet Traffic,,Critical Infrastructure,Service Unavailable,True,0.98,cyber,cyber_network_threat_dataset,HAZ-CYC-SEV-0340,HZ_00984
HAZ-BUS-EXT-0341,2026-04-10 16:38:23,bushfire,extreme,Fraud,Phone Call,Relief Support Officer,Emergency Services,False Claim Submission,False,0.99,cyber,cyber_network_threat_dataset,HAZ-BUS-EXT-0341,HZ_00387
HAZ-CYC-EXT-0342,2026-04-11 20:06:23,cyclone,extreme,Misinformation,Deepfake Video,Anonymous Social Media Account,Government Agency,Public Confusion,True,0.82,cyber,cyber_network_threat_dataset,HAZ-CYC-EXT-0342,HZ_01876
HAZ-BUS-MOD-0343,2026-04-15 09:07:23,bushfire,moderate,Data Breach,Unsecured API,,Critical Infrastructure,Sensitive Record Exposure,True,0.76,cyber,cyber_network_threat_dataset,HAZ-BUS-MOD-0343,HZ_00259
HAZ-HEA-SEV-0344,2026-04-13 17:18:23,heatwave,severe,Misinformation,Deepfake Video,Fake Government Account,Government Agency,False Evacuation,False,0.73,cyber,cyber_network_threat_dataset,HAZ-HEA-SEV-0344,HZ_00324
HAZ-HEA-SEV-0345,2026-04-11 02:15:23,heatwave,severe,Phishing,Fake Website,Insurance Provider,Relief Organisation,Credential Theft,True,0.82,cyber,cyber_network_threat_dataset,HAZ-HEA-SEV-0345,HZ_00404
HAZ-FLO-SEV-0346,2026-04-13 07:12:23,flood,severe,Phishing,Fake Website,Charity Organisation,Healthcare Organisation,Financial Loss,False,0.73,cyber,cyber_network_threat_dataset,HAZ-FLO-SEV-0346,HZ_00180
HAZ-STO-MOD-0347,2026-04-13 21:33:23,storm,moderate,Ransomware,Credential Theft,,Government Agency,System Encryption,True,0.97,cyber,cyber_network_threat_dataset,HAZ-STO-MOD-0347,HZ_00243
HAZ-CYC-MOD-0348,2026-04-15 18:25:23,cyclone,moderate,DDoS,Botnet Traffic,,Relief Organisation,Service Unavailable,False,0.88,cyber,cyber_network_threat_dataset,HAZ-CYC-MOD-0348,HZ_01330
HAZ-EAR-EXT-0349,2026-04-10 20:46:23,earthquake,extreme,Misinformation,Social Media Post,Fake Government Account,Critical Infrastructure,False Evacuation,False,0.97,cyber,cyber_network_threat_dataset,HAZ-EAR-EXT-0349,HZ_00805
HAZ-EAR-MOD-0350,2026-04-14 09:22:23,earthquake,moderate,Fraud,Fake Portal,Repair Contractor,Critical Infrastructure,Fake Payment,False,0.95,cyber,cyber_network_threat_dataset,HAZ-EAR-MOD-0350,HZ_01711
HAZ-EAR-EXT-0351,2026-04-13 01:34:23,earthquake,extreme,Data Breach,Stolen Credentials,,Citizens,Sensitive Record Exposure,False,0.99,cyber,cyber_network_threat_dataset,HAZ-EAR-EXT-0351,HZ_00840
HAZ-EAR-MOD-0352,2026-04-10 08:13:23,earthquake,moderate,Fraud,Phone Call,Fake Charity,Critical Infrastructure,False Claim Submission,True,0.8,cyber,cyber_network_threat_dataset,HAZ-EAR-MOD-0352,HZ_01863
HAZ-BUS-MOD-0353,2026-04-16 15:36:23,bushfire,moderate,Fraud,Phone Call,Fake Charity,Critical Infrastructure,Fake Payment,True,0.8,cyber,cyber_network_threat_dataset,HAZ-BUS-MOD-0353,HZ_00266
HAZ-HEA-MOD-0354,2026-04-12 22:04:23,heatwave,moderate,Fraud,Phone Call,Repair Contractor,Relief Organisation,False Claim Submission,False,0.78,cyber,cyber_network_threat_dataset,HAZ-HEA-MOD-0354,HZ_00394
HAZ-BUS-MOD-0355,2026-04-15 08:47:23,bushfire,moderate,Misinformation,Social Media Post,Anonymous Social Media Account,Healthcare Organisation,False Evacuation,True,0.92,cyber,cyber_network_threat_dataset,HAZ-BUS-MOD-0355,HZ_00272
HAZ-FLO-MOD-0356,2026-04-14 09:59:23,flood,moderate,Fraud,Fake Portal,Fake Charity,Citizens,False Claim Submission,False,0.76,cyber,cyber_network_threat_dataset,HAZ-FLO-MOD-0356,HZ_00330
HAZ-FLO-SEV-0357,2026-04-10 23:59:23,flood,severe,Phishing,Fake Website,Government Relief Agency,Citizens,Credential Theft,True,0.73,cyber,cyber_network_threat_dataset,HAZ-FLO-SEV-0357,HZ_00182
HAZ-STO-MOD-0358,2026-04-12 12:12:23,storm,moderate,Phishing,Fake Website,Government Relief Agency,Critical Infrastructure,Credential Theft,True,0.9,cyber,cyber_network_threat_dataset,HAZ-STO-MOD-0358,HZ_00270
HAZ-EAR-EXT-0359,2026-04-10 10:33:23,earthquake,extreme,Emergency Alert Compromise,Stolen Credentials,Official Warning Service,Relief Organisation,Mass Panic Triggered,True,0.94,cyber,cyber_network_threat_dataset,HAZ-EAR-EXT-0359,HZ_00970
HAZ-FLO-MOD-0360,2026-04-15 00:58:23,flood,moderate,DDoS,Botnet Traffic,,Critical Infrastructure,Delayed Response,True,0.91,cyber,cyber_network_threat_dataset,HAZ-FLO-MOD-0360,HZ_00382
HAZ-CYC-SEV-0361,2026-04-13 21:27:23,cyclone,severe,Phishing,Fake Website,Insurance Provider,Relief Organisation,Credential Theft,True,0.92,cyber,cyber_network_threat_dataset,HAZ-CYC-SEV-0361,HZ_00999
HAZ-BUS-EXT-0362,2026-04-11 08:40:23,bushfire,extreme,Phishing,SMS,Government Relief Agency,Healthcare Organisation,Malware Download,True,0.92,cyber,cyber_network_threat_dataset,HAZ-BUS-EXT-0362,HZ_00439
HAZ-CYC-EXT-0363,2026-04-14 21:39:23,cyclone,extreme,Ransomware,Malicious Attachment,,Critical Infrastructure,Data Exposure,False,0.93,cyber,cyber_network_threat_dataset,HAZ-CYC-EXT-0363,HZ_01964
HAZ-HEA-SEV-0364,2026-04-15 19:03:23,heatwave,severe,Data Breach,Stolen Credentials,,Relief Organisation,Personal Data Leak,False,0.74,cyber,cyber_network_threat_dataset,HAZ-HEA-SEV-0364,HZ_00456
HAZ-HEA-MOD-0365,2026-04-12 07:58:23,heatwave,moderate,Ransomware,Credential Theft,,Healthcare Organisation,Service Disruption,True,0.82,cyber,cyber_network_threat_dataset,HAZ-HEA-MOD-0365,HZ_00426
HAZ-HEA-SEV-0366,2026-04-15 22:29:23,heatwave,severe,Misinformation,Social Media Post,Unofficial News Page,Relief Organisation,False Evacuation,True,0.98,cyber,cyber_network_threat_dataset,HAZ-HEA-SEV-0366,HZ_00543
HAZ-FLO-MOD-0367,2026-04-10 13:05:23,flood,moderate,Phishing,Email,Emergency Services,Emergency Services,Financial Loss,True,0.97,cyber,cyber_network_threat_dataset,HAZ-FLO-MOD-0367,HZ_00407
HAZ-STO-EXT-0368,2026-04-10 16:03:23,storm,extreme,DDoS,Botnet Traffic,,Emergency Services,Delayed Response,False,0.83,cyber,cyber_network_threat_dataset,HAZ-STO-EXT-0368,HZ_00332
HAZ-STO-MOD-0369,2026-04-13 08:36:23,storm,moderate,Fraud,Social Media,Repair Contractor,Healthcare Organisation,Identity Theft,True,0.71,cyber,cyber_network_threat_dataset,HAZ-STO-MOD-0369,HZ_00300
HAZ-CYC-MOD-0370,2026-04-14 14:24:23,cyclone,moderate,Misinformation,Deepfake Video,Fake Government Account,Government Agency,Public Confusion,False,0.96,cyber,cyber_network_threat_dataset,HAZ-CYC-MOD-0370,HZ_01356
HAZ-STO-EXT-0371,2026-04-13 12:29:23,storm,extreme,DDoS,Botnet Traffic,,Healthcare Organisation,Delayed Response,False,0.88,cyber,cyber_network_threat_dataset,HAZ-STO-EXT-0371,HZ_00348
HAZ-EAR-SEV-0372,2026-04-15 22:49:23,earthquake,severe,Misinformation,Social Media Post,Unofficial News Page,Emergency Services,False Evacuation,False,0.89,cyber,cyber_network_threat_dataset,HAZ-EAR-SEV-0372,HZ_00899
HAZ-CYC-SEV-0373,2026-04-09 23:29:23,cyclone,severe,Emergency Alert Compromise,Stolen Credentials,Official Warning Service,Healthcare Organisation,Mass Panic Triggered,True,0.83,cyber,cyber_network_threat_dataset,HAZ-CYC-SEV-0373,HZ_01062
HAZ-FLO-MOD-0374,2026-04-12 11:14:23,flood,moderate,Phishing,Fake Website,Charity Organisation,Government Agency,Malware Download,True,0.84,cyber,cyber_network_threat_dataset,HAZ-FLO-MOD-0374,HZ_00411
HAZ-BUS-SEV-0375,2026-04-15 14:22:23,bushfire,severe,Misinformation,Deepfake Video,Unofficial News Page,Emergency Services,Public Confusion,True,0.92,cyber,cyber_network_threat_dataset,HAZ-BUS-SEV-0375,HZ_00170
HAZ-BUS-MOD-0376,2026-04-11 02:32:23,bushfire,moderate,DDoS,Botnet Traffic,,Emergency Services,Delayed Response,True,0.75,cyber,cyber_network_threat_dataset,HAZ-BUS-MOD-0376,HZ_00274
HAZ-EAR-EXT-0377,2026-04-15 14:28:23,earthquake,extreme,Misinformation,Deepfake Video,Anonymous Social Media Account,Critical Infrastructure,False Evacuation,False,0.77,cyber,cyber_network_threat_dataset,HAZ-EAR-EXT-0377,HZ_01077
HAZ-EAR-MOD-0378,2026-04-10 10:47:23,earthquake,moderate,DDoS,Botnet Traffic,,Healthcare Organisation,Service Unavailable,False,0.84,cyber,cyber_network_threat_dataset,HAZ-EAR-MOD-0378,HZ_02150
HAZ-STO-EXT-0379,2026-04-13 06:14:23,storm,extreme,Data Breach,Stolen Credentials,,Critical Infrastructure,Sensitive Record Exposure,True,0.84,cyber,cyber_network_threat_dataset,HAZ-STO-EXT-0379,HZ_00356
HAZ-EAR-EXT-0380,2026-04-11 13:50:23,earthquake,extreme,Fraud,Social Media,Repair Contractor,Critical Infrastructure,False Claim Submission,True,0.86,cyber,cyber_network_threat_dataset,HAZ-EAR-EXT-0380,HZ_01179
HAZ-HEA-SEV-0381,2026-04-12 04:18:23,heatwave,severe,Phishing,Email,Insurance Provider,Relief Organisation,Credential Theft,False,0.96,cyber,cyber_network_threat_dataset,HAZ-HEA-SEV-0381,HZ_00550
HAZ-FLO-SEV-0382,2026-04-10 10:58:23,flood,severe,API Abuse,Token Misuse,,Emergency Services,Unauthorised Data Access,False,0.98,cyber,cyber_network_threat_dataset,HAZ-FLO-SEV-0382,HZ_00185
HAZ-BUS-EXT-0383,2026-04-13 12:11:23,bushfire,extreme,Fraud,Social Media,Fake Charity,Critical Infrastructure,Identity Theft,False,0.77,cyber,cyber_network_threat_dataset,HAZ-BUS-EXT-0383,HZ_00507
HAZ-EAR-EXT-0384,2026-04-13 16:05:23,earthquake,extreme,Ransomware,Malicious Attachment,,Critical Infrastructure,System Encryption,True,0.81,cyber,cyber_network_threat_dataset,HAZ-EAR-EXT-0384,HZ_01270
HAZ-STO-SEV-0385,2026-04-15 23:42:23,storm,severe,Phishing,Email,Government Relief Agency,Citizens,Financial Loss,False,0.74,cyber,cyber_network_threat_dataset,HAZ-STO-SEV-0385,HZ_00213
HAZ-HEA-SEV-0386,2026-04-12 02:48:23,heatwave,severe,Data Breach,Unsecured API,,Citizens,Sensitive Record Exposure,True,0.82,cyber,cyber_network_threat_dataset,HAZ-HEA-SEV-0386,HZ_00555
HAZ-STO-MOD-0387,2026-04-15 20:12:23,storm,moderate,Fraud,Phone Call,Fake Charity,Citizens,Identity Theft,False,0.83,cyber,cyber_network_threat_dataset,HAZ-STO-MOD-0387,HZ_00320
HAZ-HEA-EXT-0388,2026-04-13 03:56:23,heatwave,extreme,Data Breach,Unsecured API,,Government Agency,Personal Data Leak,False,0.87,cyber,cyber_network_threat_dataset,HAZ-HEA-EXT-0388,HZ_01076
HAZ-STO-EXT-0389,2026-04-15 04:57:23,storm,extreme,Data Breach,Unsecured API,,Emergency Services,Sensitive Record Exposure,True,0.87,cyber,cyber_network_threat_dataset,HAZ-STO-EXT-0389,HZ_00383
HAZ-CYC-MOD-0390,2026-04-14 15:36:23,cyclone,moderate,Phishing,Fake Website,Insurance Provider,Healthcare Organisation,Credential Theft,False,0.88,cyber,cyber_network_threat_dataset,HAZ-CYC-MOD-0390,HZ_01398
HAZ-BUS-EXT-0391,2026-04-12 03:41:23,bushfire,extreme,Data Breach,Unsecured API,,Government Agency,Personal Data Leak,True,0.75,cyber,cyber_network_threat_dataset,HAZ-BUS-EXT-0391,HZ_00512
HAZ-FLO-SEV-0392,2026-04-14 06:49:23,flood,severe,Data Breach,Unsecured API,,Government Agency,Sensitive Record Exposure,True,0.82,cyber,cyber_network_threat_dataset,HAZ-FLO-SEV-0392,HZ_00202
HAZ-FLO-MOD-0393,2026-04-11 00:21:23,flood,moderate,DDoS,Botnet Traffic,,Government Agency,Delayed Response,True,0.96,cyber,cyber_network_threat_dataset,HAZ-FLO-MOD-0393,HZ_00435
HAZ-CYC-SEV-0394,2026-04-13 08:20:23,cyclone,severe,Phishing,Fake Website,Insurance Provider,Citizens,Financial Loss,True,0.8,cyber,cyber_network_threat_dataset,HAZ-CYC-SEV-0394,HZ_01118
HAZ-HEA-EXT-0395,2026-04-13 00:41:23,heatwave,extreme,DDoS,Botnet Traffic,,Healthcare Organisation,Delayed Response,True,0.73,cyber,cyber_network_threat_dataset,HAZ-HEA-EXT-0395,HZ_01130
HAZ-STO-MOD-0396,2026-04-13 00:49:23,storm,moderate,Fraud,Phone Call,Relief Support Officer,Government Agency,Identity Theft,False,0.93,cyber,cyber_network_threat_dataset,HAZ-STO-MOD-0396,HZ_00323
HAZ-BUS-SEV-0397,2026-04-14 02:39:23,bushfire,severe,Fraud,Phone Call,Repair Contractor,Critical Infrastructure,Fake Payment,True,0.97,cyber,cyber_network_threat_dataset,HAZ-BUS-SEV-0397,HZ_00177
HAZ-CYC-MOD-0398,2026-04-15 13:36:23,cyclone,moderate,API Abuse,Scripted Requests,,Critical Infrastructure,Unauthorised Data Access,False,0.94,cyber,cyber_network_threat_dataset,HAZ-CYC-MOD-0398,HZ_01444
HAZ-FLO-MOD-0399,2026-04-11 02:45:23,flood,moderate,Phishing,Email,Emergency Services,Relief Organisation,Credential Theft,True,0.87,cyber,cyber_network_threat_dataset,HAZ-FLO-MOD-0399,HZ_00451
HAZ-EAR-EXT-0400,2026-04-11 20:59:23,earthquake,extreme,Phishing,Fake Website,Charity Organisation,Critical Infrastructure,Credential Theft,True,0.8,cyber,cyber_network_threat_dataset,HAZ-EAR-EXT-0400,HZ_01425
HAZ-FLO-SEV-0401,2026-04-12 09:30:23,flood,severe,DDoS,Botnet Traffic,,Healthcare Organisation,Service Unavailable,False,0.96,cyber,cyber_network_threat_dataset,HAZ-FLO-SEV-0401,HZ_00209
HAZ-HEA-EXT-0402,2026-04-10 10:16:23,heatwave,extreme,Misinformation,Deepfake Video,Anonymous Social Media Account,Relief Organisation,Public Confusion,False,0.75,cyber,cyber_network_threat_dataset,HAZ-HEA-EXT-0402,HZ_01225
HAZ-STO-EXT-0403,2026-04-10 14:23:23,storm,extreme,Fraud,Social Media,Repair Contractor,Healthcare Organisation,Fake Payment,False,0.72,cyber,cyber_network_threat_dataset,HAZ-STO-EXT-0403,HZ_00393
HAZ-STO-EXT-0404,2026-04-13 16:56:23,storm,extreme,Data Breach,Stolen Credentials,,Relief Organisation,Sensitive Record Exposure,False,0.81,cyber,cyber_network_threat_dataset,HAZ-STO-EXT-0404,HZ_00491
HAZ-BUS-EXT-0405,2026-04-10 08:56:23,bushfire,extreme,Fraud,Social Media,Fake Charity,Citizens,Fake Payment,False,0.85,cyber,cyber_network_threat_dataset,HAZ-BUS-EXT-0405,HZ_00533
HAZ-STO-EXT-0406,2026-04-14 00:00:23,storm,extreme,Phishing,SMS,Insurance Provider,Emergency Services,Financial Loss,False,0.74,cyber,cyber_network_threat_dataset,HAZ-STO-EXT-0406,HZ_00502
HAZ-STO-MOD-0407,2026-04-13 13:03:23,storm,moderate,DDoS,Botnet Traffic,,Critical Infrastructure,Service Unavailable,True,0.85,cyber,cyber_network_threat_dataset,HAZ-STO-MOD-0407,HZ_00347
HAZ-CYC-EXT-0408,2026-04-11 07:56:23,cyclone,extreme,Fraud,Social Media,Repair Contractor,Healthcare Organisation,Identity Theft,False,0.87,cyber,cyber_network_threat_dataset,HAZ-CYC-EXT-0408,HZ_01991
HAZ-HEA-EXT-0409,2026-04-10 04:50:23,heatwave,extreme,Fraud,Phone Call,Repair Contractor,Critical Infrastructure,Fake Payment,True,0.83,cyber,cyber_network_threat_dataset,HAZ-HEA-EXT-0409,HZ_01249
HAZ-EAR-MOD-0410,2026-04-10 13:13:23,earthquake,moderate,Fraud,Fake Portal,Relief Support Officer,Citizens,Fake Payment,True,0.94,cyber,cyber_network_threat_dataset,HAZ-EAR-MOD-0410,HZ_02294
HAZ-BUS-EXT-0411,2026-04-14 10:41:23,bushfire,extreme,Misinformation,Social Media Post,Anonymous Social Media Account,Critical Infrastructure,Public Confusion,False,0.89,cyber,cyber_network_threat_dataset,HAZ-BUS-EXT-0411,HZ_00538
HAZ-HEA-MOD-0412,2026-04-16 16:31:23,heatwave,moderate,Fraud,Social Media,Fake Charity,Critical Infrastructure,Fake Payment,False,0.82,cyber,cyber_network_threat_dataset,HAZ-HEA-MOD-0412,HZ_00433
HAZ-BUS-EXT-0413,2026-04-14 17:29:23,bushfire,extreme,Phishing,Fake Website,Insurance Provider,Critical Infrastructure,Malware Download,True,0.97,cyber,cyber_network_threat_dataset,HAZ-BUS-EXT-0413,HZ_00545
HAZ-STO-EXT-0414,2026-04-13 13:44:23,storm,extreme,Ransomware,Malicious Attachment,,Government Agency,System Encryption,False,0.86,cyber,cyber_network_threat_dataset,HAZ-STO-EXT-0414,HZ_00518
HAZ-BUS-MOD-0415,2026-04-12 01:44:23,bushfire,moderate,Phishing,Fake Website,Government Relief Agency,Critical Infrastructure,Malware Download,False,0.92,cyber,cyber_network_threat_dataset,HAZ-BUS-MOD-0415,HZ_00290
HAZ-BUS-EXT-0416,2026-04-12 16:29:23,bushfire,extreme,Data Breach,Stolen Credentials,,Emergency Services,Sensitive Record Exposure,False,0.75,cyber,cyber_network_threat_dataset,HAZ-BUS-EXT-0416,HZ_00546
HAZ-BUS-SEV-0417,2026-04-15 19:22:23,bushfire,severe,Fraud,Social Media,Fake Charity,Relief Organisation,Fake Payment,False,0.78,cyber,cyber_network_threat_dataset,HAZ-BUS-SEV-0417,HZ_00205
HAZ-STO-SEV-0418,2026-04-11 01:22:23,storm,severe,Data Breach,Unsecured API,,Critical Infrastructure,Personal Data Leak,False,0.74,cyber,cyber_network_threat_dataset,HAZ-STO-SEV-0418,HZ_00231
HAZ-HEA-MOD-0419,2026-04-15 11:07:23,heatwave,moderate,Phishing,SMS,Government Relief Agency,Government Agency,Malware Download,False,0.81,cyber,cyber_network_threat_dataset,HAZ-HEA-MOD-0419,HZ_00445
HAZ-CYC-MOD-0420,2026-04-11 19:36:23,cyclone,moderate,Ransomware,Credential Theft,,Healthcare Organisation,System Encryption,False,0.74,cyber,cyber_network_threat_dataset,HAZ-CYC-MOD-0420,HZ_01518
HAZ-FLO-EXT-0421,2026-04-14 12:02:23,flood,extreme,Fraud,Social Media,Fake Charity,Healthcare Organisation,Identity Theft,False,0.77,cyber,cyber_network_threat_dataset,HAZ-FLO-EXT-0421,HZ_00436
HAZ-STO-EXT-0422,2026-04-13 08:36:23,storm,extreme,Data Breach,Unsecured API,,Citizens,Sensitive Record Exposure,True,0.9,cyber,cyber_network_threat_dataset,HAZ-STO-EXT-0422,HZ_00527
HAZ-BUS-EXT-0423,2026-04-15 20:04:23,bushfire,extreme,Phishing,Fake Website,Government Relief Agency,Relief Organisation,Malware Download,True,0.98,cyber,cyber_network_threat_dataset,HAZ-BUS-EXT-0423,HZ_00587
HAZ-CYC-SEV-0424,2026-04-12 20:16:23,cyclone,severe,Emergency Alert Compromise,Stolen Credentials,Emergency Alert System,Government Agency,False Warning Sent,False,0.7,cyber,cyber_network_threat_dataset,HAZ-CYC-SEV-0424,HZ_01123
HAZ-BUS-MOD-0425,2026-04-16 00:15:23,bushfire,moderate,DDoS,Botnet Traffic,,Healthcare Organisation,Delayed Response,False,0.75,cyber,cyber_network_threat_dataset,HAZ-BUS-MOD-0425,HZ_00297
HAZ-HEA-SEV-0426,2026-04-12 21:18:23,heatwave,severe,API Abuse,Token Misuse,,Government Agency,Record Manipulation,True,0.77,cyber,cyber_network_threat_dataset,HAZ-HEA-SEV-0426,HZ_00570
HAZ-EAR-EXT-0427,2026-04-12 03:09:23,earthquake,extreme,DDoS,Botnet Traffic,,Critical Infrastructure,Service Unavailable,False,0.87,cyber,cyber_network_threat_dataset,HAZ-EAR-EXT-0427,HZ_01446
HAZ-BUS-EXT-0428,2026-04-14 19:21:23,bushfire,extreme,Emergency Alert Compromise,Stolen Credentials,Official Warning Service,Critical Infrastructure,Mass Panic Triggered,True,0.73,cyber,cyber_network_threat_dataset,HAZ-BUS-EXT-0428,HZ_00594
HAZ-EAR-MOD-0429,2026-04-13 08:50:23,earthquake,moderate,API Abuse,Scripted Requests,,Emergency Services,Unauthorised Data Access,True,0.84,cyber,cyber_network_threat_dataset,HAZ-EAR-MOD-0429,HZ_02311
HAZ-CYC-MOD-0430,2026-04-14 06:04:23,cyclone,moderate,DDoS,Botnet Traffic,,Relief Organisation,Delayed Response,False,0.9,cyber,cyber_network_threat_dataset,HAZ-CYC-MOD-0430,HZ_01722
HAZ-FLO-SEV-0431,2026-04-13 03:35:23,flood,severe,Fraud,Fake Portal,Fake Charity,Emergency Services,Identity Theft,False,0.92,cyber,cyber_network_threat_dataset,HAZ-FLO-SEV-0431,HZ_00212
HAZ-CYC-MOD-0432,2026-04-15 11:55:23,cyclone,moderate,Phishing,SMS,Emergency Services,Citizens,Malware Download,False,0.95,cyber,cyber_network_threat_dataset,HAZ-CYC-MOD-0432,HZ_01844
HAZ-EAR-EXT-0433,2026-04-10 06:57:23,earthquake,extreme,Misinformation,Social Media Post,Unofficial News Page,Relief Organisation,False Evacuation,True,0.86,cyber,cyber_network_threat_dataset,HAZ-EAR-EXT-0433,HZ_01481
HAZ-FLO-SEV-0434,2026-04-15 08:48:23,flood,severe,Data Breach,Unsecured API,,Relief Organisation,Sensitive Record Exposure,False,0.87,cyber,cyber_network_threat_dataset,HAZ-FLO-SEV-0434,HZ_00220
HAZ-CYC-EXT-0435,2026-04-12 12:28:23,cyclone,extreme,Fraud,Fake Portal,Fake Charity,Citizens,Fake Payment,True,0.72,cyber,cyber_network_threat_dataset,HAZ-CYC-EXT-0435,HZ_02020
HAZ-EAR-EXT-0436,2026-04-10 05:08:23,earthquake,extreme,Data Breach,Stolen Credentials,,Emergency Services,Sensitive Record Exposure,False,0.94,cyber,cyber_network_threat_dataset,HAZ-EAR-EXT-0436,HZ_01489
HAZ-FLO-MOD-0437,2026-04-13 21:48:23,flood,moderate,Data Breach,Stolen Credentials,,Critical Infrastructure,Sensitive Record Exposure,True,0.78,cyber,cyber_network_threat_dataset,HAZ-FLO-MOD-0437,HZ_00470
HAZ-STO-MOD-0438,2026-04-14 05:04:23,storm,moderate,Misinformation,Social Media Post,Unofficial News Page,Healthcare Organisation,False Evacuation,False,0.75,cyber,cyber_network_threat_dataset,HAZ-STO-MOD-0438,HZ_00352
HAZ-HEA-SEV-0439,2026-04-14 06:23:23,heatwave,severe,Phishing,Fake Website,Emergency Services,Emergency Services,Credential Theft,False,0.95,cyber,cyber_network_threat_dataset,HAZ-HEA-SEV-0439,HZ_00575
HAZ-CYC-MOD-0440,2026-04-15 19:54:23,cyclone,moderate,Misinformation,Social Media Post,Fake Government Account,Relief Organisation,Public Confusion,False,0.71,cyber,cyber_network_threat_dataset,HAZ-CYC-MOD-0440,HZ_01901
HAZ-HEA-EXT-0441,2026-04-14 21:55:23,heatwave,extreme,Phishing,Fake Website,Charity Organisation,Critical Infrastructure,Credential Theft,True,0.85,cyber,cyber_network_threat_dataset,HAZ-HEA-EXT-0441,HZ_01299
HAZ-STO-EXT-0442,2026-04-15 01:35:23,storm,extreme,Fraud,Social Media,Fake Charity,Emergency Services,Fake Payment,False,0.97,cyber,cyber_network_threat_dataset,HAZ-STO-EXT-0442,HZ_00556
HAZ-STO-EXT-0443,2026-04-16 13:40:23,storm,extreme,Data Breach,Stolen Credentials,,Relief Organisation,Personal Data Leak,False,0.96,cyber,cyber_network_threat_dataset,HAZ-STO-EXT-0443,HZ_00558
HAZ-CYC-EXT-0444,2026-04-10 10:57:23,cyclone,extreme,DDoS,Botnet Traffic,,Relief Organisation,Service Unavailable,True,0.95,cyber,cyber_network_threat_dataset,HAZ-CYC-EXT-0444,HZ_02095
HAZ-HEA-SEV-0445,2026-04-11 01:55:23,heatwave,severe,Fraud,Social Media,Fake Charity,Critical Infrastructure,Fake Payment,False,0.91,cyber,cyber_network_threat_dataset,HAZ-HEA-SEV-0445,HZ_00582
HAZ-BUS-EXT-0446,2026-04-13 02:37:23,bushfire,extreme,Data Breach,Stolen Credentials,,Government Agency,Personal Data Leak,False,0.97,cyber,cyber_network_threat_dataset,HAZ-BUS-EXT-0446,HZ_00601
HAZ-FLO-SEV-0447,2026-04-10 06:13:23,flood,severe,Fraud,Phone Call,Relief Support Officer,Citizens,False Claim Submission,False,0.83,cyber,cyber_network_threat_dataset,HAZ-FLO-SEV-0447,HZ_00241
HAZ-STO-MOD-0448,2026-04-15 13:16:23,storm,moderate,API Abuse,Token Misuse,,Government Agency,Record Manipulation,True,0.77,cyber,cyber_network_threat_dataset,HAZ-STO-MOD-0448,HZ_00354
HAZ-STO-MOD-0449,2026-04-13 12:13:23,storm,moderate,Fraud,Fake Portal,Repair Contractor,Citizens,Identity Theft,False,0.77,cyber,cyber_network_threat_dataset,HAZ-STO-MOD-0449,HZ_00361
HAZ-EAR-MOD-0450,2026-04-13 14:04:23,earthquake,moderate,Emergency Alert Compromise,Stolen Credentials,Official Warning Service,Healthcare Organisation,Mass Panic Triggered,False,0.96,cyber,cyber_network_threat_dataset,HAZ-EAR-MOD-0450,HZ_02387
HAZ-CYC-EXT-0451,2026-04-11 07:53:23,cyclone,extreme,Data Breach,Unsecured API,,Critical Infrastructure,Sensitive Record Exposure,True,0.77,cyber,cyber_network_threat_dataset,HAZ-CYC-EXT-0451,HZ_02190
HAZ-STO-MOD-0452,2026-04-11 20:24:23,storm,moderate,Misinformation,Social Media Post,Anonymous Social Media Account,Critical Infrastructure,Trust Erosion,True,0.89,cyber,cyber_network_threat_dataset,HAZ-STO-MOD-0452,HZ_00369
HAZ-FLO-MOD-0453,2026-04-14 18:43:23,flood,moderate,Fraud,Phone Call,Relief Support Officer,Emergency Services,Fake Payment,True,0.79,cyber,cyber_network_threat_dataset,HAZ-FLO-MOD-0453,HZ_00480
HAZ-HEA-MOD-0454,2026-04-13 21:57:23,heatwave,moderate,Emergency Alert Compromise,Stolen Credentials,Emergency Alert System,Citizens,Mass Panic Triggered,False,0.77,cyber,cyber_network_threat_dataset,HAZ-HEA-MOD-0454,HZ_00463
HAZ-EAR-SEV-0455,2026-04-15 08:00:23,earthquake,severe,DDoS,Botnet Traffic,,Critical Infrastructure,Delayed Response,True,0.77,cyber,cyber_network_threat_dataset,HAZ-EAR-SEV-0455,HZ_00925
HAZ-CYC-MOD-0456,2026-04-15 15:37:23,cyclone,moderate,Data Breach,Unsecured API,,Emergency Services,Sensitive Record Exposure,False,0.87,cyber,cyber_network_threat_dataset,HAZ-CYC-MOD-0456,HZ_01955
HAZ-HEA-EXT-0457,2026-04-12 08:14:23,heatwave,extreme,Misinformation,Social Media Post,Unofficial News Page,Relief Organisation,Public Confusion,False,0.86,cyber,cyber_network_threat_dataset,HAZ-HEA-EXT-0457,HZ_01326
HAZ-BUS-MOD-0458,2026-04-14 20:20:23,bushfire,moderate,API Abuse,Token Misuse,,Critical Infrastructure,Unauthorised Data Access,True,0.79,cyber,cyber_network_threat_dataset,HAZ-BUS-MOD-0458,HZ_00304
HAZ-STO-SEV-0459,2026-04-12 00:49:23,storm,severe,Ransomware,Malicious Attachment,,Critical Infrastructure,Data Exposure,True,0.95,cyber,cyber_network_threat_dataset,HAZ-STO-SEV-0459,HZ_00240
HAZ-STO-EXT-0460,2026-04-15 21:25:23,storm,extreme,DDoS,Botnet Traffic,,Citizens,Delayed Response,True,0.78,cyber,cyber_network_threat_dataset,HAZ-STO-EXT-0460,HZ_00572
HAZ-BUS-SEV-0461,2026-04-15 06:36:23,bushfire,severe,Data Breach,Stolen Credentials,,Government Agency,Sensitive Record Exposure,False,0.85,cyber,cyber_network_threat_dataset,HAZ-BUS-SEV-0461,HZ_00206
HAZ-STO-SEV-0462,2026-04-16 04:44:23,storm,severe,Phishing,Email,Charity Organisation,Critical Infrastructure,Credential Theft,True,0.96,cyber,cyber_network_threat_dataset,HAZ-STO-SEV-0462,HZ_00242
HAZ-HEA-MOD-0463,2026-04-15 12:15:23,heatwave,moderate,Fraud,Fake Portal,Fake Charity,Emergency Services,False Claim Submission,True,0.73,cyber,cyber_network_threat_dataset,HAZ-HEA-MOD-0463,HZ_00467
HAZ-STO-SEV-0464,2026-04-15 00:36:23,storm,severe,DDoS,Botnet Traffic,,Citizens,Delayed Response,False,0.82,cyber,cyber_network_threat_dataset,HAZ-STO-SEV-0464,HZ_00260
HAZ-BUS-SEV-0465,2026-04-12 22:19:23,bushfire,severe,Misinformation,Deepfake Video,Anonymous Social Media Account,Healthcare Organisation,False Evacuation,True,0.7,cyber,cyber_network_threat_dataset,HAZ-BUS-SEV-0465,HZ_00217
HAZ-FLO-SEV-0466,2026-04-14 06:40:23,flood,severe,Fraud,Social Media,Relief Support Officer,Healthcare Organisation,Fake Payment,True,0.91,cyber,cyber_network_threat_dataset,HAZ-FLO-SEV-0466,HZ_00265
HAZ-CYC-MOD-0467,2026-04-16 07:03:23,cyclone,moderate,Data Breach,Stolen Credentials,,Relief Organisation,Personal Data Leak,False,0.85,cyber,cyber_network_threat_dataset,HAZ-CYC-MOD-0467,HZ_01993
HAZ-BUS-EXT-0468,2026-04-11 10:57:23,bushfire,extreme,Data Breach,Stolen Credentials,,Relief Organisation,Sensitive Record Exposure,True,0.91,cyber,cyber_network_threat_dataset,HAZ-BUS-EXT-0468,HZ_00608
HAZ-FLO-SEV-0469,2026-04-11 08:49:23,flood,severe,Ransomware,Credential Theft,,Critical Infrastructure,System Encryption,True,0.78,cyber,cyber_network_threat_dataset,HAZ-FLO-SEV-0469,HZ_00277
HAZ-EAR-SEV-0470,2026-04-12 00:55:23,earthquake,severe,DDoS,Botnet Traffic,,Relief Organisation,Delayed Response,True,0.75,cyber,cyber_network_threat_dataset,HAZ-EAR-SEV-0470,HZ_01078
HAZ-STO-MOD-0471,2026-04-14 23:20:23,storm,moderate,DDoS,Botnet Traffic,,Emergency Services,Service Unavailable,True,0.95,cyber,cyber_network_threat_dataset,HAZ-STO-MOD-0471,HZ_00373
HAZ-BUS-EXT-0472,2026-04-13 01:35:23,bushfire,extreme,Misinformation,Social Media Post,Anonymous Social Media Account,Healthcare Organisation,Trust Erosion,True,0.98,cyber,cyber_network_threat_dataset,HAZ-BUS-EXT-0472,HZ_00629
HAZ-HEA-MOD-0473,2026-04-13 20:41:23,heatwave,moderate,Fraud,Social Media,Repair Contractor,Emergency Services,Identity Theft,False,0.71,cyber,cyber_network_threat_dataset,HAZ-HEA-MOD-0473,HZ_00498
HAZ-BUS-EXT-0474,2026-04-15 12:40:23,bushfire,extreme,Phishing,SMS,Insurance Provider,Government Agency,Credential Theft,False,0.98,cyber,cyber_network_threat_dataset,HAZ-BUS-EXT-0474,HZ_00636
HAZ-CYC-MOD-0475,2026-04-11 18:01:23,cyclone,moderate,Phishing,SMS,Emergency Services,Healthcare Organisation,Credential Theft,True,0.88,cyber,cyber_network_threat_dataset,HAZ-CYC-MOD-0475,HZ_02054
HAZ-EAR-SEV-0476,2026-04-14 00:39:23,earthquake,severe,Data Breach,Stolen Credentials,,Citizens,Personal Data Leak,False,0.71,cyber,cyber_network_threat_dataset,HAZ-EAR-SEV-0476,HZ_01098
HAZ-FLO-EXT-0477,2026-04-11 00:50:23,flood,extreme,Data Breach,Stolen Credentials,,Government Agency,Personal Data Leak,True,0.96,cyber,cyber_network_threat_dataset,HAZ-FLO-EXT-0477,HZ_00444
HAZ-HEA-MOD-0478,2026-04-16 13:32:23,heatwave,moderate,Fraud,Social Media,Relief Support Officer,Healthcare Organisation,Identity Theft,False,0.86,cyber,cyber_network_threat_dataset,HAZ-HEA-MOD-0478,HZ_00506
HAZ-CYC-EXT-0479,2026-04-11 03:52:23,cyclone,extreme,Ransomware,Credential Theft,,Government Agency,Data Exposure,True,0.74,cyber,cyber_network_threat_dataset,HAZ-CYC-EXT-0479,HZ_02214
HAZ-FLO-EXT-0480,2026-04-15 19:40:23,flood,extreme,Phishing,SMS,Charity Organisation,Government Agency,Malware Download,True,0.98,cyber,cyber_network_threat_dataset,HAZ-FLO-EXT-0480,HZ_00458
HAZ-FLO-SEV-0481,2026-04-12 18:48:23,flood,severe,Misinformation,Social Media Post,Fake Government Account,Healthcare Organisation,Trust Erosion,True,0.88,cyber,cyber_network_threat_dataset,HAZ-FLO-SEV-0481,HZ_00286
HAZ-BUS-MOD-0482,2026-04-12 22:35:23,bushfire,moderate,Misinformation,Social Media Post,Unofficial News Page,Relief Organisation,False Evacuation,False,0.73,cyber,cyber_network_threat_dataset,HAZ-BUS-MOD-0482,HZ_00318
HAZ-EAR-MOD-0483,2026-04-12 15:44:23,earthquake,moderate,Ransomware,Credential Theft,,Critical Infrastructure,Service Disruption,True,0.83,cyber,cyber_network_threat_dataset,HAZ-EAR-MOD-0483,HZ_02559
HAZ-HEA-MOD-0484,2026-04-10 01:32:23,heatwave,moderate,API Abuse,Token Misuse,,Healthcare Organisation,Record Manipulation,True,0.75,cyber,cyber_network_threat_dataset,HAZ-HEA-MOD-0484,HZ_00552
HAZ-HEA-SEV-0485,2026-04-14 09:35:23,heatwave,severe,Misinformation,Deepfake Video,Fake Government Account,Emergency Services,False Evacuation,False,0.93,cyber,cyber_network_threat_dataset,HAZ-HEA-SEV-0485,HZ_00584
HAZ-CYC-MOD-0486,2026-04-16 13:55:23,cyclone,moderate,Fraud,Social Media,Fake Charity,Healthcare Organisation,Fake Payment,False,0.85,cyber,cyber_network_threat_dataset,HAZ-CYC-MOD-0486,HZ_02088
HAZ-HEA-SEV-0487,2026-04-11 01:54:23,heatwave,severe,DDoS,Botnet Traffic,,Government Agency,Delayed Response,False,0.84,cyber,cyber_network_threat_dataset,HAZ-HEA-SEV-0487,HZ_00611
HAZ-EAR-MOD-0488,2026-04-13 23:09:23,earthquake,moderate,API Abuse,Scripted Requests,,Healthcare Organisation,Record Manipulation,True,0.88,cyber,cyber_network_threat_dataset,HAZ-EAR-MOD-0488,HZ_02578
HAZ-CYC-MOD-0489,2026-04-13 07:02:23,cyclone,moderate,Misinformation,Deepfake Video,Fake Government Account,Citizens,Public Confusion,True,0.89,cyber,cyber_network_threat_dataset,HAZ-CYC-MOD-0489,HZ_02379
HAZ-BUS-MOD-0490,2026-04-14 14:30:23,bushfire,moderate,API Abuse,Token Misuse,,Critical Infrastructure,Record Manipulation,True,0.93,cyber,cyber_network_threat_dataset,HAZ-BUS-MOD-0490,HZ_00336
HAZ-BUS-MOD-0491,2026-04-10 05:22:23,bushfire,moderate,Misinformation,Deepfake Video,Unofficial News Page,Relief Organisation,Public Confusion,False,0.93,cyber,cyber_network_threat_dataset,HAZ-BUS-MOD-0491,HZ_00370
HAZ-STO-SEV-0492,2026-04-09 23:01:23,storm,severe,Phishing,Email,Emergency Services,Healthcare Organisation,Credential Theft,False,0.75,cyber,cyber_network_threat_dataset,HAZ-STO-SEV-0492,HZ_00269
HAZ-FLO-SEV-0493,2026-04-13 16:42:23,flood,severe,Data Breach,Unsecured API,,Relief Organisation,Sensitive Record Exposure,True,0.85,cyber,cyber_network_threat_dataset,HAZ-FLO-SEV-0493,HZ_00292
HAZ-EAR-SEV-0494,2026-04-15 08:10:23,earthquake,severe,Phishing,Email,Charity Organisation,Critical Infrastructure,Credential Theft,False,0.77,cyber,cyber_network_threat_dataset,HAZ-EAR-SEV-0494,HZ_01211
HAZ-HEA-SEV-0495,2026-04-16 17:46:23,heatwave,severe,Phishing,SMS,Charity Organisation,Critical Infrastructure,Financial Loss,True,0.93,cyber,cyber_network_threat_dataset,HAZ-HEA-SEV-0495,HZ_00620
HAZ-BUS-SEV-0496,2026-04-13 07:58:23,bushfire,severe,Ransomware,Malicious Attachment,,Healthcare Organisation,Data Exposure,False,0.73,cyber,cyber_network_threat_dataset,HAZ-BUS-SEV-0496,HZ_00225
HAZ-FLO-SEV-0497,2026-04-15 07:36:23,flood,severe,Data Breach,Stolen Credentials,,Healthcare Organisation,Personal Data Leak,False,0.93,cyber,cyber_network_threat_dataset,HAZ-FLO-SEV-0497,HZ_00298
HAZ-FLO-SEV-0498,2026-04-16 10:07:23,flood,severe,Misinformation,Social Media Post,Fake Government Account,Critical Infrastructure,False Evacuation,True,0.96,cyber,cyber_network_threat_dataset,HAZ-FLO-SEV-0498,HZ_00309
HAZ-HEA-EXT-0499,2026-04-13 04:40:23,heatwave,extreme,Emergency Alert Compromise,Stolen Credentials,Emergency Alert System,Critical Infrastructure,False Warning Sent,True,0.94,cyber,cyber_network_threat_dataset,HAZ-HEA-EXT-0499,HZ_01381
HAZ-STO-MOD-0500,2026-04-10 12:00:23,storm,moderate,Fraud,Phone Call,Relief Support Officer,Emergency Services,False Claim Submission,False,0.73,cyber,cyber_network_threat_dataset,HAZ-STO-MOD-0500,HZ_00379
HAZ-BUS-MOD-0501,2026-04-15 22:30:23,bushfire,moderate,Ransomware,Malicious Attachment,,Citizens,System Encryption,False,0.83,cyber,cyber_network_threat_dataset,HAZ-BUS-MOD-0501,HZ_00372
HAZ-EAR-EXT-0502,2026-04-14 19:25:23,earthquake,extreme,Emergency Alert Compromise,System Exploit,Emergency Alert System,Government Agency,False Warning Sent,False,0.97,cyber,cyber_network_threat_dataset,HAZ-EAR-EXT-0502,HZ_01569
HAZ-CYC-SEV-0503,2026-04-14 16:48:23,cyclone,severe,API Abuse,Scripted Requests,,Government Agency,Record Manipulation,True,0.82,cyber,cyber_network_threat_dataset,HAZ-CYC-SEV-0503,HZ_01132
HAZ-EAR-EXT-0504,2026-04-15 07:39:23,earthquake,extreme,Ransomware,Malicious Attachment,,Government Agency,System Encryption,False,0.73,cyber,cyber_network_threat_dataset,HAZ-EAR-EXT-0504,HZ_01579
HAZ-STO-SEV-0505,2026-04-14 13:16:23,storm,severe,Fraud,Social Media,Relief Support Officer,Government Agency,Identity Theft,True,0.78,cyber,cyber_network_threat_dataset,HAZ-STO-SEV-0505,HZ_00273
HAZ-BUS-MOD-0506,2026-04-14 17:49:23,bushfire,moderate,Misinformation,Social Media Post,Anonymous Social Media Account,Healthcare Organisation,Public Confusion,False,0.8,cyber,cyber_network_threat_dataset,HAZ-BUS-MOD-0506,HZ_00375
HAZ-STO-SEV-0507,2026-04-15 02:12:23,storm,severe,Data Breach,Unsecured API,,Citizens,Personal Data Leak,False,0.92,cyber,cyber_network_threat_dataset,HAZ-STO-SEV-0507,HZ_00283
HAZ-STO-EXT-0508,2026-04-10 00:15:23,storm,extreme,Fraud,Phone Call,Relief Support Officer,Healthcare Organisation,Fake Payment,True,0.84,cyber,cyber_network_threat_dataset,HAZ-STO-EXT-0508,HZ_00581
HAZ-BUS-EXT-0509,2026-04-11 14:39:23,bushfire,extreme,Phishing,Fake Website,Emergency Services,Critical Infrastructure,Malware Download,False,0.81,cyber,cyber_network_threat_dataset,HAZ-BUS-EXT-0509,HZ_00650
HAZ-BUS-MOD-0510,2026-04-12 20:56:23,bushfire,moderate,Ransomware,Malicious Attachment,,Critical Infrastructure,System Encryption,False,0.81,cyber,cyber_network_threat_dataset,HAZ-BUS-MOD-0510,HZ_00389
HAZ-CYC-MOD-0511,2026-04-10 02:26:23,cyclone,moderate,API Abuse,Token Misuse,,Relief Organisation,Unauthorised Data Access,False,0.79,cyber,cyber_network_threat_dataset,HAZ-CYC-MOD-0511,HZ_02437
HAZ-FLO-MOD-0512,2026-04-11 01:39:23,flood,moderate,Fraud,Phone Call,Fake Charity,Emergency Services,Identity Theft,True,0.83,cyber,cyber_network_threat_dataset,HAZ-FLO-MOD-0512,HZ_00524
HAZ-BUS-EXT-0513,2026-04-12 10:33:23,bushfire,extreme,Data Breach,Unsecured API,,Emergency Services,Personal Data Leak,True,0.93,cyber,cyber_network_threat_dataset,HAZ-BUS-EXT-0513,HZ_00692
HAZ-FLO-MOD-0514,2026-04-13 21:42:23,flood,moderate,Misinformation,Social Media Post,Fake Government Account,Healthcare Organisation,Trust Erosion,False,0.81,cyber,cyber_network_threat_dataset,HAZ-FLO-MOD-0514,HZ_00529
HAZ-EAR-SEV-0515,2026-04-14 11:50:23,earthquake,severe,Emergency Alert Compromise,System Exploit,Official Warning Service,Relief Organisation,False Warning Sent,True,0.93,cyber,cyber_network_threat_dataset,HAZ-EAR-SEV-0515,HZ_01345
HAZ-EAR-EXT-0516,2026-04-11 07:56:23,earthquake,extreme,Fraud,Fake Portal,Relief Support Officer,Healthcare Organisation,Identity Theft,True,0.81,cyber,cyber_network_threat_dataset,HAZ-EAR-EXT-0516,HZ_01808
HAZ-HEA-MOD-0517,2026-04-10 14:14:23,heatwave,moderate,Emergency Alert Compromise,System Exploit,Emergency Alert System,Relief Organisation,False Warning Sent,True,0.83,cyber,cyber_network_threat_dataset,HAZ-HEA-MOD-0517,HZ_00579
HAZ-BUS-SEV-0518,2026-04-16 13:22:23,bushfire,severe,Misinformation,Social Media Post,Unofficial News Page,Critical Infrastructure,Public Confusion,True,0.93,cyber,cyber_network_threat_dataset,HAZ-BUS-SEV-0518,HZ_00228
HAZ-FLO-MOD-0519,2026-04-12 18:49:23,flood,moderate,Data Breach,Unsecured API,,Emergency Services,Personal Data Leak,True,0.82,cyber,cyber_network_threat_dataset,HAZ-FLO-MOD-0519,HZ_00542
HAZ-HEA-MOD-0520,2026-04-14 12:23:23,heatwave,moderate,Emergency Alert Compromise,Stolen Credentials,Emergency Alert System,Healthcare Organisation,False Warning Sent,False,0.98,cyber,cyber_network_threat_dataset,HAZ-HEA-MOD-0520,HZ_00619
HAZ-EAR-EXT-0521,2026-04-16 13:34:23,earthquake,extreme,DDoS,Botnet Traffic,,Healthcare Organisation,Service Unavailable,False,0.92,cyber,cyber_network_threat_dataset,HAZ-EAR-EXT-0521,HZ_01997
HAZ-CYC-EXT-0522,2026-04-16 01:31:23,cyclone,extreme,Emergency Alert Compromise,Stolen Credentials,Emergency Alert System,Healthcare Organisation,False Warning Sent,True,0.72,cyber,cyber_network_threat_dataset,HAZ-CYC-EXT-0522,HZ_02299
HAZ-HEA-EXT-0523,2026-04-12 06:31:23,heatwave,extreme,Phishing,SMS,Charity Organisation,Citizens,Financial Loss,False,0.98,cyber,cyber_network_threat_dataset,HAZ-HEA-EXT-0523,HZ_01451
HAZ-BUS-EXT-0524,2026-04-15 10:17:23,bushfire,extreme,Data Breach,Stolen Credentials,,Critical Infrastructure,Sensitive Record Exposure,True,0.79,cyber,cyber_network_threat_dataset,HAZ-BUS-EXT-0524,HZ_00698
HAZ-BUS-SEV-0525,2026-04-15 08:19:23,bushfire,severe,Fraud,Fake Portal,Fake Charity,Relief Organisation,False Claim Submission,True,0.76,cyber,cyber_network_threat_dataset,HAZ-BUS-SEV-0525,HZ_00239
HAZ-FLO-MOD-0526,2026-04-12 14:53:23,flood,moderate,DDoS,Botnet Traffic,,Citizens,Delayed Response,True,0.93,cyber,cyber_network_threat_dataset,HAZ-FLO-MOD-0526,HZ_00548
HAZ-FLO-SEV-0527,2026-04-11 02:25:23,flood,severe,Data Breach,Unsecured API,,Healthcare Organisation,Personal Data Leak,True,0.9,cyber,cyber_network_threat_dataset,HAZ-FLO-SEV-0527,HZ_00311
HAZ-EAR-MOD-0528,2026-04-12 23:53:23,earthquake,moderate,Fraud,Social Media,Repair Contractor,Government Agency,Identity Theft,False,0.87,cyber,cyber_network_threat_dataset,HAZ-EAR-MOD-0528,HZ_02579
HAZ-BUS-SEV-0529,2026-04-12 09:35:23,bushfire,severe,Data Breach,Stolen Credentials,,Government Agency,Sensitive Record Exposure,False,0.74,cyber,cyber_network_threat_dataset,HAZ-BUS-SEV-0529,HZ_00249
HAZ-EAR-SEV-0530,2026-04-14 06:04:23,earthquake,severe,Data Breach,Unsecured API,,Relief Organisation,Personal Data Leak,False,0.93,cyber,cyber_network_threat_dataset,HAZ-EAR-SEV-0530,HZ_01350
HAZ-STO-EXT-0531,2026-04-12 12:35:23,storm,extreme,Emergency Alert Compromise,System Exploit,Official Warning Service,Emergency Services,Mass Panic Triggered,False,0.74,cyber,cyber_network_threat_dataset,HAZ-STO-EXT-0531,HZ_00585
HAZ-FLO-EXT-0532,2026-04-14 08:04:23,flood,extreme,Misinformation,Deepfake Video,Unofficial News Page,Citizens,False Evacuation,False,0.89,cyber,cyber_network_threat_dataset,HAZ-FLO-EXT-0532,HZ_00461
HAZ-BUS-EXT-0533,2026-04-15 15:42:23,bushfire,extreme,Emergency Alert Compromise,System Exploit,Emergency Alert System,Healthcare Organisation,False Warning Sent,True,0.95,cyber,cyber_network_threat_dataset,HAZ-BUS-EXT-0533,HZ_00699
HAZ-CYC-EXT-0534,2026-04-16 11:21:23,cyclone,extreme,Data Breach,Unsecured API,,Government Agency,Sensitive Record Exposure,True,0.83,cyber,cyber_network_threat_dataset,HAZ-CYC-EXT-0534,HZ_02539
HAZ-EAR-EXT-0535,2026-04-13 13:49:23,earthquake,extreme,Emergency Alert Compromise,Stolen Credentials,Emergency Alert System,Healthcare Organisation,Mass Panic Triggered,True,0.75,cyber,cyber_network_threat_dataset,HAZ-EAR-EXT-0535,HZ_02321
HAZ-FLO-MOD-0536,2026-04-15 09:56:23,flood,moderate,Data Breach,Unsecured API,,Emergency Services,Personal Data Leak,True,0.72,cyber,cyber_network_threat_dataset,HAZ-FLO-MOD-0536,HZ_00588
HAZ-BUS-SEV-0537,2026-04-14 09:01:23,bushfire,severe,DDoS,Botnet Traffic,,Emergency Services,Service Unavailable,True,0.79,cyber,cyber_network_threat_dataset,HAZ-BUS-SEV-0537,HZ_00254
HAZ-BUS-EXT-0538,2026-04-13 10:15:23,bushfire,extreme,Phishing,SMS,Insurance Provider,Government Agency,Malware Download,False,0.71,cyber,cyber_network_threat_dataset,HAZ-BUS-EXT-0538,HZ_00717
HAZ-FLO-SEV-0539,2026-04-15 11:02:23,flood,severe,Phishing,Fake Website,Emergency Services,Emergency Services,Credential Theft,False,0.94,cyber,cyber_network_threat_dataset,HAZ-FLO-SEV-0539,HZ_00317
HAZ-STO-SEV-0540,2026-04-11 09:20:23,storm,severe,Emergency Alert Compromise,System Exploit,Official Warning Service,Relief Organisation,False Warning Sent,False,0.92,cyber,cyber_network_threat_dataset,HAZ-STO-SEV-0540,HZ_00293
HAZ-BUS-SEV-0541,2026-04-14 20:26:23,bushfire,severe,API Abuse,Scripted Requests,,Citizens,Record Manipulation,True,0.82,cyber,cyber_network_threat_dataset,HAZ-BUS-SEV-0541,HZ_00255
HAZ-CYC-SEV-0542,2026-04-15 20:51:23,cyclone,severe,API Abuse,Scripted Requests,,Healthcare Organisation,Unauthorised Data Access,False,0.86,cyber,cyber_network_threat_dataset,HAZ-CYC-SEV-0542,HZ_01200
HAZ-CYC-EXT-0543,2026-04-10 20:39:23,cyclone,extreme,DDoS,Botnet Traffic,,Healthcare Organisation,Delayed Response,True,0.76,cyber,cyber_network_threat_dataset,HAZ-CYC-EXT-0543,HZ_02591
HAZ-EAR-MOD-0544,2026-04-13 01:08:23,earthquake,moderate,Data Breach,Stolen Credentials,,Healthcare Organisation,Personal Data Leak,True,0.93,cyber,cyber_network_threat_dataset,HAZ-EAR-MOD-0544,HZ_02599
HAZ-CYC-EXT-0545,2026-04-14 22:12:23,cyclone,extreme,DDoS,Botnet Traffic,,Emergency Services,Service Unavailable,False,0.98,cyber,cyber_network_threat_dataset,HAZ-CYC-EXT-0545,HZ_02717
HAZ-CYC-MOD-0546,2026-04-13 01:25:23,cyclone,moderate,Phishing,SMS,Insurance Provider,Citizens,Financial Loss,True,0.72,cyber,cyber_network_threat_dataset,HAZ-CYC-MOD-0546,HZ_02639
HAZ-STO-MOD-0547,2026-04-12 16:57:23,storm,moderate,DDoS,Botnet Traffic,,Critical Infrastructure,Service Unavailable,True,0.86,cyber,cyber_network_threat_dataset,HAZ-STO-MOD-0547,HZ_00385
HAZ-HEA-SEV-0548,2026-04-10 05:49:23,heatwave,severe,Misinformation,Deepfake Video,Unofficial News Page,Government Agency,False Evacuation,True,0.72,cyber,cyber_network_threat_dataset,HAZ-HEA-SEV-0548,HZ_00663
HAZ-FLO-EXT-0549,2026-04-13 23:51:23,flood,extreme,Phishing,Fake Website,Government Relief Agency,Government Agency,Financial Loss,False,0.81,cyber,cyber_network_threat_dataset,HAZ-FLO-EXT-0549,HZ_00482
HAZ-STO-EXT-0550,2026-04-15 11:34:23,storm,extreme,Fraud,Social Media,Relief Support Officer,Healthcare Organisation,Identity Theft,False,0.79,cyber,cyber_network_threat_dataset,HAZ-STO-EXT-0550,HZ_00590
HAZ-EAR-MOD-0551,2026-04-13 05:15:23,earthquake,moderate,Ransomware,Credential Theft,,Critical Infrastructure,Service Disruption,False,0.91,cyber,cyber_network_threat_dataset,HAZ-EAR-MOD-0551,HZ_02642
HAZ-CYC-MOD-0552,2026-04-10 10:06:23,cyclone,moderate,Ransomware,Malicious Attachment,,Relief Organisation,Data Exposure,False,0.87,cyber,cyber_network_threat_dataset,HAZ-CYC-MOD-0552,HZ_02686
HAZ-STO-MOD-0553,2026-04-12 22:25:23,storm,moderate,Fraud,Phone Call,Fake Charity,Emergency Services,Fake Payment,False,0.93,cyber,cyber_network_threat_dataset,HAZ-STO-MOD-0553,HZ_00400
HAZ-BUS-EXT-0554,2026-04-11 16:54:23,bushfire,extreme,Fraud,Social Media,Repair Contractor,Government Agency,Identity Theft,True,0.86,cyber,cyber_network_threat_dataset,HAZ-BUS-EXT-0554,HZ_00789
HAZ-FLO-MOD-0555,2026-04-13 13:22:23,flood,moderate,Phishing,SMS,Government Relief Agency,Critical Infrastructure,Credential Theft,True,0.8,cyber,cyber_network_threat_dataset,HAZ-FLO-MOD-0555,HZ_00600
HAZ-HEA-EXT-0556,2026-04-16 17:36:23,heatwave,extreme,Misinformation,Deepfake Video,Anonymous Social Media Account,Government Agency,Trust Erosion,True,0.97,cyber,cyber_network_threat_dataset,HAZ-HEA-EXT-0556,HZ_01484
HAZ-FLO-MOD-0557,2026-04-10 17:42:23,flood,moderate,Data Breach,Stolen Credentials,,Government Agency,Personal Data Leak,False,0.91,cyber,cyber_network_threat_dataset,HAZ-FLO-MOD-0557,HZ_00632
HAZ-FLO-EXT-0558,2026-04-10 02:08:23,flood,extreme,API Abuse,Scripted Requests,,Relief Organisation,Record Manipulation,False,0.85,cyber,cyber_network_threat_dataset,HAZ-FLO-EXT-0558,HZ_00505
HAZ-EAR-EXT-0559,2026-04-15 00:25:23,earthquake,extreme,Fraud,Phone Call,Repair Contractor,Relief Organisation,Fake Payment,False,0.94,cyber,cyber_network_threat_dataset,HAZ-EAR-EXT-0559,HZ_02436
HAZ-FLO-SEV-0560,2026-04-11 10:54:23,flood,severe,Fraud,Social Media,Fake Charity,Government Agency,Fake Payment,True,0.85,cyber,cyber_network_threat_dataset,HAZ-FLO-SEV-0560,HZ_00350
HAZ-STO-MOD-0561,2026-04-12 00:08:23,storm,moderate,Fraud,Fake Portal,Repair Contractor,Emergency Services,Identity Theft,True,0.87,cyber,cyber_network_threat_dataset,HAZ-STO-MOD-0561,HZ_00401
HAZ-STO-EXT-0562,2026-04-12 19:28:23,storm,extreme,Phishing,SMS,Government Relief Agency,Citizens,Credential Theft,False,0.74,cyber,cyber_network_threat_dataset,HAZ-STO-EXT-0562,HZ_00602
HAZ-EAR-EXT-0563,2026-04-16 16:47:23,earthquake,extreme,Fraud,Phone Call,Fake Charity,Relief Organisation,Fake Payment,False,0.87,cyber,cyber_network_threat_dataset,HAZ-EAR-EXT-0563,HZ_02472
HAZ-HEA-MOD-0564,2026-04-12 15:10:23,heatwave,moderate,Ransomware,Credential Theft,,Citizens,System Encryption,True,0.8,cyber,cyber_network_threat_dataset,HAZ-HEA-MOD-0564,HZ_00646
HAZ-CYC-EXT-0565,2026-04-14 03:16:23,cyclone,extreme,Data Breach,Unsecured API,,Government Agency,Sensitive Record Exposure,True,0.97,cyber,cyber_network_threat_dataset,HAZ-CYC-EXT-0565,HZ_02776
HAZ-CYC-EXT-0566,2026-04-10 08:54:23,cyclone,extreme,Data Breach,Unsecured API,,Emergency Services,Sensitive Record Exposure,False,0.93,cyber,cyber_network_threat_dataset,HAZ-CYC-EXT-0566,HZ_02820
HAZ-EAR-EXT-0567,2026-04-13 13:13:23,earthquake,extreme,Emergency Alert Compromise,System Exploit,Official Warning Service,Critical Infrastructure,Mass Panic Triggered,True,0.86,cyber,cyber_network_threat_dataset,HAZ-EAR-EXT-0567,HZ_02584
HAZ-FLO-EXT-0568,2026-04-15 03:26:23,flood,extreme,Ransomware,Malicious Attachment,,Healthcare Organisation,Data Exposure,True,0.72,cyber,cyber_network_threat_dataset,HAZ-FLO-EXT-0568,HZ_00510
HAZ-HEA-EXT-0569,2026-04-16 18:26:23,heatwave,extreme,Misinformation,Social Media Post,Unofficial News Page,Government Agency,Trust Erosion,False,0.74,cyber,cyber_network_threat_dataset,HAZ-HEA-EXT-0569,HZ_01590
HAZ-FLO-SEV-0570,2026-04-10 19:51:23,flood,severe,Data Breach,Unsecured API,,Healthcare Organisation,Sensitive Record Exposure,False,0.73,cyber,cyber_network_threat_dataset,HAZ-FLO-SEV-0570,HZ_00355
HAZ-BUS-MOD-0571,2026-04-11 09:00:23,bushfire,moderate,Phishing,Fake Website,Insurance Provider,Citizens,Credential Theft,False,0.92,cyber,cyber_network_threat_dataset,HAZ-BUS-MOD-0571,HZ_00391
HAZ-BUS-EXT-0572,2026-04-13 14:08:23,bushfire,extreme,Phishing,Fake Website,Government Relief Agency,Citizens,Credential Theft,False,0.78,cyber,cyber_network_threat_dataset,HAZ-BUS-EXT-0572,HZ_00792
HAZ-STO-EXT-0573,2026-04-15 00:10:23,storm,extreme,Data Breach,Unsecured API,,Critical Infrastructure,Sensitive Record Exposure,True,0.86,cyber,cyber_network_threat_dataset,HAZ-STO-EXT-0573,HZ_00622
HAZ-HEA-EXT-0574,2026-04-13 23:30:23,heatwave,extreme,Phishing,Fake Website,Charity Organisation,Relief Organisation,Financial Loss,True,0.78,cyber,cyber_network_threat_dataset,HAZ-HEA-EXT-0574,HZ_01678
HAZ-BUS-SEV-0575,2026-04-11 07:36:23,bushfire,severe,DDoS,Botnet Traffic,,Citizens,Service Unavailable,True,0.89,cyber,cyber_network_threat_dataset,HAZ-BUS-SEV-0575,HZ_00262
HAZ-STO-EXT-0576,2026-04-16 07:00:23,storm,extreme,Ransomware,Malicious Attachment,,Critical Infrastructure,Service Disruption,False,0.86,cyber,cyber_network_threat_dataset,HAZ-STO-EXT-0576,HZ_00644
HAZ-STO-EXT-0577,2026-04-13 06:37:23,storm,extreme,API Abuse,Scripted Requests,,Government Agency,Unauthorised Data Access,True,0.81,cyber,cyber_network_threat_dataset,HAZ-STO-EXT-0577,HZ_00652
HAZ-FLO-EXT-0578,2026-04-13 21:17:23,flood,extreme,DDoS,Botnet Traffic,,Citizens,Delayed Response,False,0.75,cyber,cyber_network_threat_dataset,HAZ-FLO-EXT-0578,HZ_00561
HAZ-BUS-SEV-0579,2026-04-11 09:22:23,bushfire,severe,Misinformation,Social Media Post,Unofficial News Page,Critical Infrastructure,Public Confusion,False,0.74,cyber,cyber_network_threat_dataset,HAZ-BUS-SEV-0579,HZ_00268
HAZ-CYC-SEV-0580,2026-04-10 22:02:23,cyclone,severe,Fraud,Fake Portal,Fake Charity,Citizens,Fake Payment,False,0.76,cyber,cyber_network_threat_dataset,HAZ-CYC-SEV-0580,HZ_01264
HAZ-HEA-SEV-0581,2026-04-13 20:22:23,heatwave,severe,DDoS,Botnet Traffic,,Critical Infrastructure,Delayed Response,True,0.9,cyber,cyber_network_threat_dataset,HAZ-HEA-SEV-0581,HZ_00681
HAZ-STO-EXT-0582,2026-04-11 04:23:23,storm,extreme,DDoS,Botnet Traffic,,Healthcare Organisation,Delayed Response,True,0.75,cyber,cyber_network_threat_dataset,HAZ-STO-EXT-0582,HZ_00655
HAZ-FLO-MOD-0583,2026-04-16 21:17:23,flood,moderate,Emergency Alert Compromise,System Exploit,Official Warning Service,Citizens,False Warning Sent,False,0.85,cyber,cyber_network_threat_dataset,HAZ-FLO-MOD-0583,HZ_00639
HAZ-STO-MOD-0584,2026-04-11 03:44:23,storm,moderate,DDoS,Botnet Traffic,,Critical Infrastructure,Delayed Response,False,0.88,cyber,cyber_network_threat_dataset,HAZ-STO-MOD-0584,HZ_00402
HAZ-HEA-EXT-0585,2026-04-16 16:27:23,heatwave,extreme,Misinformation,Social Media Post,Fake Government Account,Government Agency,Trust Erosion,True,0.96,cyber,cyber_network_threat_dataset,HAZ-HEA-EXT-0585,HZ_01690
HAZ-BUS-SEV-0586,2026-04-10 03:27:23,bushfire,severe,Phishing,Fake Website,Insurance Provider,Healthcare Organisation,Malware Download,True,0.83,cyber,cyber_network_threat_dataset,HAZ-BUS-SEV-0586,HZ_00278
HAZ-EAR-SEV-0587,2026-04-15 12:52:23,earthquake,severe,Fraud,Social Media,Fake Charity,Citizens,Identity Theft,True,0.98,cyber,cyber_network_threat_dataset,HAZ-EAR-SEV-0587,HZ_01382
HAZ-STO-EXT-0588,2026-04-10 19:38:23,storm,extreme,DDoS,Botnet Traffic,,Relief Organisation,Delayed Response,True,0.95,cyber,cyber_network_threat_dataset,HAZ-STO-EXT-0588,HZ_00659
HAZ-BUS-MOD-0589,2026-04-14 02:24:23,bushfire,moderate,Ransomware,Malicious Attachment,,Healthcare Organisation,System Encryption,False,0.87,cyber,cyber_network_threat_dataset,HAZ-BUS-MOD-0589,HZ_00392
HAZ-STO-MOD-0590,2026-04-15 09:29:23,storm,moderate,Fraud,Phone Call,Relief Support Officer,Government Agency,Identity Theft,True,0.87,cyber,cyber_network_threat_dataset,HAZ-STO-MOD-0590,HZ_00417
HAZ-STO-MOD-0591,2026-04-15 06:47:23,storm,moderate,DDoS,Botnet Traffic,,Relief Organisation,Service Unavailable,True,0.87,cyber,cyber_network_threat_dataset,HAZ-STO-MOD-0591,HZ_00420
HAZ-EAR-SEV-0592,2026-04-14 17:49:23,earthquake,severe,DDoS,Botnet Traffic,,Emergency Services,Delayed Response,False,0.77,cyber,cyber_network_threat_dataset,HAZ-EAR-SEV-0592,HZ_01405
HAZ-HEA-MOD-0593,2026-04-14 10:28:23,heatwave,moderate,Phishing,SMS,Government Relief Agency,Government Agency,Financial Loss,False,0.9,cyber,cyber_network_threat_dataset,HAZ-HEA-MOD-0593,HZ_00711
HAZ-EAR-MOD-0594,2026-04-12 02:41:23,earthquake,moderate,Data Breach,Unsecured API,,Relief Organisation,Sensitive Record Exposure,True,0.84,cyber,cyber_network_threat_dataset,HAZ-EAR-MOD-0594,HZ_02696
HAZ-STO-SEV-0595,2026-04-14 14:01:23,storm,severe,Data Breach,Stolen Credentials,,Citizens,Sensitive Record Exposure,False,0.71,cyber,cyber_network_threat_dataset,HAZ-STO-SEV-0595,HZ_00313
HAZ-CYC-EXT-0596,2026-04-12 03:18:23,cyclone,extreme,DDoS,Botnet Traffic,,Relief Organisation,Delayed Response,True,0.72,cyber,cyber_network_threat_dataset,HAZ-CYC-EXT-0596,HZ_02830
HAZ-STO-EXT-0597,2026-04-12 23:20:23,storm,extreme,Fraud,Phone Call,Relief Support Officer,Government Agency,Identity Theft,True,0.84,cyber,cyber_network_threat_dataset,HAZ-STO-EXT-0597,HZ_00662
HAZ-BUS-EXT-0598,2026-04-10 11:54:23,bushfire,extreme,DDoS,Botnet Traffic,,Healthcare Organisation,Delayed Response,False,0.97,cyber,cyber_network_threat_dataset,HAZ-BUS-EXT-0598,HZ_00803
HAZ-CYC-EXT-0599,2026-04-11 19:42:23,cyclone,extreme,Phishing,SMS,Emergency Services,Emergency Services,Credential Theft,True,0.74,cyber,cyber_network_threat_dataset,HAZ-CYC-EXT-0599,HZ_02839
HAZ-FLO-SEV-0600,2026-04-15 22:42:23,flood,severe,Data Breach,Stolen Credentials,,Government Agency,Personal Data Leak,True,0.91,cyber,cyber_network_threat_dataset,HAZ-FLO-SEV-0600,HZ_00358
HAZ-STO-MOD-0601,2026-04-11 04:08:23,storm,moderate,API Abuse,Scripted Requests,,Healthcare Organisation,Record Manipulation,False,0.74,cyber,cyber_network_threat_dataset,HAZ-STO-MOD-0601,HZ_00440
HAZ-HEA-SEV-0602,2026-04-15 09:22:23,heatwave,severe,Emergency Alert Compromise,System Exploit,Official Warning Service,Healthcare Organisation,Mass Panic Triggered,True,0.81,cyber,cyber_network_threat_dataset,HAZ-HEA-SEV-0602,HZ_00713
HAZ-STO-MOD-0603,2026-04-15 14:45:23,storm,moderate,Misinformation,Social Media Post,Fake Government Account,Government Agency,False Evacuation,False,0.84,cyber,cyber_network_threat_dataset,HAZ-STO-MOD-0603,HZ_00446
HAZ-HEA-MOD-0604,2026-04-13 18:53:23,heatwave,moderate,Fraud,Social Media,Fake Charity,Government Agency,Fake Payment,True,0.91,cyber,cyber_network_threat_dataset,HAZ-HEA-MOD-0604,HZ_00712
HAZ-FLO-MOD-0605,2026-04-14 04:02:23,flood,moderate,Data Breach,Stolen Credentials,,Citizens,Sensitive Record Exposure,True,0.85,cyber,cyber_network_threat_dataset,HAZ-FLO-MOD-0605,HZ_00654
HAZ-CYC-MOD-0606,2026-04-10 11:08:23,cyclone,moderate,Fraud,Social Media,Repair Contractor,Emergency Services,False Claim Submission,False,0.72,cyber,cyber_network_threat_dataset,HAZ-CYC-MOD-0606,HZ_02702
HAZ-FLO-EXT-0607,2026-04-10 02:53:23,flood,extreme,Fraud,Fake Portal,Relief Support Officer,Healthcare Organisation,Fake Payment,True,0.91,cyber,cyber_network_threat_dataset,HAZ-FLO-EXT-0607,HZ_00607
HAZ-HEA-SEV-0608,2026-04-14 20:05:23,heatwave,severe,Fraud,Phone Call,Fake Charity,Critical Infrastructure,Identity Theft,False,0.82,cyber,cyber_network_threat_dataset,HAZ-HEA-SEV-0608,HZ_00715
HAZ-BUS-EXT-0609,2026-04-11 12:39:23,bushfire,extreme,DDoS,Botnet Traffic,,Government Agency,Service Unavailable,True,0.89,cyber,cyber_network_threat_dataset,HAZ-BUS-EXT-0609,HZ_00810
HAZ-STO-EXT-0610,2026-04-12 11:45:23,storm,extreme,DDoS,Botnet Traffic,,Citizens,Service Unavailable,False,0.91,cyber,cyber_network_threat_dataset,HAZ-STO-EXT-0610,HZ_00690
HAZ-EAR-MOD-0611,2026-04-16 15:54:23,earthquake,moderate,Emergency Alert Compromise,Stolen Credentials,Official Warning Service,Government Agency,False Warning Sent,False,0.84,cyber,cyber_network_threat_dataset,HAZ-EAR-MOD-0611,HZ_02716
HAZ-BUS-MOD-0612,2026-04-16 03:58:23,bushfire,moderate,API Abuse,Token Misuse,,Government Agency,Record Manipulation,True,0.7,cyber,cyber_network_threat_dataset,HAZ-BUS-MOD-0612,HZ_00395
HAZ-FLO-MOD-0613,2026-04-15 07:07:23,flood,moderate,Phishing,Fake Website,Emergency Services,Relief Organisation,Malware Download,False,0.82,cyber,cyber_network_threat_dataset,HAZ-FLO-MOD-0613,HZ_00658
HAZ-STO-SEV-0614,2026-04-12 21:50:23,storm,severe,Misinformation,Social Media Post,Unofficial News Page,Citizens,Trust Erosion,False,0.78,cyber,cyber_network_threat_dataset,HAZ-STO-SEV-0614,HZ_00322
HAZ-STO-EXT-0615,2026-04-15 21:00:23,storm,extreme,Fraud,Fake Portal,Fake Charity,Citizens,False Claim Submission,True,0.82,cyber,cyber_network_threat_dataset,HAZ-STO-EXT-0615,HZ_00694
HAZ-HEA-MOD-0616,2026-04-14 08:50:23,heatwave,moderate,Fraud,Social Media,Relief Support Officer,Critical Infrastructure,False Claim Submission,False,0.78,cyber,cyber_network_threat_dataset,HAZ-HEA-MOD-0616,HZ_00714
HAZ-BUS-MOD-0617,2026-04-13 22:21:23,bushfire,moderate,Misinformation,Social Media Post,Unofficial News Page,Emergency Services,False Evacuation,False,0.75,cyber,cyber_network_threat_dataset,HAZ-BUS-MOD-0617,HZ_00418
HAZ-HEA-SEV-0618,2026-04-10 09:43:23,heatwave,severe,Phishing,SMS,Insurance Provider,Healthcare Organisation,Malware Download,False,0.8,cyber,cyber_network_threat_dataset,HAZ-HEA-SEV-0618,HZ_00733
HAZ-STO-MOD-0619,2026-04-16 09:42:23,storm,moderate,Fraud,Fake Portal,Fake Charity,Citizens,Fake Payment,False,0.75,cyber,cyber_network_threat_dataset,HAZ-STO-MOD-0619,HZ_00447
HAZ-HEA-SEV-0620,2026-04-16 20:58:23,heatwave,severe,Fraud,Social Media,Relief Support Officer,Relief Organisation,Identity Theft,False,0.79,cyber,cyber_network_threat_dataset,HAZ-HEA-SEV-0620,HZ_00735
HAZ-EAR-SEV-0621,2026-04-11 07:58:23,earthquake,severe,Data Breach,Stolen Credentials,,Healthcare Organisation,Personal Data Leak,False,0.9,cyber,cyber_network_threat_dataset,HAZ-EAR-SEV-0621,HZ_01462
HAZ-FLO-SEV-0622,2026-04-15 22:55:23,flood,severe,Fraud,Social Media,Fake Charity,Healthcare Organisation,Fake Payment,False,0.89,cyber,cyber_network_threat_dataset,HAZ-FLO-SEV-0622,HZ_00368
HAZ-CYC-SEV-0623,2026-04-13 12:12:23,cyclone,severe,Phishing,SMS,Charity Organisation,Healthcare Organisation,Financial Loss,False,0.95,cyber,cyber_network_threat_dataset,HAZ-CYC-SEV-0623,HZ_01274
HAZ-STO-SEV-0624,2026-04-12 05:40:23,storm,severe,Phishing,SMS,Government Relief Agency,Emergency Services,Malware Download,True,0.93,cyber,cyber_network_threat_dataset,HAZ-STO-SEV-0624,HZ_00337
HAZ-HEA-SEV-0625,2026-04-12 22:18:23,heatwave,severe,Phishing,Fake Website,Emergency Services,Relief Organisation,Financial Loss,False,0.72,cyber,cyber_network_threat_dataset,HAZ-HEA-SEV-0625,HZ_00776
HAZ-HEA-SEV-0626,2026-04-16 17:33:23,heatwave,severe,Phishing,Fake Website,Government Relief Agency,Healthcare Organisation,Malware Download,True,0.76,cyber,cyber_network_threat_dataset,HAZ-HEA-SEV-0626,HZ_00798
HAZ-STO-EXT-0627,2026-04-15 22:50:23,storm,extreme,Phishing,Email,Government Relief Agency,Relief Organisation,Credential Theft,False,0.72,cyber,cyber_network_threat_dataset,HAZ-STO-EXT-0627,HZ_00696
HAZ-HEA-MOD-0628,2026-04-10 17:12:23,heatwave,moderate,Fraud,Fake Portal,Fake Charity,Critical Infrastructure,False Claim Submission,True,0.9,cyber,cyber_network_threat_dataset,HAZ-HEA-MOD-0628,HZ_00724
HAZ-EAR-EXT-0629,2026-04-16 01:40:23,earthquake,extreme,API Abuse,Token Misuse,,Citizens,Record Manipulation,False,0.76,cyber,cyber_network_threat_dataset,HAZ-EAR-EXT-0629,HZ_02628
HAZ-STO-MOD-0630,2026-04-11 03:51:23,storm,moderate,DDoS,Botnet Traffic,,Government Agency,Delayed Response,True,0.9,cyber,cyber_network_threat_dataset,HAZ-STO-MOD-0630,HZ_00487
HAZ-HEA-SEV-0631,2026-04-11 20:37:23,heatwave,severe,Phishing,Email,Charity Organisation,Government Agency,Financial Loss,True,0.95,cyber,cyber_network_threat_dataset,HAZ-HEA-SEV-0631,HZ_00830
HAZ-HEA-SEV-0632,2026-04-13 21:27:23,heatwave,severe,DDoS,Botnet Traffic,,Citizens,Delayed Response,False,0.71,cyber,cyber_network_threat_dataset,HAZ-HEA-SEV-0632,HZ_00834
HAZ-EAR-MOD-0633,2026-04-11 01:44:23,earthquake,moderate,Misinformation,Deepfake Video,Unofficial News Page,Healthcare Organisation,Public Confusion,False,0.74,cyber,cyber_network_threat_dataset,HAZ-EAR-MOD-0633,HZ_02811
HAZ-FLO-EXT-0634,2026-04-11 10:55:23,flood,extreme,Misinformation,Deepfake Video,Fake Government Account,Government Agency,False Evacuation,False,0.77,cyber,cyber_network_threat_dataset,HAZ-FLO-EXT-0634,HZ_00637
HAZ-STO-SEV-0635,2026-04-16 08:26:23,storm,severe,Fraud,Fake Portal,Repair Contractor,Emergency Services,False Claim Submission,True,0.72,cyber,cyber_network_threat_dataset,HAZ-STO-SEV-0635,HZ_00342
HAZ-HEA-EXT-0636,2026-04-11 09:59:23,heatwave,extreme,Data Breach,Unsecured API,,Healthcare Organisation,Personal Data Leak,True,0.85,cyber,cyber_network_threat_dataset,HAZ-HEA-EXT-0636,HZ_01715
HAZ-BUS-MOD-0637,2026-04-11 11:36:23,bushfire,moderate,Misinformation,Social Media Post,Fake Government Account,Emergency Services,Public Confusion,False,0.95,cyber,cyber_network_threat_dataset,HAZ-BUS-MOD-0637,HZ_00432
HAZ-STO-SEV-0638,2026-04-12 22:03:23,storm,severe,Emergency Alert Compromise,Stolen Credentials,Official Warning Service,Citizens,False Warning Sent,True,0.87,cyber,cyber_network_threat_dataset,HAZ-STO-SEV-0638,HZ_00351
HAZ-CYC-SEV-0639,2026-04-12 11:21:23,cyclone,severe,DDoS,Botnet Traffic,,Citizens,Service Unavailable,False,0.88,cyber,cyber_network_threat_dataset,HAZ-CYC-SEV-0639,HZ_01313
HAZ-STO-MOD-0640,2026-04-13 01:22:23,storm,moderate,Data Breach,Stolen Credentials,,Critical Infrastructure,Sensitive Record Exposure,False,0.84,cyber,cyber_network_threat_dataset,HAZ-STO-MOD-0640,HZ_00496
HAZ-FLO-MOD-0641,2026-04-16 20:57:23,flood,moderate,Misinformation,Social Media Post,Unofficial News Page,Citizens,Trust Erosion,True,0.72,cyber,cyber_network_threat_dataset,HAZ-FLO-MOD-0641,HZ_00665
HAZ-STO-EXT-0642,2026-04-13 16:14:23,storm,extreme,Data Breach,Stolen Credentials,,Healthcare Organisation,Personal Data Leak,False,0.77,cyber,cyber_network_threat_dataset,HAZ-STO-EXT-0642,HZ_00732
HAZ-HEA-SEV-0643,2026-04-11 20:58:23,heatwave,severe,Misinformation,Social Media Post,Unofficial News Page,Critical Infrastructure,Public Confusion,True,0.77,cyber,cyber_network_threat_dataset,HAZ-HEA-SEV-0643,HZ_00864
HAZ-BUS-EXT-0644,2026-04-12 03:16:23,bushfire,extreme,Misinformation,Deepfake Video,Anonymous Social Media Account,Healthcare Organisation,False Evacuation,True,0.81,cyber,cyber_network_threat_dataset,HAZ-BUS-EXT-0644,HZ_00822
HAZ-BUS-SEV-0645,2026-04-15 09:58:23,bushfire,severe,Fraud,Social Media,Fake Charity,Government Agency,False Claim Submission,True,0.81,cyber,cyber_network_threat_dataset,HAZ-BUS-SEV-0645,HZ_00287
HAZ-BUS-MOD-0646,2026-04-11 05:41:23,bushfire,moderate,Fraud,Phone Call,Relief Support Officer,Critical Infrastructure,Identity Theft,False,0.93,cyber,cyber_network_threat_dataset,HAZ-BUS-MOD-0646,HZ_00449
HAZ-FLO-SEV-0647,2026-04-12 06:41:23,flood,severe,Misinformation,Deepfake Video,Unofficial News Page,Citizens,Public Confusion,True,0.77,cyber,cyber_network_threat_dataset,HAZ-FLO-SEV-0647,HZ_00376
HAZ-FLO-EXT-0648,2026-04-16 03:15:23,flood,extreme,Data Breach,Stolen Credentials,,Critical Infrastructure,Personal Data Leak,True,0.71,cyber,cyber_network_threat_dataset,HAZ-FLO-EXT-0648,HZ_00668
HAZ-STO-EXT-0649,2026-04-15 19:48:23,storm,extreme,API Abuse,Token Misuse,,Relief Organisation,Record Manipulation,True,0.73,cyber,cyber_network_threat_dataset,HAZ-STO-EXT-0649,HZ_00758
HAZ-CYC-MOD-0650,2026-04-13 04:52:23,cyclone,moderate,Ransomware,Malicious Attachment,,Emergency Services,Service Disruption,True,0.82,cyber,cyber_network_threat_dataset,HAZ-CYC-MOD-0650,HZ_02752
HAZ-HEA-MOD-0651,2026-04-10 08:19:23,heatwave,moderate,Phishing,Fake Website,Charity Organisation,Relief Organisation,Financial Loss,False,0.77,cyber,cyber_network_threat_dataset,HAZ-HEA-MOD-0651,HZ_00738
HAZ-STO-EXT-0652,2026-04-11 07:06:23,storm,extreme,Misinformation,Social Media Post,Unofficial News Page,Government Agency,False Evacuation,True,0.78,cyber,cyber_network_threat_dataset,HAZ-STO-EXT-0652,HZ_00759
HAZ-EAR-EXT-0653,2026-04-14 02:41:23,earthquake,extreme,DDoS,Botnet Traffic,,Healthcare Organisation,Service Unavailable,True,0.92,cyber,cyber_network_threat_dataset,HAZ-EAR-EXT-0653,HZ_02632
HAZ-STO-EXT-0654,2026-04-14 04:05:23,storm,extreme,Ransomware,Credential Theft,,Healthcare Organisation,System Encryption,False,0.81,cyber,cyber_network_threat_dataset,HAZ-STO-EXT-0654,HZ_00799
HAZ-BUS-EXT-0655,2026-04-14 02:35:23,bushfire,extreme,Ransomware,Malicious Attachment,,Government Agency,Service Disruption,True,0.91,cyber,cyber_network_threat_dataset,HAZ-BUS-EXT-0655,HZ_00829
HAZ-CYC-EXT-0656,2026-04-13 13:31:23,cyclone,extreme,Fraud,Fake Portal,Relief Support Officer,Emergency Services,False Claim Submission,True,0.82,cyber,cyber_network_threat_dataset,HAZ-CYC-EXT-0656,HZ_02856
HAZ-BUS-EXT-0657,2026-04-15 22:29:23,bushfire,extreme,Data Breach,Unsecured API,,Healthcare Organisation,Personal Data Leak,True,0.91,cyber,cyber_network_threat_dataset,HAZ-BUS-EXT-0657,HZ_00841
HAZ-EAR-MOD-0658,2026-04-16 07:06:23,earthquake,moderate,Emergency Alert Compromise,Stolen Credentials,Official Warning Service,Citizens,Mass Panic Triggered,True,0.84,cyber,cyber_network_threat_dataset,HAZ-EAR-MOD-0658,HZ_02878
HAZ-BUS-SEV-0659,2026-04-11 14:13:23,bushfire,severe,Phishing,Email,Emergency Services,Citizens,Financial Loss,False,0.9,cyber,cyber_network_threat_dataset,HAZ-BUS-SEV-0659,HZ_00305
HAZ-FLO-EXT-0660,2026-04-13 16:29:23,flood,extreme,Data Breach,Stolen Credentials,,Healthcare Organisation,Sensitive Record Exposure,True,0.74,cyber,cyber_network_threat_dataset,HAZ-FLO-EXT-0660,HZ_00672
HAZ-STO-SEV-0661,2026-04-14 03:57:23,storm,severe,Phishing,SMS,Charity Organisation,Citizens,Financial Loss,False,0.71,cyber,cyber_network_threat_dataset,HAZ-STO-SEV-0661,HZ_00359
HAZ-BUS-SEV-0662,2026-04-13 16:08:23,bushfire,severe,Data Breach,Stolen Credentials,,Relief Organisation,Personal Data Leak,True,0.93,cyber,cyber_network_threat_dataset,HAZ-BUS-SEV-0662,HZ_00338
HAZ-CYC-SEV-0663,2026-04-10 05:43:23,cyclone,severe,Data Breach,Unsecured API,,Emergency Services,Personal Data Leak,False,0.94,cyber,cyber_network_threat_dataset,HAZ-CYC-SEV-0663,HZ_01476
HAZ-HEA-EXT-0664,2026-04-12 03:38:23,heatwave,extreme,Phishing,SMS,Insurance Provider,Government Agency,Malware Download,False,0.72,cyber,cyber_network_threat_dataset,HAZ-HEA-EXT-0664,HZ_01737
HAZ-FLO-EXT-0665,2026-04-11 11:06:23,flood,extreme,Phishing,SMS,Government Relief Agency,Critical Infrastructure,Malware Download,False,0.72,cyber,cyber_network_threat_dataset,HAZ-FLO-EXT-0665,HZ_00709
HAZ-STO-SEV-0666,2026-04-10 18:19:23,storm,severe,DDoS,Botnet Traffic,,Citizens,Service Unavailable,True,0.7,cyber,cyber_network_threat_dataset,HAZ-STO-SEV-0666,HZ_00367
HAZ-STO-MOD-0667,2026-04-14 13:52:23,storm,moderate,Phishing,Email,Insurance Provider,Citizens,Financial Loss,False,0.97,cyber,cyber_network_threat_dataset,HAZ-STO-MOD-0667,HZ_00532
HAZ-BUS-EXT-0668,2026-04-16 13:36:23,bushfire,extreme,DDoS,Botnet Traffic,,Critical Infrastructure,Delayed Response,True,0.8,cyber,cyber_network_threat_dataset,HAZ-BUS-EXT-0668,HZ_00863
HAZ-CYC-MOD-0669,2026-04-16 12:01:23,cyclone,moderate,Fraud,Fake Portal,Relief Support Officer,Government Agency,Fake Payment,True,0.92,cyber,cyber_network_threat_dataset,HAZ-CYC-MOD-0669,HZ_02771
HAZ-BUS-MOD-0670,2026-04-15 03:15:23,bushfire,moderate,Fraud,Phone Call,Repair Contractor,Emergency Services,Identity Theft,False,0.92,cyber,cyber_network_threat_dataset,HAZ-BUS-MOD-0670,HZ_00469
HAZ-STO-MOD-0671,2026-04-16 14:11:23,storm,moderate,Ransomware,Credential Theft,,Critical Infrastructure,Service Disruption,False,0.77,cyber,cyber_network_threat_dataset,HAZ-STO-MOD-0671,HZ_00539
HAZ-CYC-SEV-0672,2026-04-11 11:47:23,cyclone,severe,Fraud,Social Media,Relief Support Officer,Citizens,Fake Payment,False,0.85,cyber,cyber_network_threat_dataset,HAZ-CYC-SEV-0672,HZ_01523
HAZ-BUS-MOD-0673,2026-04-12 06:10:23,bushfire,moderate,Fraud,Phone Call,Repair Contractor,Government Agency,Identity Theft,False,0.78,cyber,cyber_network_threat_dataset,HAZ-BUS-MOD-0673,HZ_00473
HAZ-CYC-SEV-0674,2026-04-10 10:01:23,cyclone,severe,Data Breach,Unsecured API,,Critical Infrastructure,Personal Data Leak,True,0.88,cyber,cyber_network_threat_dataset,HAZ-CYC-SEV-0674,HZ_01561
HAZ-HEA-MOD-0675,2026-04-16 19:56:23,heatwave,moderate,Misinformation,Deepfake Video,Unofficial News Page,Critical Infrastructure,Public Confusion,False,0.79,cyber,cyber_network_threat_dataset,HAZ-HEA-MOD-0675,HZ_00767
HAZ-HEA-MOD-0676,2026-04-16 04:58:23,heatwave,moderate,Data Breach,Unsecured API,,Citizens,Personal Data Leak,False,0.84,cyber,cyber_network_threat_dataset,HAZ-HEA-MOD-0676,HZ_00860
HAZ-FLO-MOD-0677,2026-04-12 18:02:23,flood,moderate,Ransomware,Malicious Attachment,,Citizens,Service Disruption,False,0.99,cyber,cyber_network_threat_dataset,HAZ-FLO-MOD-0677,HZ_00673
HAZ-EAR-SEV-0678,2026-04-09 23:29:23,earthquake,severe,Fraud,Phone Call,Fake Charity,Critical Infrastructure,Identity Theft,False,0.74,cyber,cyber_network_threat_dataset,HAZ-EAR-SEV-0678,HZ_01468
HAZ-CYC-EXT-0679,2026-04-16 06:46:23,cyclone,extreme,DDoS,Botnet Traffic,,Government Agency,Delayed Response,True,0.89,cyber,cyber_network_threat_dataset,HAZ-CYC-EXT-0679,HZ_02904
HAZ-BUS-SEV-0680,2026-04-15 10:18:23,bushfire,severe,Phishing,Email,Insurance Provider,Critical Infrastructure,Malware Download,False,0.87,cyber,cyber_network_threat_dataset,HAZ-BUS-SEV-0680,HZ_00340
HAZ-STO-EXT-0681,2026-04-11 00:27:23,storm,extreme,Phishing,Fake Website,Government Relief Agency,Critical Infrastructure,Financial Loss,False,0.99,cyber,cyber_network_threat_dataset,HAZ-STO-EXT-0681,HZ_00808
HAZ-STO-EXT-0682,2026-04-12 04:31:23,storm,extreme,Ransomware,Malicious Attachment,,Healthcare Organisation,System Encryption,True,0.75,cyber,cyber_network_threat_dataset,HAZ-STO-EXT-0682,HZ_00825
HAZ-HEA-SEV-0683,2026-04-16 15:12:23,heatwave,severe,Phishing,Email,Emergency Services,Government Agency,Financial Loss,True,0.86,cyber,cyber_network_threat_dataset,HAZ-HEA-SEV-0683,HZ_00895
HAZ-EAR-SEV-0684,2026-04-14 02:14:23,earthquake,severe,Ransomware,Malicious Attachment,,Healthcare Organisation,Service Disruption,False,0.88,cyber,cyber_network_threat_dataset,HAZ-EAR-SEV-0684,HZ_01543
HAZ-BUS-EXT-0685,2026-04-14 17:34:23,bushfire,extreme,Misinformation,Deepfake Video,Fake Government Account,Citizens,Trust Erosion,True,0.71,cyber,cyber_network_threat_dataset,HAZ-BUS-EXT-0685,HZ_00879
HAZ-HEA-EXT-0686,2026-04-10 08:40:23,heatwave,extreme,Ransomware,Malicious Attachment,,Critical Infrastructure,Service Disruption,False,0.85,cyber,cyber_network_threat_dataset,HAZ-HEA-EXT-0686,HZ_01740
HAZ-CYC-SEV-0687,2026-04-16 11:28:23,cyclone,severe,Fraud,Social Media,Repair Contractor,Citizens,False Claim Submission,False,0.98,cyber,cyber_network_threat_dataset,HAZ-CYC-SEV-0687,HZ_01580
HAZ-FLO-SEV-0688,2026-04-15 15:23:23,flood,severe,Phishing,Fake Website,Government Relief Agency,Healthcare Organisation,Malware Download,True,0.77,cyber,cyber_network_threat_dataset,HAZ-FLO-SEV-0688,HZ_00386
HAZ-FLO-MOD-0689,2026-04-13 13:02:23,flood,moderate,Fraud,Phone Call,Repair Contractor,Healthcare Organisation,Fake Payment,True,0.93,cyber,cyber_network_threat_dataset,HAZ-FLO-MOD-0689,HZ_00676
HAZ-STO-EXT-0690,2026-04-16 06:45:23,storm,extreme,Data Breach,Stolen Credentials,,Citizens,Personal Data Leak,True,0.98,cyber,cyber_network_threat_dataset,HAZ-STO-EXT-0690,HZ_00831
HAZ-BUS-MOD-0691,2026-04-15 13:19:23,bushfire,moderate,Data Breach,Stolen Credentials,,Emergency Services,Sensitive Record Exposure,True,0.71,cyber,cyber_network_threat_dataset,HAZ-BUS-MOD-0691,HZ_00479
HAZ-CYC-SEV-0692,2026-04-10 07:48:23,cyclone,severe,Fraud,Phone Call,Relief Support Officer,Critical Infrastructure,Identity Theft,True,0.82,cyber,cyber_network_threat_dataset,HAZ-CYC-SEV-0692,HZ_01619
HAZ-CYC-EXT-0693,2026-04-14 08:30:23,cyclone,extreme,Misinformation,Social Media Post,Unofficial News Page,Citizens,False Evacuation,False,0.85,cyber,cyber_network_threat_dataset,HAZ-CYC-EXT-0693,HZ_03032
HAZ-CYC-MOD-0694,2026-04-13 03:02:23,cyclone,moderate,Ransomware,Malicious Attachment,,Citizens,Data Exposure,True,0.83,cyber,cyber_network_threat_dataset,HAZ-CYC-MOD-0694,HZ_02772
HAZ-STO-MOD-0695,2026-04-11 04:06:23,storm,moderate,Fraud,Fake Portal,Relief Support Officer,Critical Infrastructure,Fake Payment,False,0.8,cyber,cyber_network_threat_dataset,HAZ-STO-MOD-0695,HZ_00554
HAZ-CYC-EXT-0696,2026-04-16 07:54:23,cyclone,extreme,Emergency Alert Compromise,Stolen Credentials,Official Warning Service,Emergency Services,False Warning Sent,True,0.87,cyber,cyber_network_threat_dataset,HAZ-CYC-EXT-0696,HZ_03151
HAZ-BUS-SEV-0697,2026-04-12 00:18:23,bushfire,severe,Phishing,Email,Insurance Provider,Relief Organisation,Credential Theft,True,0.88,cyber,cyber_network_threat_dataset,HAZ-BUS-SEV-0697,HZ_00341
HAZ-EAR-MOD-0698,2026-04-14 14:07:23,earthquake,moderate,Misinformation,Deepfake Video,Anonymous Social Media Account,Healthcare Organisation,Trust Erosion,False,0.95,cyber,cyber_network_threat_dataset,HAZ-EAR-MOD-0698,HZ_02906
HAZ-EAR-MOD-0699,2026-04-13 04:19:23,earthquake,moderate,Fraud,Fake Portal,Relief Support Officer,Emergency Services,Identity Theft,False,0.91,cyber,cyber_network_threat_dataset,HAZ-EAR-MOD-0699,HZ_03279
HAZ-HEA-SEV-0700,2026-04-11 16:00:23,heatwave,severe,Ransomware,Credential Theft,,Emergency Services,Data Exposure,True,0.82,cyber,cyber_network_threat_dataset,HAZ-HEA-SEV-0700,HZ_00901
HAZ-CYC-SEV-0701,2026-04-15 05:43:23,cyclone,severe,DDoS,Botnet Traffic,,Government Agency,Service Unavailable,True,0.75,cyber,cyber_network_threat_dataset,HAZ-CYC-SEV-0701,HZ_01661
HAZ-EAR-EXT-0702,2026-04-11 20:56:23,earthquake,extreme,Emergency Alert Compromise,System Exploit,Official Warning Service,Government Agency,Mass Panic Triggered,False,0.77,cyber,cyber_network_threat_dataset,HAZ-EAR-EXT-0702,HZ_02720
HAZ-STO-EXT-0703,2026-04-16 14:06:23,storm,extreme,Ransomware,Malicious Attachment,,Healthcare Organisation,Data Exposure,True,0.84,cyber,cyber_network_threat_dataset,HAZ-STO-EXT-0703,HZ_00867
HAZ-HEA-SEV-0704,2026-04-15 15:42:23,heatwave,severe,Phishing,Email,Government Relief Agency,Emergency Services,Credential Theft,False,0.89,cyber,cyber_network_threat_dataset,HAZ-HEA-SEV-0704,HZ_00923
HAZ-STO-MOD-0705,2026-04-12 10:00:23,storm,moderate,Phishing,Fake Website,Charity Organisation,Citizens,Credential Theft,False,0.87,cyber,cyber_network_threat_dataset,HAZ-STO-MOD-0705,HZ_00566
HAZ-FLO-MOD-0706,2026-04-11 08:14:23,flood,moderate,DDoS,Botnet Traffic,,Emergency Services,Service Unavailable,False,0.84,cyber,cyber_network_threat_dataset,HAZ-FLO-MOD-0706,HZ_00683
HAZ-HEA-EXT-0707,2026-04-15 19:03:23,heatwave,extreme,Data Breach,Unsecured API,,Government Agency,Personal Data Leak,False,0.81,cyber,cyber_network_threat_dataset,HAZ-HEA-EXT-0707,HZ_01741
HAZ-EAR-MOD-0708,2026-04-12 23:56:23,earthquake,moderate,DDoS,Botnet Traffic,,Government Agency,Delayed Response,True,0.74,cyber,cyber_network_threat_dataset,HAZ-EAR-MOD-0708,HZ_03384
HAZ-FLO-MOD-0709,2026-04-13 07:15:23,flood,moderate,Phishing,SMS,Emergency Services,Critical Infrastructure,Malware Download,True,0.91,cyber,cyber_network_threat_dataset,HAZ-FLO-MOD-0709,HZ_00693
HAZ-BUS-SEV-0710,2026-04-12 03:26:23,bushfire,severe,Phishing,Email,Insurance Provider,Critical Infrastructure,Credential Theft,True,0.76,cyber,cyber_network_threat_dataset,HAZ-BUS-SEV-0710,HZ_00345
HAZ-CYC-SEV-0711,2026-04-11 06:20:23,cyclone,severe,Ransomware,Credential Theft,,Government Agency,Data Exposure,False,0.75,cyber,cyber_network_threat_dataset,HAZ-CYC-SEV-0711,HZ_01739
HAZ-HEA-EXT-0712,2026-04-13 08:05:23,heatwave,extreme,DDoS,Botnet Traffic,,Healthcare Organisation,Delayed Response,False,0.82,cyber,cyber_network_threat_dataset,HAZ-HEA-EXT-0712,HZ_01792
HAZ-EAR-EXT-0713,2026-04-12 21:19:23,earthquake,extreme,DDoS,Botnet Traffic,,Citizens,Service Unavailable,False,0.71,cyber,cyber_network_threat_dataset,HAZ-EAR-EXT-0713,HZ_02738
HAZ-BUS-MOD-0714,2026-04-11 11:15:23,bushfire,moderate,Ransomware,Credential Theft,,Government Agency,Service Disruption,True,0.71,cyber,cyber_network_threat_dataset,HAZ-BUS-MOD-0714,HZ_00485
HAZ-EAR-SEV-0715,2026-04-10 04:41:23,earthquake,severe,Fraud,Social Media,Relief Support Officer,Government Agency,Fake Payment,True,0.72,cyber,cyber_network_threat_dataset,HAZ-EAR-SEV-0715,HZ_01714
HAZ-STO-MOD-0716,2026-04-15 11:22:23,storm,moderate,Ransomware,Credential Theft,,Government Agency,Data Exposure,True,0.74,cyber,cyber_network_threat_dataset,HAZ-STO-MOD-0716,HZ_00574
HAZ-EAR-MOD-0717,2026-04-11 16:40:23,earthquake,moderate,Emergency Alert Compromise,Stolen Credentials,Official Warning Service,Citizens,False Warning Sent,True,0.93,cyber,cyber_network_threat_dataset,HAZ-EAR-MOD-0717,HZ_03566
HAZ-CYC-SEV-0718,2026-04-12 13:13:23,cyclone,severe,Emergency Alert Compromise,System Exploit,Emergency Alert System,Relief Organisation,Mass Panic Triggered,False,0.87,cyber,cyber_network_threat_dataset,HAZ-CYC-SEV-0718,HZ_01795
HAZ-BUS-EXT-0719,2026-04-12 06:26:23,bushfire,extreme,Data Breach,Stolen Credentials,,Government Agency,Sensitive Record Exposure,False,0.8,cyber,cyber_network_threat_dataset,HAZ-BUS-EXT-0719,HZ_00942
HAZ-EAR-SEV-0720,2026-04-12 17:15:23,earthquake,severe,Phishing,SMS,Insurance Provider,Critical Infrastructure,Financial Loss,True,0.99,cyber,cyber_network_threat_dataset,HAZ-EAR-SEV-0720,HZ_01776
HAZ-HEA-EXT-0721,2026-04-11 17:31:23,heatwave,extreme,Data Breach,Stolen Credentials,,Emergency Services,Personal Data Leak,True,0.85,cyber,cyber_network_threat_dataset,HAZ-HEA-EXT-0721,HZ_01857
HAZ-STO-SEV-0722,2026-04-14 02:54:23,storm,severe,Data Breach,Unsecured API,,Citizens,Personal Data Leak,True,0.75,cyber,cyber_network_threat_dataset,HAZ-STO-SEV-0722,HZ_00377
HAZ-FLO-MOD-0723,2026-04-14 21:34:23,flood,moderate,Ransomware,Malicious Attachment,,Relief Organisation,Data Exposure,False,0.7,cyber,cyber_network_threat_dataset,HAZ-FLO-MOD-0723,HZ_00723
HAZ-CYC-EXT-0724,2026-04-16 10:21:23,cyclone,extreme,Phishing,SMS,Government Relief Agency,Emergency Services,Financial Loss,False,0.94,cyber,cyber_network_threat_dataset,HAZ-CYC-EXT-0724,HZ_03321
HAZ-CYC-MOD-0725,2026-04-13 07:53:23,cyclone,moderate,Phishing,Fake Website,Insurance Provider,Government Agency,Financial Loss,True,0.85,cyber,cyber_network_threat_dataset,HAZ-CYC-MOD-0725,HZ_02862
HAZ-BUS-EXT-0726,2026-04-10 23:17:23,bushfire,extreme,Fraud,Social Media,Fake Charity,Healthcare Organisation,Identity Theft,False,0.79,cyber,cyber_network_threat_dataset,HAZ-BUS-EXT-0726,HZ_00955
HAZ-FLO-MOD-0727,2026-04-12 15:22:23,flood,moderate,Phishing,SMS,Emergency Services,Citizens,Malware Download,True,0.97,cyber,cyber_network_threat_dataset,HAZ-FLO-MOD-0727,HZ_00731
HAZ-EAR-SEV-0728,2026-04-12 00:30:23,earthquake,severe,Phishing,Email,Insurance Provider,Government Agency,Malware Download,False,0.72,cyber,cyber_network_threat_dataset,HAZ-EAR-SEV-0728,HZ_01868
HAZ-BUS-EXT-0729,2026-04-13 13:51:23,bushfire,extreme,Phishing,Email,Government Relief Agency,Healthcare Organisation,Financial Loss,False,0.84,cyber,cyber_network_threat_dataset,HAZ-BUS-EXT-0729,HZ_00975
HAZ-BUS-MOD-0730,2026-04-14 03:29:23,bushfire,moderate,Fraud,Fake Portal,Relief Support Officer,Citizens,Fake Payment,True,0.89,cyber,cyber_network_threat_dataset,HAZ-BUS-MOD-0730,HZ_00486
HAZ-BUS-SEV-0731,2026-04-10 02:24:23,bushfire,severe,Phishing,Fake Website,Insurance Provider,Government Agency,Credential Theft,True,0.78,cyber,cyber_network_threat_dataset,HAZ-BUS-SEV-0731,HZ_00362
HAZ-BUS-EXT-0732,2026-04-14 10:14:23,bushfire,extreme,Emergency Alert Compromise,Stolen Credentials,Official Warning Service,Citizens,Mass Panic Triggered,True,0.77,cyber,cyber_network_threat_dataset,HAZ-BUS-EXT-0732,HZ_01007
HAZ-CYC-SEV-0733,2026-04-16 14:53:23,cyclone,severe,Fraud,Social Media,Fake Charity,Government Agency,Identity Theft,True,0.79,cyber,cyber_network_threat_dataset,HAZ-CYC-SEV-0733,HZ_01911
HAZ-EAR-MOD-0734,2026-04-13 13:33:23,earthquake,moderate,Misinformation,Deepfake Video,Fake Government Account,Healthcare Organisation,Trust Erosion,False,0.74,cyber,cyber_network_threat_dataset,HAZ-EAR-MOD-0734,HZ_03590
HAZ-CYC-SEV-0735,2026-04-14 17:21:23,cyclone,severe,Fraud,Fake Portal,Fake Charity,Critical Infrastructure,Identity Theft,False,0.96,cyber,cyber_network_threat_dataset,HAZ-CYC-SEV-0735,HZ_01923
HAZ-BUS-SEV-0736,2026-04-16 01:17:23,bushfire,severe,Phishing,Fake Website,Government Relief Agency,Emergency Services,Financial Loss,True,0.89,cyber,cyber_network_threat_dataset,HAZ-BUS-SEV-0736,HZ_00363
HAZ-STO-MOD-0737,2026-04-10 03:14:23,storm,moderate,Fraud,Phone Call,Repair Contractor,Healthcare Organisation,False Claim Submission,False,0.88,cyber,cyber_network_threat_dataset,HAZ-STO-MOD-0737,HZ_00578
HAZ-BUS-SEV-0738,2026-04-12 13:51:23,bushfire,severe,Misinformation,Deepfake Video,Unofficial News Page,Relief Organisation,False Evacuation,False,0.88,cyber,cyber_network_threat_dataset,HAZ-BUS-SEV-0738,HZ_00365
HAZ-CYC-SEV-0739,2026-04-10 00:37:23,cyclone,severe,Data Breach,Stolen Credentials,,Healthcare Organisation,Personal Data Leak,False,0.96,cyber,cyber_network_threat_dataset,HAZ-CYC-SEV-0739,HZ_01970
HAZ-EAR-SEV-0740,2026-04-15 21:35:23,earthquake,severe,Fraud,Fake Portal,Repair Contractor,Emergency Services,Fake Payment,False,0.9,cyber,cyber_network_threat_dataset,HAZ-EAR-SEV-0740,HZ_01986
HAZ-STO-MOD-0741,2026-04-16 04:02:23,storm,moderate,DDoS,Botnet Traffic,,Healthcare Organisation,Delayed Response,True,0.85,cyber,cyber_network_threat_dataset,HAZ-STO-MOD-0741,HZ_00593
HAZ-EAR-EXT-0742,2026-04-10 06:08:23,earthquake,extreme,Phishing,Fake Website,Charity Organisation,Government Agency,Credential Theft,False,0.81,cyber,cyber_network_threat_dataset,HAZ-EAR-EXT-0742,HZ_02789
HAZ-CYC-EXT-0743,2026-04-13 21:09:23,cyclone,extreme,Phishing,SMS,Emergency Services,Government Agency,Credential Theft,False,0.76,cyber,cyber_network_threat_dataset,HAZ-CYC-EXT-0743,HZ_03327
HAZ-EAR-MOD-0744,2026-04-12 03:45:23,earthquake,moderate,Emergency Alert Compromise,System Exploit,Official Warning Service,Relief Organisation,False Warning Sent,False,0.73,cyber,cyber_network_threat_dataset,HAZ-EAR-MOD-0744,HZ_03628
HAZ-BUS-SEV-0745,2026-04-14 19:38:23,bushfire,severe,Fraud,Phone Call,Relief Support Officer,Citizens,Identity Theft,True,0.81,cyber,cyber_network_threat_dataset,HAZ-BUS-SEV-0745,HZ_00384
HAZ-STO-SEV-0746,2026-04-16 04:25:23,storm,severe,Misinformation,Deepfake Video,Fake Government Account,Government Agency,False Evacuation,True,0.97,cyber,cyber_network_threat_dataset,HAZ-STO-SEV-0746,HZ_00380
HAZ-STO-SEV-0747,2026-04-15 18:04:23,storm,severe,Misinformation,Deepfake Video,Unofficial News Page,Government Agency,Public Confusion,False,0.72,cyber,cyber_network_threat_dataset,HAZ-STO-SEV-0747,HZ_00388
HAZ-STO-SEV-0748,2026-04-11 08:43:23,storm,severe,Fraud,Social Media,Relief Support Officer,Emergency Services,Identity Theft,True,0.8,cyber,cyber_network_threat_dataset,HAZ-STO-SEV-0748,HZ_00413
HAZ-CYC-SEV-0749,2026-04-10 23:52:23,cyclone,severe,Phishing,SMS,Charity Organisation,Healthcare Organisation,Credential Theft,False,0.77,cyber,cyber_network_threat_dataset,HAZ-CYC-SEV-0749,HZ_01984
HAZ-FLO-MOD-0750,2026-04-14 23:26:23,flood,moderate,Misinformation,Social Media Post,Fake Government Account,Relief Organisation,Public Confusion,False,0.9,cyber,cyber_network_threat_dataset,HAZ-FLO-MOD-0750,HZ_00753
HAZ-FLO-SEV-0751,2026-04-16 13:08:23,flood,severe,Fraud,Fake Portal,Fake Charity,Healthcare Organisation,Fake Payment,True,0.75,cyber,cyber_network_threat_dataset,HAZ-FLO-SEV-0751,HZ_00397
HAZ-STO-SEV-0752,2026-04-16 14:08:23,storm,severe,Data Breach,Unsecured API,,Citizens,Sensitive Record Exposure,False,0.83,cyber,cyber_network_threat_dataset,HAZ-STO-SEV-0752,HZ_00421
HAZ-CYC-EXT-0753,2026-04-16 08:37:23,cyclone,extreme,Misinformation,Social Media Post,Unofficial News Page,Healthcare Organisation,False Evacuation,True,0.98,cyber,cyber_network_threat_dataset,HAZ-CYC-EXT-0753,HZ_03346
HAZ-EAR-SEV-0754,2026-04-13 17:03:23,earthquake,severe,Data Breach,Unsecured API,,Healthcare Organisation,Sensitive Record Exposure,False,0.79,cyber,cyber_network_threat_dataset,HAZ-EAR-SEV-0754,HZ_02228
HAZ-HEA-EXT-0755,2026-04-12 13:44:23,heatwave,extreme,Phishing,Email,Emergency Services,Citizens,Malware Download,False,0.71,cyber,cyber_network_threat_dataset,HAZ-HEA-EXT-0755,HZ_01869
HAZ-CYC-EXT-0756,2026-04-10 03:04:23,cyclone,extreme,Ransomware,Credential Theft,,Government Agency,Data Exposure,True,0.98,cyber,cyber_network_threat_dataset,HAZ-CYC-EXT-0756,HZ_03721
HAZ-CYC-EXT-0757,2026-04-14 11:52:23,cyclone,extreme,Ransomware,Credential Theft,,Citizens,System Encryption,False,0.85,cyber,cyber_network_threat_dataset,HAZ-CYC-EXT-0757,HZ_03831
HAZ-STO-SEV-0758,2026-04-12 08:04:23,storm,severe,Phishing,Fake Website,Insurance Provider,Relief Organisation,Malware Download,True,0.92,cyber,cyber_network_threat_dataset,HAZ-STO-SEV-0758,HZ_00422
HAZ-CYC-SEV-0759,2026-04-16 20:19:23,cyclone,severe,Phishing,SMS,Insurance Provider,Government Agency,Credential Theft,False,0.8,cyber,cyber_network_threat_dataset,HAZ-CYC-SEV-0759,HZ_02124
HAZ-FLO-EXT-0760,2026-04-16 20:16:23,flood,extreme,DDoS,Botnet Traffic,,Emergency Services,Delayed Response,True,0.88,cyber,cyber_network_threat_dataset,HAZ-FLO-EXT-0760,HZ_00734
HAZ-FLO-MOD-0761,2026-04-16 18:23:23,flood,moderate,API Abuse,Scripted Requests,,Critical Infrastructure,Unauthorised Data Access,False,0.74,cyber,cyber_network_threat_dataset,HAZ-FLO-MOD-0761,HZ_00785
HAZ-HEA-SEV-0762,2026-04-11 14:07:23,heatwave,severe,Misinformation,Deepfake Video,Unofficial News Page,Critical Infrastructure,False Evacuation,True,0.71,cyber,cyber_network_threat_dataset,HAZ-HEA-SEV-0762,HZ_00956
HAZ-FLO-MOD-0763,2026-04-13 03:04:23,flood,moderate,Ransomware,Malicious Attachment,,Government Agency,Service Disruption,False,0.72,cyber,cyber_network_threat_dataset,HAZ-FLO-MOD-0763,HZ_00800
HAZ-CYC-EXT-0764,2026-04-12 12:22:23,cyclone,extreme,Phishing,SMS,Emergency Services,Emergency Services,Malware Download,True,0.98,cyber,cyber_network_threat_dataset,HAZ-CYC-EXT-0764,HZ_04011
HAZ-CYC-SEV-0765,2026-04-16 11:14:23,cyclone,severe,Phishing,SMS,Emergency Services,Relief Organisation,Financial Loss,True,0.75,cyber,cyber_network_threat_dataset,HAZ-CYC-SEV-0765,HZ_02141
HAZ-STO-SEV-0766,2026-04-15 08:17:23,storm,severe,API Abuse,Token Misuse,,Emergency Services,Record Manipulation,True,0.9,cyber,cyber_network_threat_dataset,HAZ-STO-SEV-0766,HZ_00424
HAZ-FLO-EXT-0767,2026-04-10 05:07:23,flood,extreme,Data Breach,Unsecured API,,Emergency Services,Sensitive Record Exposure,True,0.76,cyber,cyber_network_threat_dataset,HAZ-FLO-EXT-0767,HZ_00771
HAZ-BUS-SEV-0768,2026-04-12 11:58:23,bushfire,severe,Phishing,SMS,Government Relief Agency,Emergency Services,Financial Loss,False,0.84,cyber,cyber_network_threat_dataset,HAZ-BUS-SEV-0768,HZ_00399
HAZ-CYC-SEV-0769,2026-04-13 21:54:23,cyclone,severe,Phishing,Fake Website,Government Relief Agency,Emergency Services,Malware Download,False,0.98,cyber,cyber_network_threat_dataset,HAZ-CYC-SEV-0769,HZ_02159
HAZ-FLO-MOD-0770,2026-04-12 22:56:23,flood,moderate,Ransomware,Credential Theft,,Healthcare Organisation,System Encryption,True,0.84,cyber,cyber_network_threat_dataset,HAZ-FLO-MOD-0770,HZ_00821
HAZ-STO-MOD-0771,2026-04-14 06:20:23,storm,moderate,API Abuse,Token Misuse,,Citizens,Unauthorised Data Access,False,0.92,cyber,cyber_network_threat_dataset,HAZ-STO-MOD-0771,HZ_00605
HAZ-FLO-SEV-0772,2026-04-13 12:36:23,flood,severe,Misinformation,Social Media Post,Unofficial News Page,Emergency Services,Public Confusion,False,0.76,cyber,cyber_network_threat_dataset,HAZ-FLO-SEV-0772,HZ_00403
HAZ-BUS-MOD-0773,2026-04-15 13:51:23,bushfire,moderate,API Abuse,Scripted Requests,,Citizens,Record Manipulation,True,0.71,cyber,cyber_network_threat_dataset,HAZ-BUS-MOD-0773,HZ_00489
HAZ-BUS-EXT-0774,2026-04-16 06:38:23,bushfire,extreme,Phishing,SMS,Insurance Provider,Citizens,Financial Loss,False,0.88,cyber,cyber_network_threat_dataset,HAZ-BUS-EXT-0774,HZ_01026
HAZ-STO-MOD-0775,2026-04-15 11:23:23,storm,moderate,Data Breach,Stolen Credentials,,Emergency Services,Personal Data Leak,True,0.97,cyber,cyber_network_threat_dataset,HAZ-STO-MOD-0775,HZ_00627
HAZ-BUS-MOD-0776,2026-04-12 01:03:23,bushfire,moderate,Phishing,Fake Website,Charity Organisation,Citizens,Malware Download,True,0.74,cyber,cyber_network_threat_dataset,HAZ-BUS-MOD-0776,HZ_00495
HAZ-BUS-EXT-0777,2026-04-14 18:42:23,bushfire,extreme,Phishing,Fake Website,Emergency Services,Healthcare Organisation,Financial Loss,True,0.92,cyber,cyber_network_threat_dataset,HAZ-BUS-EXT-0777,HZ_01032
HAZ-HEA-MOD-0778,2026-04-14 18:05:23,heatwave,moderate,Data Breach,Stolen Credentials,,Healthcare Organisation,Sensitive Record Exposure,True,0.75,cyber,cyber_network_threat_dataset,HAZ-HEA-MOD-0778,HZ_00861
HAZ-EAR-MOD-0779,2026-04-16 22:18:23,earthquake,moderate,Misinformation,Social Media Post,Anonymous Social Media Account,Relief Organisation,Public Confusion,True,0.95,cyber,cyber_network_threat_dataset,HAZ-EAR-MOD-0779,HZ_03652
HAZ-STO-MOD-0780,2026-04-16 19:13:23,storm,moderate,Data Breach,Stolen Credentials,,Emergency Services,Personal Data Leak,True,0.99,cyber,cyber_network_threat_dataset,HAZ-STO-MOD-0780,HZ_00678
HAZ-FLO-SEV-0781,2026-04-12 16:16:23,flood,severe,Misinformation,Social Media Post,Fake Government Account,Relief Organisation,False Evacuation,False,0.74,cyber,cyber_network_threat_dataset,HAZ-FLO-SEV-0781,HZ_00414
HAZ-BUS-MOD-0782,2026-04-10 22:00:23,bushfire,moderate,Data Breach,Unsecured API,,Government Agency,Personal Data Leak,True,0.72,cyber,cyber_network_threat_dataset,HAZ-BUS-MOD-0782,HZ_00528
HAZ-HEA-EXT-0783,2026-04-15 16:09:23,heatwave,extreme,Emergency Alert Compromise,Stolen Credentials,Emergency Alert System,Healthcare Organisation,False Warning Sent,True,0.91,cyber,cyber_network_threat_dataset,HAZ-HEA-EXT-0783,HZ_01884
HAZ-STO-EXT-0784,2026-04-10 18:09:23,storm,extreme,Misinformation,Social Media Post,Unofficial News Page,Healthcare Organisation,Public Confusion,True,0.84,cyber,cyber_network_threat_dataset,HAZ-STO-EXT-0784,HZ_00900
HAZ-HEA-EXT-0785,2026-04-11 21:47:23,heatwave,extreme,Fraud,Social Media,Relief Support Officer,Citizens,Identity Theft,True,0.78,cyber,cyber_network_threat_dataset,HAZ-HEA-EXT-0785,HZ_02010
HAZ-HEA-SEV-0786,2026-04-10 00:57:23,heatwave,severe,DDoS,Botnet Traffic,,Citizens,Delayed Response,False,0.83,cyber,cyber_network_threat_dataset,HAZ-HEA-SEV-0786,HZ_00995
HAZ-STO-EXT-0787,2026-04-14 11:40:23,storm,extreme,Phishing,Email,Charity Organisation,Critical Infrastructure,Financial Loss,False,0.8,cyber,cyber_network_threat_dataset,HAZ-STO-EXT-0787,HZ_00904
HAZ-FLO-MOD-0788,2026-04-16 19:20:23,flood,moderate,Ransomware,Credential Theft,,Critical Infrastructure,Data Exposure,False,0.8,cyber,cyber_network_threat_dataset,HAZ-FLO-MOD-0788,HZ_00826
HAZ-EAR-EXT-0789,2026-04-12 04:08:23,earthquake,extreme,Fraud,Social Media,Relief Support Officer,Critical Infrastructure,Fake Payment,True,0.75,cyber,cyber_network_threat_dataset,HAZ-EAR-EXT-0789,HZ_02990
HAZ-EAR-SEV-0790,2026-04-12 16:54:23,earthquake,severe,Data Breach,Stolen Credentials,,Relief Organisation,Personal Data Leak,False,0.88,cyber,cyber_network_threat_dataset,HAZ-EAR-SEV-0790,HZ_02247
HAZ-EAR-SEV-0791,2026-04-14 11:32:23,earthquake,severe,API Abuse,Scripted Requests,,Citizens,Unauthorised Data Access,True,0.98,cyber,cyber_network_threat_dataset,HAZ-EAR-SEV-0791,HZ_02258
HAZ-STO-MOD-0792,2026-04-13 08:33:23,storm,moderate,DDoS,Botnet Traffic,,Government Agency,Service Unavailable,False,0.88,cyber,cyber_network_threat_dataset,HAZ-STO-MOD-0792,HZ_00695
HAZ-STO-MOD-0793,2026-04-11 09:27:23,storm,moderate,Phishing,SMS,Emergency Services,Relief Organisation,Financial Loss,True,0.94,cyber,cyber_network_threat_dataset,HAZ-STO-MOD-0793,HZ_00708
HAZ-BUS-SEV-0794,2026-04-15 21:50:23,bushfire,severe,Fraud,Social Media,Repair Contractor,Citizens,Fake Payment,False,0.81,cyber,cyber_network_threat_dataset,HAZ-BUS-SEV-0794,HZ_00409
HAZ-STO-EXT-0795,2026-04-16 14:05:23,storm,extreme,Emergency Alert Compromise,Stolen Credentials,Emergency Alert System,Healthcare Organisation,False Warning Sent,False,0.91,cyber,cyber_network_threat_dataset,HAZ-STO-EXT-0795,HZ_00922
HAZ-HEA-SEV-0796,2026-04-10 18:02:23,heatwave,severe,Phishing,SMS,Emergency Services,Emergency Services,Malware Download,False,0.92,cyber,cyber_network_threat_dataset,HAZ-HEA-SEV-0796,HZ_01005
HAZ-STO-MOD-0797,2026-04-12 09:31:23,storm,moderate,Ransomware,Malicious Attachment,,Government Agency,Data Exposure,False,0.73,cyber,cyber_network_threat_dataset,HAZ-STO-MOD-0797,HZ_00737
HAZ-BUS-SEV-0798,2026-04-13 05:00:23,bushfire,severe,Fraud,Fake Portal,Repair Contractor,Citizens,False Claim Submission,False,0.9,cyber,cyber_network_threat_dataset,HAZ-BUS-SEV-0798,HZ_00410
HAZ-CYC-EXT-0799,2026-04-10 09:23:23,cyclone,extreme,Ransomware,Credential Theft,,Critical Infrastructure,System Encryption,False,0.83,cyber,cyber_network_threat_dataset,HAZ-CYC-EXT-0799,HZ_04074
HAZ-FLO-MOD-0800,2026-04-15 14:34:23,flood,moderate,Fraud,Fake Portal,Fake Charity,Healthcare Organisation,Fake Payment,True,0.89,cyber,cyber_network_threat_dataset,HAZ-FLO-MOD-0800,HZ_00837
