hazard_event_id,integration_id,state,region,suburb,event_type,severity_score,severity_level,risk_category,start_time,duration_hours,temperature_c,rainfall_mm,humidity_pct,fatalities,injuries,economic_loss_million,affected_population,threat_stream,source_dataset,source_record_id,timestamp,threat_type,attack_vector,impersonation,target,outcome,success,confidence_score,alert_level,misinformation_level,social_media_spike,cyber_frequency_level,risk_score
HZ_00005,e84a6ab8-626e-47d7-907d-8abaa17c2cf0,Victoria,Melbourne Metro,Rocklea,flood,8.6,,high,2024-06-08T00:00:00+00:00,24,23.0,160.6,89.8,1,60,279.3,74930,misinformation,social_misinformation_dataset,TH_00001,2024-06-08T00:00:00+00:00,false_notice,,,,,,,advice,1,no,2,0.54
HZ_00071,6b686d40-112a-4070-862d-1a19255fb975,Western Australia,Perth Metro,Darwin,storm,10.0,,high,2025-08-12T00:00:00+00:00,6,27.6,21.1,77.5,42,195,358.4,47604,misinformation,social_misinformation_dataset,TH_00002,2025-08-12T00:00:00+00:00,social_media_spike,,,,,,,warning,2,yes,4,0.66
HZ_00099,0d84b165-975d-45a8-9e04-ce2f63497f7c,Northern Territory,Top End,Darwin,storm,7.8,,medium,2025-10-13T00:00:00+00:00,24,15.4,3.7,46.2,10,89,26.94,24250,misinformation,social_misinformation_dataset,TH_00003,2025-10-13T00:00:00+00:00,social_media_spike,,,,,,,warning,5,yes,4,0.67
HZ_00036,f11932d2-480e-4121-a2ef-6b8a05583600,Victoria,Melbourne Metro,Townsville,storm,9.9,,high,2025-02-22T00:00:00+00:00,12,21.6,18.5,70.7,15,162,319.85,56534,misinformation,social_misinformation_dataset,TH_00004,2025-02-22T00:00:00+00:00,fake_alert_phishing,,,,,,,warning,2,no,3,0.58
HZ_00068,c1a419f9-21c2-46ca-9259-628306ea3c74,Queensland,Gold Coast Region,Cairns,storm,5.3,,medium,2024-02-26T00:00:00+00:00,72,15.6,43.4,40.0,4,28,197.55,12186,misinformation,social_misinformation_dataset,TH_00005,2024-02-26T00:00:00+00:00,fake_alert_phishing,,,,,,,warning,3,no,5,0.68
HZ_00071,6b686d40-112a-4070-862d-1a19255fb975,Western Australia,Perth Metro,Darwin,storm,10.0,,high,2025-08-12T00:00:00+00:00,6,27.6,21.1,77.5,42,195,358.4,47604,misinformation,social_misinformation_dataset,TH_00006,2025-08-12T00:00:00+00:00,fake_alert_phishing,,,,,,,warning,3,no,3,0.63
HZ_00086,01ecaeb0-f8d3-4793-9e68-2f8c5e815c7d,Tasmania,Southern Region,Canberra,earthquake,6.7,,medium,2025-03-22T00:00:00+00:00,48,17.3,40.5,58.9,1,55,57.28,46642,misinformation,social_misinformation_dataset,TH_00007,2025-03-22T00:00:00+00:00,fake_alert_phishing,,,,,,,warning,3,yes,3,0.66
HZ_00017,7fa5c5f0-f9f1-4994-8d66-624520ad1601,Victoria,Melbourne Metro,Geelong,bushfire,9.5,,high,2025-03-14T00:00:00+00:00,72,50.6,0.2,19.5,23,82,246.41,44446,misinformation,social_misinformation_dataset,TH_00008,2025-03-14T00:00:00+00:00,social_media_spike,,,,,,,warning,5,yes,4,0.69
HZ_00092,e8b411d9-2853-4cd4-8f58-1fd781bc7891,New South Wales,Hunter Region,Perth,flood,8.7,,high,2024-06-17T00:00:00+00:00,6,16.2,129.0,,11,111,108.4,10673,misinformation,social_misinformation_dataset,TH_00009,2024-06-17T00:00:00+00:00,false_notice,,,,,,,warning,3,yes,5,0.81
HZ_00024,0e3e1863-8285-4100-8a6b-77a607f35599,Western Australia,Perth Metro,Geelong,flood,5.0,,medium,2024-08-29T00:00:00+00:00,48,20.3,187.3,70.9,16,69,54.62,36902,misinformation,social_misinformation_dataset,TH_00010,2024-08-29T00:00:00+00:00,social_media_spike,,,,,,,warning,4,yes,5,0.74
HZ_00050,435c5840-9333-4065-8a3a-e8db7383eb4c,Western Australia,Perth Metro,Adelaide,earthquake,1.9,,low,2024-05-04T00:00:00+00:00,72,24.2,40.7,37.7,3,25,74.18,11647,misinformation,social_misinformation_dataset,TH_00011,2024-05-04T00:00:00+00:00,fake_alert_phishing,,,,,,,warning,3,yes,5,0.78
HZ_00075,553aeeec-c390-49ad-85e1-fb17003800fe,Northern Territory,Top End,Adelaide,heatwave,5.4,,medium,2024-04-09T00:00:00+00:00,24,53.1,0.0,14.1,23,30,264.62,45835,misinformation,social_misinformation_dataset,TH_00012,2024-04-09T00:00:00+00:00,misinformation,,,,,,,emergency_warning,4,yes,5,0.85
HZ_00049,e9ed7968-e93b-49a4-91ee-d7ce42aac2d7,South Australia,Adelaide Metro,Hobart,storm,7.8,,medium,2024-04-21T00:00:00+00:00,6,12.5,37.8,61.6,3,155,21.92,51130,misinformation,social_misinformation_dataset,TH_00013,2024-04-21T00:00:00+00:00,misinformation,,,,,,,advice,2,yes,4,0.55
HZ_00006,d1d96cb6-e44b-4184-846f-0de46ab2e073,Queensland,Gold Coast Region,Sale,flood,5.8,,medium,2025-06-26T00:00:00+00:00,48,24.4,93.1,74.2,28,70,25.24,12727,misinformation,social_misinformation_dataset,TH_00014,2025-06-26T00:00:00+00:00,fake_alert_phishing,,,,,,,advice,4,no,3,0.68
HZ_00082,7480ad6c-5a43-4807-ba09-69f45f3a6c24,Queensland,Gold Coast Region,Windsor,storm,1.0,,low,2025-12-06T00:00:00+00:00,72,11.4,21.4,68.8,4,11,14.12,5264,misinformation,social_misinformation_dataset,TH_00015,2025-12-06T00:00:00+00:00,fake_alert_phishing,,,,,,,warning,3,yes,5,0.93
HZ_00093,c2e5dbfa-beb0-4983-838e-54824f948066,Queensland,South East QLD,Sale,heatwave,7.3,,medium,2024-10-04T00:00:00+00:00,24,47.5,0.0,24.6,30,40,114.43,54653,misinformation,social_misinformation_dataset,TH_00016,2024-10-04T00:00:00+00:00,social_media_spike,,,,,,,warning,4,yes,5,0.73
HZ_00099,0d84b165-975d-45a8-9e04-ce2f63497f7c,Northern Territory,Top End,Darwin,storm,7.8,,medium,2025-10-13T00:00:00+00:00,24,15.4,3.7,46.2,10,89,26.94,24250,misinformation,social_misinformation_dataset,TH_00017,2025-10-13T00:00:00+00:00,misinformation,,,,,,,emergency_warning,4,yes,5,0.75
HZ_00089,ccf15065-ddec-4724-9275-9c5e06c596a4,New South Wales,Greater Sydney,Darwin,heatwave,4.2,,low,2025-02-09T00:00:00+00:00,12,49.8,0.0,9.1,3,25,19.5,11439,misinformation,social_misinformation_dataset,TH_00018,2025-02-09T00:00:00+00:00,misinformation,,,,,,,emergency_warning,5,yes,5,0.83
HZ_00031,842ab74f-724d-490a-801f-2020ea8447f4,Victoria,Barwon South West,Canberra,storm,8.8,,high,2025-08-14T00:00:00+00:00,12,13.8,49.6,40.2,43,143,405.24,87354,misinformation,social_misinformation_dataset,TH_00019,2025-08-14T00:00:00+00:00,misinformation,,,,,,,warning,4,no,3,0.63
HZ_00020,c4601a53-a839-4ba6-8589-18c0b9b3b435,Victoria,Barwon South West,Canberra,flood,1.6,,low,2025-09-08T00:00:00+00:00,72,21.0,65.8,94.6,1,23,45.21,399,misinformation,social_misinformation_dataset,TH_00020,2025-09-08T00:00:00+00:00,misinformation,,,,,,,warning,5,yes,5,0.82
HZ_00047,ade7a517-3e9d-41f7-9a04-2bc5e977a968,New South Wales,Greater Sydney,Wycheproof,heatwave,5.4,,medium,2024-05-05T00:00:00+00:00,48,41.5,0.0,9.9,22,50,54.49,36437,misinformation,social_misinformation_dataset,TH_00021,2024-05-05T00:00:00+00:00,social_media_spike,,,,,,,warning,5,yes,5,0.77
HZ_00081,881f57b3-87d5-4d87-bc0f-2d46f4c5937a,Victoria,Melbourne Metro,Hobart,bushfire,3.5,,low,2025-12-25T00:00:00+00:00,48,38.0,1.6,9.5,11,33,51.78,15687,misinformation,social_misinformation_dataset,TH_00022,2025-12-25T00:00:00+00:00,fake_alert_phishing,,,,,,,emergency_warning,4,yes,5,0.92
HZ_00088,5f2577e0-1998-4118-9d99-8a89818d5465,Western Australia,Perth Metro,Footscray,bushfire,5.0,,medium,2025-03-06T00:00:00+00:00,48,44.1,0.6,5.0,20,59,199.42,18698,misinformation,social_misinformation_dataset,TH_00023,2025-03-06T00:00:00+00:00,fake_alert_phishing,,,,,,,warning,2,no,4,0.57
HZ_00024,0e3e1863-8285-4100-8a6b-77a607f35599,Western Australia,Perth Metro,Geelong,flood,5.0,,medium,2024-08-29T00:00:00+00:00,48,20.3,187.3,70.9,16,69,54.62,36902,misinformation,social_misinformation_dataset,TH_00024,2024-08-29T00:00:00+00:00,misinformation,,,,,,,advice,5,no,2,0.64
HZ_00079,65525f7e-5f70-45c7-8d65-460c2bf991bd,Tasmania,Southern Region,Bairnsdale,storm,4.4,,low,2025-05-18T00:00:00+00:00,24,17.5,9.2,56.5,19,56,36.7,25273,misinformation,social_misinformation_dataset,TH_00025,2025-05-18T00:00:00+00:00,misinformation,,,,,,,warning,3,yes,5,0.68
HZ_00034,d73ca1aa-a5bd-42fc-9266-8f4c5cdd4dc1,South Australia,Adelaide Metro,Footscray,flood,6.4,,medium,2025-06-17T00:00:00+00:00,6,17.5,73.3,83.1,4,103,45.36,38871,misinformation,social_misinformation_dataset,TH_00026,2025-06-17T00:00:00+00:00,false_notice,,,,,,,emergency_warning,4,yes,5,0.89
HZ_00059,d79b858e-d2ac-4590-8758-6e0fb102f2a4,Victoria,Melbourne Metro,Bairnsdale,bushfire,9.2,,high,2025-12-15T00:00:00+00:00,72,44.8,1.3,20.7,38,178,319.87,62309,misinformation,social_misinformation_dataset,TH_00027,2025-12-15T00:00:00+00:00,false_notice,,,,,,,warning,2,yes,4,0.78
HZ_00010,1c8738d7-5da9-4f79-b909-127eaae7119c,New South Wales,Hunter Region,Townsville,bushfire,6.2,,medium,2025-05-12T00:00:00+00:00,48,37.4,1.7,5.3,20,77,133.85,1435,misinformation,social_misinformation_dataset,TH_00028,2025-05-12T00:00:00+00:00,fake_alert_phishing,,,,,,,warning,3,yes,5,0.83
HZ_00031,842ab74f-724d-490a-801f-2020ea8447f4,Victoria,Barwon South West,Canberra,storm,8.8,,high,2025-08-14T00:00:00+00:00,12,13.8,49.6,40.2,43,143,405.24,87354,misinformation,social_misinformation_dataset,TH_00029,2025-08-14T00:00:00+00:00,misinformation,,,,,,,advice,3,yes,3,0.6
HZ_00072,9ddf70b6-dc7e-4c76-8970-0804c09fcdb5,Victoria,Melbourne Metro,Townsville,flood,8.5,,high,2025-11-01T00:00:00+00:00,24,17.8,108.3,78.2,3,134,25.18,64651,misinformation,social_misinformation_dataset,TH_00030,2025-11-01T00:00:00+00:00,fake_alert_phishing,,,,,,,emergency_warning,4,yes,5,0.9
HZ_00004,0f405ccf-522b-44cf-a02e-21b107fec76d,Victoria,Melbourne Metro,Cairns,earthquake,9.4,,high,2024-11-18T00:00:00+00:00,24,15.7,43.4,69.2,46,82,54.69,12567,misinformation,social_misinformation_dataset,TH_00031,2024-11-18T00:00:00+00:00,misinformation,,,,,,,advice,2,yes,4,0.52
HZ_00035,ef62e464-d8e6-4c5c-9d93-08c0a08a24d1,Victoria,Melbourne Metro,Broome,heatwave,5.0,,medium,2024-03-12T00:00:00+00:00,6,43.8,0.0,15.3,12,52,190.54,36165,misinformation,social_misinformation_dataset,TH_00032,2024-03-12T00:00:00+00:00,misinformation,,,,,,,warning,3,no,3,0.6
HZ_00064,3ecbe4bb-1e87-485e-bacf-facd12ecfc63,Queensland,South East QLD,Rocklea,storm,7.2,,medium,2024-12-23T00:00:00+00:00,72,11.3,28.5,52.7,30,121,102.19,41583,misinformation,social_misinformation_dataset,TH_00033,2024-12-23T00:00:00+00:00,social_media_spike,,,,,,,advice,3,yes,2,0.57
HZ_00014,fde566e8-766d-4a76-9cd7-f031d0b7a6d3,Tasmania,Southern Region,Darwin,storm,4.5,,low,2024-10-23T00:00:00+00:00,48,19.3,43.3,46.6,11,71,25.24,27708,misinformation,social_misinformation_dataset,TH_00034,2024-10-23T00:00:00+00:00,fake_alert_phishing,,,,,,,emergency_warning,3,no,4,0.81
HZ_00100,422fbe7f-25d1-4fd5-a4b3-536c38bda0e1,Tasmania,Southern Region,Wycheproof,earthquake,8.6,,high,2025-04-29T00:00:00+00:00,72,27.7,18.1,39.1,12,98,87.48,17909,misinformation,social_misinformation_dataset,TH_00035,2025-04-29T00:00:00+00:00,social_media_spike,,,,,,,advice,3,no,2,0.49
HZ_00067,b616e191-e95c-4a4d-ae86-838636c9eb24,Queensland,South East QLD,Perth,flood,4.4,,low,2025-03-12T00:00:00+00:00,72,20.6,187.4,94.4,8,83,207.36,4794,misinformation,social_misinformation_dataset,TH_00036,2025-03-12T00:00:00+00:00,fake_alert_phishing,,,,,,,warning,2,no,5,0.78
HZ_00073,bed20005-cfb4-4a8c-bded-058eb3026490,New South Wales,Greater Sydney,Bairnsdale,heatwave,9.5,,high,2024-05-14T00:00:00+00:00,24,51.7,0.0,13.3,6,138,421.95,92237,misinformation,social_misinformation_dataset,TH_00037,2024-05-14T00:00:00+00:00,social_media_spike,,,,,,,emergency_warning,4,yes,5,0.82
HZ_00004,0f405ccf-522b-44cf-a02e-21b107fec76d,Victoria,Melbourne Metro,Cairns,earthquake,9.4,,high,2024-11-18T00:00:00+00:00,24,15.7,43.4,69.2,46,82,54.69,12567,misinformation,social_misinformation_dataset,TH_00038,2024-11-18T00:00:00+00:00,misinformation,,,,,,,warning,4,yes,3,0.69
HZ_00018,649c47b8-0476-44c6-ac9c-0d85f91f31ff,Northern Territory,Top End,Darwin,storm,1.8,,low,2024-02-16T00:00:00+00:00,48,10.9,32.8,53.1,2,18,71.11,8089,misinformation,social_misinformation_dataset,TH_00039,2024-02-16T00:00:00+00:00,false_notice,,,,,,,advice,2,no,1,0.57
HZ_00020,c4601a53-a839-4ba6-8589-18c0b9b3b435,Victoria,Barwon South West,Canberra,flood,1.6,,low,2025-09-08T00:00:00+00:00,72,21.0,65.8,94.6,1,23,45.21,399,misinformation,social_misinformation_dataset,TH_00040,2025-09-08T00:00:00+00:00,fake_alert_phishing,,,,,,,warning,5,yes,5,0.83
HZ_00045,032f7c61-28ef-41a8-8a84-47de7c2a4d5f,Victoria,Melbourne Metro,Footscray,storm,8.0,,high,2025-12-21T00:00:00+00:00,72,11.4,14.7,74.9,38,79,387.46,67573,misinformation,social_misinformation_dataset,TH_00041,2025-12-21T00:00:00+00:00,social_media_spike,,,,,,,warning,4,yes,5,0.77
HZ_00091,aee1be83-b946-4476-8251-6ed2af5882b6,New South Wales,Greater Sydney,Darwin,heatwave,6.5,,medium,2025-02-13T00:00:00+00:00,48,50.6,0.0,20.1,16,127,28.33,54769,misinformation,social_misinformation_dataset,TH_00042,2025-02-13T00:00:00+00:00,fake_alert_phishing,,,,,,,advice,3,no,2,0.54
HZ_00041,d952f549-d0af-46ca-98f8-724fc06c72cc,Western Australia,Perth Metro,Broome,flood,3.6,,low,2025-08-23T00:00:00+00:00,24,23.7,190.2,93.9,10,56,164.12,10194,misinformation,social_misinformation_dataset,TH_00043,2025-08-23T00:00:00+00:00,social_media_spike,,,,,,,warning,5,yes,5,0.87
HZ_00028,69850020-c28f-463c-906a-1ae02358ee15,Victoria,Melbourne Metro,Hobart,bushfire,6.0,,medium,2024-01-05T00:00:00+00:00,12,46.9,1.7,5.0,18,65,246.36,51058,misinformation,social_misinformation_dataset,TH_00044,2024-01-05T00:00:00+00:00,fake_alert_phishing,,,,,,,warning,3,no,5,0.78
HZ_00008,dbc99b08-004d-4a14-a72b-6227879573b5,Queensland,South East QLD,Geelong,bushfire,6.7,,medium,2024-01-03T00:00:00+00:00,48,36.7,1.1,18.4,21,129,266.12,6756,misinformation,social_misinformation_dataset,TH_00045,2024-01-03T00:00:00+00:00,false_notice,,,,,,,emergency_warning,3,no,5,0.91
HZ_00030,6f35d4e4-669b-4311-b9c9-0625daa3a12e,Queensland,South East QLD,Perth,storm,6.0,,medium,2024-06-21T00:00:00+00:00,72,24.2,11.9,68.9,8,117,70.23,22457,misinformation,social_misinformation_dataset,TH_00046,2024-06-21T00:00:00+00:00,social_media_spike,,,,,,,advice,2,no,3,0.55
HZ_00054,7da1540f-7b83-49da-9d8b-dbabcbcc8229,Victoria,Barwon South West,Windsor,flood,4.5,,low,2024-03-27T00:00:00+00:00,12,22.3,179.6,91.5,1,77,22.76,6229,misinformation,social_misinformation_dataset,TH_00047,2024-03-27T00:00:00+00:00,social_media_spike,,,,,,,emergency_warning,5,yes,5,0.85
HZ_00066,0f516fc2-2d0f-411a-b171-540a969a8fb5,Queensland,South East QLD,Broome,storm,5.7,,medium,2024-12-20T00:00:00+00:00,12,13.5,8.8,68.8,8,53,101.87,33898,misinformation,social_misinformation_dataset,TH_00048,2024-12-20T00:00:00+00:00,social_media_spike,,,,,,,warning,3,yes,4,0.64
HZ_00060,3d71f31a-bde5-4ec3-b09a-f294f9061914,Western Australia,Perth Metro,Rocklea,storm,5.1,,medium,2025-06-26T00:00:00+00:00,6,11.0,49.5,52.0,11,42,82.43,12302,misinformation,social_misinformation_dataset,TH_00049,2025-06-26T00:00:00+00:00,misinformation,,,,,,,warning,4,yes,5,0.74
HZ_00030,6f35d4e4-669b-4311-b9c9-0625daa3a12e,Queensland,South East QLD,Perth,storm,6.0,,medium,2024-06-21T00:00:00+00:00,72,24.2,11.9,68.9,8,117,70.23,22457,misinformation,social_misinformation_dataset,TH_00050,2024-06-21T00:00:00+00:00,social_media_spike,,,,,,,advice,4,no,1,0.48
HZ_00057,ed9ff578-c941-4d6c-9aca-37b3f72c9f7e,Northern Territory,Top End,Darwin,bushfire,4.6,,low,2024-12-18T00:00:00+00:00,6,46.6,0.6,18.1,18,41,94.71,28494,misinformation,social_misinformation_dataset,TH_00051,2024-12-18T00:00:00+00:00,social_media_spike,,,,,,,emergency_warning,5,yes,5,0.81
HZ_00049,e9ed7968-e93b-49a4-91ee-d7ce42aac2d7,South Australia,Adelaide Metro,Hobart,storm,7.8,,medium,2024-04-21T00:00:00+00:00,6,12.5,37.8,61.6,3,155,21.92,51130,misinformation,social_misinformation_dataset,TH_00052,2024-04-21T00:00:00+00:00,fake_alert_phishing,,,,,,,warning,2,yes,3,0.67
HZ_00023,234683d1-3e0a-4490-9199-d6a6b482c061,Tasmania,Southern Region,Canberra,flood,6.3,,medium,2024-11-16T00:00:00+00:00,6,19.3,127.3,70.1,18,121,278.09,5629,misinformation,social_misinformation_dataset,TH_00053,2024-11-16T00:00:00+00:00,misinformation,,,,,,,emergency_warning,3,yes,5,0.77
HZ_00090,cb092d75-7285-437d-8991-010a651d0217,Queensland,Gold Coast Region,Wycheproof,bushfire,3.8,,low,2024-01-26T00:00:00+00:00,6,45.8,1.1,8.7,15,60,21.8,22459,misinformation,social_misinformation_dataset,TH_00054,2024-01-26T00:00:00+00:00,social_media_spike,,,,,,,advice,4,yes,4,0.69
HZ_00016,7689f039-6ea4-46b1-9eed-428a15e2eb46,New South Wales,Hunter Region,Wycheproof,flood,6.7,,medium,2024-05-19T00:00:00+00:00,12,20.0,176.5,83.7,2,53,190.56,61914,misinformation,social_misinformation_dataset,TH_00055,2024-05-19T00:00:00+00:00,misinformation,,,,,,,warning,2,yes,5,0.67
HZ_00079,65525f7e-5f70-45c7-8d65-460c2bf991bd,Tasmania,Southern Region,Bairnsdale,storm,4.4,,low,2025-05-18T00:00:00+00:00,24,17.5,9.2,56.5,19,56,36.7,25273,misinformation,social_misinformation_dataset,TH_00056,2025-05-18T00:00:00+00:00,fake_alert_phishing,,,,,,,warning,2,no,3,0.67
HZ_00008,dbc99b08-004d-4a14-a72b-6227879573b5,Queensland,South East QLD,Geelong,bushfire,6.7,,medium,2024-01-03T00:00:00+00:00,48,36.7,1.1,18.4,21,129,266.12,6756,misinformation,social_misinformation_dataset,TH_00057,2024-01-03T00:00:00+00:00,fake_alert_phishing,,,,,,,emergency_warning,4,yes,5,0.93
HZ_00050,435c5840-9333-4065-8a3a-e8db7383eb4c,Western Australia,Perth Metro,Adelaide,earthquake,1.9,,low,2024-05-04T00:00:00+00:00,72,24.2,40.7,37.7,3,25,74.18,11647,misinformation,social_misinformation_dataset,TH_00058,2024-05-04T00:00:00+00:00,misinformation,,,,,,,warning,4,no,4,0.68
HZ_00088,5f2577e0-1998-4118-9d99-8a89818d5465,Western Australia,Perth Metro,Footscray,bushfire,5.0,,medium,2025-03-06T00:00:00+00:00,48,44.1,0.6,5.0,20,59,199.42,18698,misinformation,social_misinformation_dataset,TH_00059,2025-03-06T00:00:00+00:00,false_notice,,,,,,,advice,3,yes,3,0.54
HZ_00081,881f57b3-87d5-4d87-bc0f-2d46f4c5937a,Victoria,Melbourne Metro,Hobart,bushfire,3.5,,low,2025-12-25T00:00:00+00:00,48,38.0,1.6,9.5,11,33,51.78,15687,misinformation,social_misinformation_dataset,TH_00060,2025-12-25T00:00:00+00:00,social_media_spike,,,,,,,emergency_warning,4,yes,5,0.87
HZ_00041,d952f549-d0af-46ca-98f8-724fc06c72cc,Western Australia,Perth Metro,Broome,flood,3.6,,low,2025-08-23T00:00:00+00:00,24,23.7,190.2,93.9,10,56,164.12,10194,misinformation,social_misinformation_dataset,TH_00061,2025-08-23T00:00:00+00:00,misinformation,,,,,,,emergency_warning,5,yes,5,0.88
HZ_00018,649c47b8-0476-44c6-ac9c-0d85f91f31ff,Northern Territory,Top End,Darwin,storm,1.8,,low,2024-02-16T00:00:00+00:00,48,10.9,32.8,53.1,2,18,71.11,8089,misinformation,social_misinformation_dataset,TH_00062,2024-02-16T00:00:00+00:00,social_media_spike,,,,,,,warning,4,yes,3,0.57
HZ_00034,d73ca1aa-a5bd-42fc-9266-8f4c5cdd4dc1,South Australia,Adelaide Metro,Footscray,flood,6.4,,medium,2025-06-17T00:00:00+00:00,6,17.5,73.3,83.1,4,103,45.36,38871,misinformation,social_misinformation_dataset,TH_00063,2025-06-17T00:00:00+00:00,false_notice,,,,,,,emergency_warning,3,yes,5,0.87
HZ_00093,c2e5dbfa-beb0-4983-838e-54824f948066,Queensland,South East QLD,Sale,heatwave,7.3,,medium,2024-10-04T00:00:00+00:00,24,47.5,0.0,24.6,30,40,114.43,54653,misinformation,social_misinformation_dataset,TH_00064,2024-10-04T00:00:00+00:00,social_media_spike,,,,,,,warning,4,yes,5,0.7
HZ_00041,d952f549-d0af-46ca-98f8-724fc06c72cc,Western Australia,Perth Metro,Broome,flood,3.6,,low,2025-08-23T00:00:00+00:00,24,23.7,190.2,93.9,10,56,164.12,10194,misinformation,social_misinformation_dataset,TH_00065,2025-08-23T00:00:00+00:00,false_notice,,,,,,,emergency_warning,4,yes,5,0.89
HZ_00003,ab6e1d76-a9df-4033-9eda-2e6089801c78,Queensland,Gold Coast Region,Sale,flood,9.2,,high,2025-06-10T00:00:00+00:00,12,24.5,151.8,90.6,28,112,227.46,57133,misinformation,social_misinformation_dataset,TH_00066,2025-06-10T00:00:00+00:00,misinformation,,,,,,,advice,4,no,2,0.57
HZ_00081,881f57b3-87d5-4d87-bc0f-2d46f4c5937a,Victoria,Melbourne Metro,Hobart,bushfire,3.5,,low,2025-12-25T00:00:00+00:00,48,38.0,1.6,9.5,11,33,51.78,15687,misinformation,social_misinformation_dataset,TH_00067,2025-12-25T00:00:00+00:00,misinformation,,,,,,,emergency_warning,5,yes,5,0.89
HZ_00077,7132d161-1d03-40f0-8682-7d65bd06aafb,Queensland,Gold Coast Region,Canberra,bushfire,6.7,,medium,2025-12-15T00:00:00+00:00,6,38.5,1.1,11.5,1,61,307.19,52407,misinformation,social_misinformation_dataset,TH_00068,2025-12-15T00:00:00+00:00,misinformation,,,,,,,emergency_warning,5,yes,5,0.87
HZ_00080,0841ac57-0b8c-40d0-9124-ab9739537855,Tasmania,Southern Region,Broome,bushfire,7.8,,medium,2024-01-13T00:00:00+00:00,6,39.1,0.8,5.0,12,139,96.27,70151,misinformation,social_misinformation_dataset,TH_00069,2024-01-13T00:00:00+00:00,social_media_spike,,,,,,,warning,4,yes,4,0.68
HZ_00011,ed306bcb-1cf7-4c6c-a27b-9426174c6f04,Western Australia,Perth Metro,Hobart,storm,8.3,,high,2025-07-29T00:00:00+00:00,6,15.5,14.2,48.8,19,60,55.01,50205,misinformation,social_misinformation_dataset,TH_00070,2025-07-29T00:00:00+00:00,misinformation,,,,,,,emergency_warning,5,no,5,0.86
HZ_00036,f11932d2-480e-4121-a2ef-6b8a05583600,Victoria,Melbourne Metro,Townsville,storm,9.9,,high,2025-02-22T00:00:00+00:00,12,21.6,18.5,70.7,15,162,319.85,56534,misinformation,social_misinformation_dataset,TH_00071,2025-02-22T00:00:00+00:00,fake_alert_phishing,,,,,,,advice,1,no,1,0.6
HZ_00006,d1d96cb6-e44b-4184-846f-0de46ab2e073,Queensland,Gold Coast Region,Sale,flood,5.8,,medium,2025-06-26T00:00:00+00:00,48,24.4,93.1,74.2,28,70,25.24,12727,misinformation,social_misinformation_dataset,TH_00072,2025-06-26T00:00:00+00:00,misinformation,,,,,,,advice,5,no,2,0.7
HZ_00044,2feb6d95-90da-4b7f-a61b-54e881596dcd,Tasmania,Southern Region,Bairnsdale,storm,4.7,,low,2024-06-06T00:00:00+00:00,12,19.8,36.5,34.6,7,29,80.7,45122,misinformation,social_misinformation_dataset,TH_00073,2024-06-06T00:00:00+00:00,fake_alert_phishing,,,,,,,warning,4,no,4,0.71
HZ_00003,ab6e1d76-a9df-4033-9eda-2e6089801c78,Queensland,Gold Coast Region,Sale,flood,9.2,,high,2025-06-10T00:00:00+00:00,12,24.5,151.8,90.6,28,112,227.46,57133,misinformation,social_misinformation_dataset,TH_00074,2025-06-10T00:00:00+00:00,social_media_spike,,,,,,,advice,4,yes,3,0.56
HZ_00021,1e1fd1b0-b486-4495-b61b-673eb45ee350,Queensland,Gold Coast Region,Darwin,flood,6.2,,medium,2024-09-09T00:00:00+00:00,12,15.4,67.5,98.9,26,67,153.06,5637,misinformation,social_misinformation_dataset,TH_00075,2024-09-09T00:00:00+00:00,fake_alert_phishing,,,,,,,emergency_warning,4,yes,5,0.89
HZ_00037,3747158b-3a1c-4b40-a708-2bd9e8f3fdbe,Victoria,Barwon South West,Wycheproof,bushfire,7.7,,medium,2024-09-23T00:00:00+00:00,48,39.2,0.2,5.0,17,137,13.58,28144,misinformation,social_misinformation_dataset,TH_00076,2024-09-23T00:00:00+00:00,misinformation,,,,,,,warning,3,no,5,0.67
HZ_00059,d79b858e-d2ac-4590-8758-6e0fb102f2a4,Victoria,Melbourne Metro,Bairnsdale,bushfire,9.2,,high,2025-12-15T00:00:00+00:00,72,44.8,1.3,20.7,38,178,319.87,62309,misinformation,social_misinformation_dataset,TH_00077,2025-12-15T00:00:00+00:00,false_notice,,,,,,,advice,4,yes,5,0.74
HZ_00019,20c50faf-aa73-4f81-9513-8674b3451144,New South Wales,Hunter Region,Perth,flood,6.9,,medium,2025-05-24T00:00:00+00:00,12,24.7,143.3,88.4,7,54,179.88,4139,misinformation,social_misinformation_dataset,TH_00078,2025-05-24T00:00:00+00:00,social_media_spike,,,,,,,warning,2,no,4,0.53
HZ_00024,0e3e1863-8285-4100-8a6b-77a607f35599,Western Australia,Perth Metro,Geelong,flood,5.0,,medium,2024-08-29T00:00:00+00:00,48,20.3,187.3,70.9,16,69,54.62,36902,misinformation,social_misinformation_dataset,TH_00079,2024-08-29T00:00:00+00:00,false_notice,,,,,,,warning,2,yes,5,0.77
HZ_00032,29995c5f-d278-4d24-bb9a-2e677ccf7f06,Victoria,Barwon South West,Wycheproof,bushfire,1.3,,low,2025-01-30T00:00:00+00:00,48,38.4,0.3,26.9,5,25,3.92,1021,misinformation,social_misinformation_dataset,TH_00080,2025-01-30T00:00:00+00:00,fake_alert_phishing,,,,,,,warning,2,no,3,0.72
HZ_00062,9a26fd8a-cb68-4d31-b8ff-a5af4f660fd5,Tasmania,Southern Region,Hobart,storm,4.7,,low,2025-11-26T00:00:00+00:00,12,28.7,26.1,76.0,7,26,102.6,25697,misinformation,social_misinformation_dataset,TH_00081,2025-11-26T00:00:00+00:00,misinformation,,,,,,,advice,5,yes,4,0.65
HZ_00033,d486f90e-943d-4e74-9c7c-208a50993a7d,Queensland,South East QLD,Sale,storm,6.7,,medium,2025-11-22T00:00:00+00:00,6,24.6,42.0,70.2,20,84,129.15,33699,misinformation,social_misinformation_dataset,TH_00082,2025-11-22T00:00:00+00:00,false_notice,,,,,,,warning,3,no,5,0.75
HZ_00063,ce16f76e-ae0e-436e-8c9d-795ed3b8047b,Queensland,South East QLD,Windsor,bushfire,8.4,,high,2024-10-09T00:00:00+00:00,48,47.7,1.3,,22,45,126.15,77824,misinformation,social_misinformation_dataset,TH_00083,2024-10-09T00:00:00+00:00,social_media_spike,,,,,,,warning,3,yes,5,0.77
HZ_00069,99e7f422-7805-4655-bff4-669a4e1eed3b,Tasmania,Southern Region,Broome,storm,9.2,,high,2025-11-24T00:00:00+00:00,12,12.4,4.3,41.2,17,139,458.85,44454,misinformation,social_misinformation_dataset,TH_00084,2025-11-24T00:00:00+00:00,social_media_spike,,,,,,,warning,4,yes,5,0.82
HZ_00039,0ba04093-e213-455c-920a-332f8c42ae43,Tasmania,Southern Region,Adelaide,bushfire,6.6,,medium,2024-12-08T00:00:00+00:00,72,49.6,1.4,7.2,8,103,58.53,57838,misinformation,social_misinformation_dataset,TH_00085,2024-12-08T00:00:00+00:00,fake_alert_phishing,,,,,,,advice,2,no,1,0.6
HZ_00086,01ecaeb0-f8d3-4793-9e68-2f8c5e815c7d,Tasmania,Southern Region,Canberra,earthquake,6.7,,medium,2025-03-22T00:00:00+00:00,48,17.3,40.5,58.9,1,55,57.28,46642,misinformation,social_misinformation_dataset,TH_00086,2025-03-22T00:00:00+00:00,fake_alert_phishing,,,,,,,advice,2,yes,3,0.57
HZ_00092,e8b411d9-2853-4cd4-8f58-1fd781bc7891,New South Wales,Hunter Region,Perth,flood,8.7,,high,2024-06-17T00:00:00+00:00,6,16.2,129.0,,11,111,108.4,10673,misinformation,social_misinformation_dataset,TH_00087,2024-06-17T00:00:00+00:00,fake_alert_phishing,,,,,,,warning,4,yes,5,0.91
HZ_00089,ccf15065-ddec-4724-9275-9c5e06c596a4,New South Wales,Greater Sydney,Darwin,heatwave,4.2,,low,2025-02-09T00:00:00+00:00,12,49.8,0.0,9.1,3,25,19.5,11439,misinformation,social_misinformation_dataset,TH_00088,2025-02-09T00:00:00+00:00,misinformation,,,,,,,warning,5,yes,5,0.88
HZ_00069,99e7f422-7805-4655-bff4-669a4e1eed3b,Tasmania,Southern Region,Broome,storm,9.2,,high,2025-11-24T00:00:00+00:00,12,12.4,4.3,41.2,17,139,458.85,44454,misinformation,social_misinformation_dataset,TH_00089,2025-11-24T00:00:00+00:00,social_media_spike,,,,,,,emergency_warning,5,yes,5,0.9
HZ_00097,4dcea585-6417-40bd-b476-84a3ce719566,Victoria,Melbourne Metro,Wycheproof,flood,5.0,,medium,2024-04-21T00:00:00+00:00,72,19.4,82.8,74.5,22,74,198.38,36675,misinformation,social_misinformation_dataset,TH_00090,2024-04-21T00:00:00+00:00,misinformation,,,,,,,warning,5,yes,5,0.86
HZ_00033,d486f90e-943d-4e74-9c7c-208a50993a7d,Queensland,South East QLD,Sale,storm,6.7,,medium,2025-11-22T00:00:00+00:00,6,24.6,42.0,70.2,20,84,129.15,33699,misinformation,social_misinformation_dataset,TH_00091,2025-11-22T00:00:00+00:00,false_notice,,,,,,,warning,3,no,3,0.71
HZ_00064,3ecbe4bb-1e87-485e-bacf-facd12ecfc63,Queensland,South East QLD,Rocklea,storm,7.2,,medium,2024-12-23T00:00:00+00:00,72,11.3,28.5,52.7,30,121,102.19,41583,misinformation,social_misinformation_dataset,TH_00092,2024-12-23T00:00:00+00:00,misinformation,,,,,,,advice,3,no,3,0.52
HZ_00064,3ecbe4bb-1e87-485e-bacf-facd12ecfc63,Queensland,South East QLD,Rocklea,storm,7.2,,medium,2024-12-23T00:00:00+00:00,72,11.3,28.5,52.7,30,121,102.19,41583,misinformation,social_misinformation_dataset,TH_00093,2024-12-23T00:00:00+00:00,misinformation,,,,,,,warning,4,no,2,0.61
HZ_00074,ad39bdd3-b630-4ec1-95fe-5fa04beba8af,Queensland,South East QLD,Darwin,flood,6.5,,medium,2025-10-23T00:00:00+00:00,24,23.9,182.8,81.7,1,56,299.01,64517,misinformation,social_misinformation_dataset,TH_00094,2025-10-23T00:00:00+00:00,social_media_spike,,,,,,,warning,5,yes,5,0.75
HZ_00076,c26c1e60-9d0c-4b24-9852-6cea9e22d433,South Australia,Adelaide Metro,Cairns,earthquake,2.6,,low,2025-11-24T00:00:00+00:00,48,13.2,21.1,49.2,6,31,82.01,16115,misinformation,social_misinformation_dataset,TH_00095,2025-11-24T00:00:00+00:00,fake_alert_phishing,,,,,,,warning,2,yes,5,0.79
HZ_00039,0ba04093-e213-455c-920a-332f8c42ae43,Tasmania,Southern Region,Adelaide,bushfire,6.6,,medium,2024-12-08T00:00:00+00:00,72,49.6,1.4,7.2,8,103,58.53,57838,misinformation,social_misinformation_dataset,TH_00096,2024-12-08T00:00:00+00:00,false_notice,,,,,,,advice,3,no,2,0.6
HZ_00075,553aeeec-c390-49ad-85e1-fb17003800fe,Northern Territory,Top End,Adelaide,heatwave,5.4,,medium,2024-04-09T00:00:00+00:00,24,53.1,0.0,14.1,23,30,264.62,45835,misinformation,social_misinformation_dataset,TH_00097,2024-04-09T00:00:00+00:00,false_notice,,,,,,,warning,4,yes,5,0.8
HZ_00008,dbc99b08-004d-4a14-a72b-6227879573b5,Queensland,South East QLD,Geelong,bushfire,6.7,,medium,2024-01-03T00:00:00+00:00,48,36.7,1.1,18.4,21,129,266.12,6756,misinformation,social_misinformation_dataset,TH_00098,2024-01-03T00:00:00+00:00,misinformation,,,,,,,emergency_warning,5,yes,5,0.87
HZ_00019,20c50faf-aa73-4f81-9513-8674b3451144,New South Wales,Hunter Region,Perth,flood,6.9,,medium,2025-05-24T00:00:00+00:00,12,24.7,143.3,88.4,7,54,179.88,4139,misinformation,social_misinformation_dataset,TH_00099,2025-05-24T00:00:00+00:00,misinformation,,,,,,,warning,3,no,2,0.55
HZ_00086,01ecaeb0-f8d3-4793-9e68-2f8c5e815c7d,Tasmania,Southern Region,Canberra,earthquake,6.7,,medium,2025-03-22T00:00:00+00:00,48,17.3,40.5,58.9,1,55,57.28,46642,misinformation,social_misinformation_dataset,TH_00100,2025-03-22T00:00:00+00:00,false_notice,,,,,,,advice,2,yes,3,0.54
HZ_00004,0f405ccf-522b-44cf-a02e-21b107fec76d,Victoria,Melbourne Metro,Melbourne,earthquake,9.4,extreme,high,2024-11-18T00:00:00+00:00,24,15.7,43.4,69.2,46,82,54.69,12567,cyber,cyber_network_threat_dataset,HAZ-EAR-EXT-0001,2026-04-14 20:30:23,Phishing,Email,Government Relief Agency,Healthcare Organisation,Malware Download,False,0.8,,,,,
HZ_00140,4b10639c-2162-4bec-91d0-c4295e18620b,Tasmania,Southern Region,Hobart,cyclone,3.6,moderate,low,2025-03-15T00:00:00+00:00,24,26.1,248.0,99.5,12,53,33.35,25181,cyber,cyber_network_threat_dataset,HAZ-CYC-MOD-0002,2026-04-11 22:14:23,Misinformation,Social Media Post,Unofficial News Page,Relief Organisation,Trust Erosion,False,0.87,,,,,
HZ_00008,dbc99b08-004d-4a14-a72b-6227879573b5,Queensland,South East QLD,Brisbane,bushfire,6.7,severe,medium,2024-01-03T00:00:00+00:00,48,36.7,1.1,18.4,21,129,266.12,6756,cyber,cyber_network_threat_dataset,HAZ-BUS-SEV-0003,2026-04-12 07:18:23,API Abuse,Scripted Requests,,Healthcare Organisation,Unauthorised Data Access,False,0.8,,,,,
HZ_00132,81765cd4-fab2-4b53-8605-131e7edcd6c3,Queensland,Gold Coast Region,Surfers Paradise,cyclone,7.4,severe,medium,2025-10-05T00:00:00+00:00,12,27.5,197.9,90.8,0,56,356.38,67854,cyber,cyber_network_threat_dataset,HAZ-CYC-SEV-0004,2026-04-16 19:17:23,Fraud,Social Media,Fake Charity,Government Agency,Fake Payment,False,0.76,,,,,
HZ_00010,1c8738d7-5da9-4f79-b909-127eaae7119c,New South Wales,Hunter Region,Newcastle,bushfire,6.2,severe,medium,2025-05-12T00:00:00+00:00,48,37.4,1.7,5.3,20,77,133.85,1435,cyber,cyber_network_threat_dataset,HAZ-BUS-SEV-0005,2026-04-12 00:10:23,Emergency Alert Compromise,Stolen Credentials,Emergency Alert System,Healthcare Organisation,Mass Panic Triggered,True,0.75,,,,,
HZ_00011,ed306bcb-1cf7-4c6c-a27b-9426174c6f04,Western Australia,Perth Metro,Perth,storm,8.3,severe,high,2025-07-29T00:00:00+00:00,6,15.5,14.2,48.8,19,60,55.01,50205,cyber,cyber_network_threat_dataset,HAZ-STO-SEV-0006,2026-04-12 05:57:23,Misinformation,Social Media Post,Unofficial News Page,Citizens,Trust Erosion,True,0.73,,,,,
HZ_00017,7fa5c5f0-f9f1-4994-8d66-624520ad1601,Victoria,Melbourne Metro,Melbourne,bushfire,9.5,extreme,high,2025-03-14T00:00:00+00:00,72,50.6,0.2,19.5,23,82,246.41,44446,cyber,cyber_network_threat_dataset,HAZ-BUS-EXT-0007,2026-04-15 15:21:23,Fraud,Fake Portal,Repair Contractor,Healthcare Organisation,False Claim Submission,True,0.83,,,,,
HZ_00014,fde566e8-766d-4a76-9cd7-f031d0b7a6d3,Tasmania,Southern Region,Hobart,storm,4.5,moderate,low,2024-10-23T00:00:00+00:00,48,19.3,43.3,46.6,11,71,25.24,27708,cyber,cyber_network_threat_dataset,HAZ-STO-MOD-0008,2026-04-14 21:08:23,Data Breach,Unsecured API,,Emergency Services,Sensitive Record Exposure,True,0.75,,,,,
HZ_00026,6789a14c-cffb-42b1-8c72-8e2a4813a58a,Queensland,Gold Coast Region,Surfers Paradise,storm,8.8,extreme,high,2025-06-02T00:00:00+00:00,72,24.9,11.6,46.9,18,157,248.7,52636,cyber,cyber_network_threat_dataset,HAZ-STO-EXT-0009,2026-04-14 18:33:23,Fraud,Social Media,Repair Contractor,Government Agency,Identity Theft,False,0.94,,,,,
HZ_00022,b03268e9-c382-43fb-b25d-afd0aec4bcbb,Northern Territory,Top End,Darwin,storm,3.7,moderate,low,2024-05-21T00:00:00+00:00,72,25.6,35.2,53.3,11,72,170.91,6409,cyber,cyber_network_threat_dataset,HAZ-STO-MOD-0010,2026-04-10 19:28:23,DDoS,Botnet Traffic,,Emergency Services,Delayed Response,True,0.79,,,,,
HZ_00001,42240df2-eeb2-4bb5-bb79-f8a33e7cfdca,Queensland,Gold Coast Region,Surfers Paradise,cyclone,9.5,extreme,high,2025-10-05T00:00:00+00:00,24,25.1,287.6,,34,109,269.87,22135,cyber,cyber_network_threat_dataset,HAZ-CYC-EXT-0011,2026-04-10 04:22:23,Fraud,Social Media,Relief Support Officer,Relief Organisation,Fake Payment,False,0.89,,,,,
HZ_00044,2feb6d95-90da-4b7f-a61b-54e881596dcd,Tasmania,Southern Region,Hobart,storm,4.7,moderate,low,2024-06-06T00:00:00+00:00,12,19.8,36.5,34.6,7,29,80.7,45122,cyber,cyber_network_threat_dataset,HAZ-STO-MOD-0012,2026-04-14 05:10:23,Fraud,Social Media,Repair Contractor,Healthcare Organisation,False Claim Submission,False,0.77,,,,,
HZ_00012,33c12b9a-45e7-4cef-9df0-86b299dee852,South Australia,Adelaide Metro,Adelaide,storm,6.0,severe,medium,2024-11-21T00:00:00+00:00,24,17.9,24.6,61.9,20,96,158.09,32288,cyber,cyber_network_threat_dataset,HAZ-STO-SEV-0013,2026-04-10 15:13:23,Data Breach,Unsecured API,,Citizens,Personal Data Leak,False,0.93,,,,,
HZ_00038,a62a3c65-fb34-4bda-a053-a3148b159d56,Western Australia,Perth Metro,Perth,earthquake,9.8,extreme,high,2024-05-18T00:00:00+00:00,72,12.8,47.8,,12,94,221.96,29344,cyber,cyber_network_threat_dataset,HAZ-EAR-EXT-0014,2026-04-13 19:21:23,DDoS,Botnet Traffic,,Emergency Services,Service Unavailable,True,0.95,,,,,
HZ_00056,7c37a4ac-1827-4723-90fc-0644120b5322,New South Wales,Greater Sydney,Parramatta,storm,4.6,moderate,low,2024-05-01T00:00:00+00:00,12,16.5,33.0,47.5,8,72,86.31,3284,cyber,cyber_network_threat_dataset,HAZ-STO-MOD-0015,2026-04-12 14:10:23,DDoS,Botnet Traffic,,Relief Organisation,Delayed Response,False,0.87,,,,,
HZ_00002,0397dc6e-44b3-4308-886f-393828154045,Western Australia,Perth Metro,Perth,heatwave,6.8,severe,medium,2025-03-08T00:00:00+00:00,12,53.4,0.0,18.2,0,108,66.5,4752,cyber,cyber_network_threat_dataset,HAZ-HEA-SEV-0016,2026-04-15 20:02:23,Misinformation,Social Media Post,Fake Government Account,Emergency Services,Trust Erosion,True,0.72,,,,,
HZ_00110,4a98c793-0acc-44a7-8153-565b3ac4d7c7,Victoria,Barwon South West,Geelong,cyclone,9.8,extreme,high,2024-03-07T00:00:00+00:00,12,25.7,151.0,86.4,48,74,14.87,47291,cyber,cyber_network_threat_dataset,HAZ-CYC-EXT-0017,2026-04-13 06:13:23,Fraud,Social Media,Relief Support Officer,Government Agency,Identity Theft,False,0.86,,,,,
HZ_00006,d1d96cb6-e44b-4184-846f-0de46ab2e073,Queensland,Gold Coast Region,Surfers Paradise,flood,5.8,moderate,medium,2025-06-26T00:00:00+00:00,48,24.4,93.1,74.2,28,70,25.24,12727,cyber,cyber_network_threat_dataset,HAZ-FLO-MOD-0018,2026-04-14 16:13:23,Misinformation,Social Media Post,Anonymous Social Media Account,Government Agency,Trust Erosion,True,0.74,,,,,
HZ_00150,e6c4f2b1-c233-4ed5-8da3-a85a675e63d2,New South Wales,Hunter Region,Newcastle,earthquake,5.6,moderate,medium,2025-09-29T00:00:00+00:00,72,15.8,3.7,35.7,16,95,77.76,54899,cyber,cyber_network_threat_dataset,HAZ-EAR-MOD-0019,2026-04-10 10:50:23,Fraud,Social Media,Repair Contractor,Citizens,Fake Payment,False,0.76,,,,,
HZ_00031,842ab74f-724d-490a-801f-2020ea8447f4,Victoria,Barwon South West,Geelong,storm,8.8,extreme,high,2025-08-14T00:00:00+00:00,12,13.8,49.6,40.2,43,143,405.24,87354,cyber,cyber_network_threat_dataset,HAZ-STO-EXT-0020,2026-04-10 01:07:23,Misinformation,Deepfake Video,Unofficial News Page,Emergency Services,Public Confusion,False,0.92,,,,,
HZ_00024,0e3e1863-8285-4100-8a6b-77a607f35599,Western Australia,Perth Metro,Perth,flood,5.0,moderate,medium,2024-08-29T00:00:00+00:00,48,20.3,187.3,70.9,16,69,54.62,36902,cyber,cyber_network_threat_dataset,HAZ-FLO-MOD-0021,2026-04-13 03:57:23,Misinformation,Social Media Post,Fake Government Account,Emergency Services,Public Confusion,True,0.84,,,,,
HZ_00016,7689f039-6ea4-46b1-9eed-428a15e2eb46,New South Wales,Hunter Region,Newcastle,flood,6.7,severe,medium,2024-05-19T00:00:00+00:00,12,20.0,176.5,83.7,2,53,190.56,61914,cyber,cyber_network_threat_dataset,HAZ-FLO-SEV-0022,2026-04-12 14:15:23,Phishing,Email,Charity Organisation,Relief Organisation,Credential Theft,True,0.92,,,,,
HZ_00141,24183510-acbb-4416-9467-6e0b72751925,Queensland,Gold Coast Region,Surfers Paradise,cyclone,3.8,moderate,low,2024-05-09T00:00:00+00:00,72,27.4,156.9,92.6,6,32,106.57,5016,cyber,cyber_network_threat_dataset,HAZ-CYC-MOD-0023,2026-04-16 12:42:23,Phishing,SMS,Insurance Provider,Emergency Services,Credential Theft,False,0.81,,,,,
HZ_00073,bed20005-cfb4-4a8c-bded-058eb3026490,New South Wales,Greater Sydney,Parramatta,heatwave,9.5,extreme,high,2024-05-14T00:00:00+00:00,24,51.7,0.0,13.3,6,138,421.95,92237,cyber,cyber_network_threat_dataset,HAZ-HEA-EXT-0024,2026-04-10 14:03:23,API Abuse,Scripted Requests,,Government Agency,Record Manipulation,True,0.93,,,,,
HZ_00113,77d81157-c3b8-4b5e-91ac-e17869cb1a75,Victoria,Barwon South West,Geelong,cyclone,9.0,extreme,high,2024-05-29T00:00:00+00:00,72,31.3,257.6,99.1,4,120,255.99,51097,cyber,cyber_network_threat_dataset,HAZ-CYC-EXT-0025,2026-04-13 02:49:23,Fraud,Phone Call,Fake Charity,Citizens,False Claim Submission,True,0.85,,,,,
HZ_00025,2480de17-ccdd-4350-a960-1caa71724c33,Northern Territory,Top End,Darwin,storm,7.4,severe,medium,2025-10-29T00:00:00+00:00,12,16.8,10.0,56.4,16,139,158.28,2326,cyber,cyber_network_threat_dataset,HAZ-STO-SEV-0026,2026-04-16 14:52:23,Fraud,Phone Call,Relief Support Officer,Government Agency,Fake Payment,False,0.84,,,,,
HZ_00186,daf01336-d736-431f-ab9e-c1c1c0d4c797,Queensland,South East QLD,Brisbane,earthquake,4.5,moderate,low,2024-09-09T00:00:00+00:00,48,15.9,27.7,61.1,16,35,158.69,7327,cyber,cyber_network_threat_dataset,HAZ-EAR-MOD-0027,2026-04-13 14:57:23,API Abuse,Scripted Requests,,Citizens,Unauthorised Data Access,False,0.88,,,,,
HZ_00009,19a6e1f2-18f0-4d51-9113-43e35e18413d,Queensland,Gold Coast Region,Surfers Paradise,bushfire,4.7,moderate,low,2025-04-23T00:00:00+00:00,24,44.5,0.4,23.0,15,93,36.52,14775,cyber,cyber_network_threat_dataset,HAZ-BUS-MOD-0028,2026-04-14 13:04:23,Data Breach,Stolen Credentials,,Critical Infrastructure,Sensitive Record Exposure,True,0.88,,,,,
HZ_00058,0d1799c8-f309-424b-8f5b-2355c1690a74,Queensland,Gold Coast Region,Surfers Paradise,storm,3.7,moderate,low,2025-06-15T00:00:00+00:00,6,12.0,14.1,64.5,5,48,64.69,19696,cyber,cyber_network_threat_dataset,HAZ-STO-MOD-0029,2026-04-10 14:26:23,Phishing,Email,Charity Organisation,Government Agency,Malware Download,True,0.79,,,,,
HZ_00040,30191631-5ed3-4ac3-89d9-4768a060f65d,Tasmania,Southern Region,Hobart,bushfire,5.5,moderate,medium,2025-09-01T00:00:00+00:00,24,43.4,0.7,8.6,22,31,91.14,34980,cyber,cyber_network_threat_dataset,HAZ-BUS-MOD-0030,2026-04-14 06:05:23,DDoS,Botnet Traffic,,Emergency Services,Service Unavailable,True,0.94,,,,,
HZ_00003,ab6e1d76-a9df-4033-9eda-2e6089801c78,Queensland,Gold Coast Region,Surfers Paradise,flood,9.2,extreme,high,2025-06-10T00:00:00+00:00,12,24.5,151.8,90.6,28,112,227.46,57133,cyber,cyber_network_threat_dataset,HAZ-FLO-EXT-0031,2026-04-15 23:14:23,DDoS,Botnet Traffic,,Government Agency,Delayed Response,True,0.98,,,,,
HZ_00027,c5336c16-04d7-4485-8457-33be38a36fa0,New South Wales,Greater Sydney,Parramatta,flood,5.6,moderate,medium,2025-08-17T00:00:00+00:00,12,15.7,71.1,75.5,23,97,21.01,52643,cyber,cyber_network_threat_dataset,HAZ-FLO-MOD-0032,2026-04-15 16:53:23,Data Breach,Unsecured API,,Relief Organisation,Personal Data Leak,True,0.96,,,,,
HZ_00041,d952f549-d0af-46ca-98f8-724fc06c72cc,Western Australia,Perth Metro,Perth,flood,3.6,moderate,low,2025-08-23T00:00:00+00:00,24,23.7,190.2,93.9,10,56,164.12,10194,cyber,cyber_network_threat_dataset,HAZ-FLO-MOD-0033,2026-04-12 16:20:23,Phishing,Email,Insurance Provider,Critical Infrastructure,Credential Theft,True,0.83,,,,,
HZ_00030,6f35d4e4-669b-4311-b9c9-0625daa3a12e,Queensland,South East QLD,Brisbane,storm,6.0,severe,medium,2024-06-21T00:00:00+00:00,72,24.2,11.9,68.9,8,117,70.23,22457,cyber,cyber_network_threat_dataset,HAZ-STO-SEV-0034,2026-04-12 07:54:23,Fraud,Social Media,Repair Contractor,Citizens,Fake Payment,False,0.82,,,,,
HZ_00059,d79b858e-d2ac-4590-8758-6e0fb102f2a4,Victoria,Melbourne Metro,Melbourne,bushfire,9.2,extreme,high,2025-12-15T00:00:00+00:00,72,44.8,1.3,20.7,38,178,319.87,62309,cyber,cyber_network_threat_dataset,HAZ-BUS-EXT-0035,2026-04-13 22:58:23,Phishing,Fake Website,Insurance Provider,Relief Organisation,Malware Download,False,0.93,,,,,
HZ_00028,69850020-c28f-463c-906a-1ae02358ee15,Victoria,Melbourne Metro,Melbourne,bushfire,6.0,severe,medium,2024-01-05T00:00:00+00:00,12,46.9,1.7,5.0,18,65,246.36,51058,cyber,cyber_network_threat_dataset,HAZ-BUS-SEV-0036,2026-04-16 05:52:23,DDoS,Botnet Traffic,,Emergency Services,Delayed Response,False,0.84,,,,,
HZ_00096,718b60c3-d9ef-463b-af9b-7756ee394e25,Queensland,South East QLD,Brisbane,bushfire,8.9,extreme,high,2025-10-30T00:00:00+00:00,24,49.0,0.6,,32,80,409.13,42127,cyber,cyber_network_threat_dataset,HAZ-BUS-EXT-0037,2026-04-13 03:32:23,Phishing,Fake Website,Emergency Services,Citizens,Financial Loss,True,0.73,,,,,
HZ_00043,83e27653-dc12-4fb6-9b5a-82f7734f7393,Northern Territory,Top End,Darwin,heatwave,6.9,severe,medium,2024-01-05T00:00:00+00:00,12,54.9,0.0,21.2,16,83,29.46,2132,cyber,cyber_network_threat_dataset,HAZ-HEA-SEV-0038,2026-04-13 03:52:23,Fraud,Phone Call,Relief Support Officer,Healthcare Organisation,Fake Payment,True,0.9,,,,,
HZ_00019,20c50faf-aa73-4f81-9513-8674b3451144,New South Wales,Hunter Region,Newcastle,flood,6.9,severe,medium,2025-05-24T00:00:00+00:00,12,24.7,143.3,88.4,7,54,179.88,4139,cyber,cyber_network_threat_dataset,HAZ-FLO-SEV-0039,2026-04-11 18:04:23,Phishing,SMS,Government Relief Agency,Government Agency,Financial Loss,True,0.89,,,,,
HZ_00035,ef62e464-d8e6-4c5c-9d93-08c0a08a24d1,Victoria,Melbourne Metro,Melbourne,heatwave,5.0,moderate,medium,2024-03-12T00:00:00+00:00,6,43.8,0.0,15.3,12,52,190.54,36165,cyber,cyber_network_threat_dataset,HAZ-HEA-MOD-0040,2026-04-10 11:55:23,DDoS,Botnet Traffic,,Government Agency,Service Unavailable,True,0.76,,,,,
HZ_00054,7da1540f-7b83-49da-9d8b-dbabcbcc8229,Victoria,Barwon South West,Geelong,flood,4.5,moderate,low,2024-03-27T00:00:00+00:00,12,22.3,179.6,91.5,1,77,22.76,6229,cyber,cyber_network_threat_dataset,HAZ-FLO-MOD-0041,2026-04-12 01:19:23,Emergency Alert Compromise,System Exploit,Official Warning Service,Relief Organisation,False Warning Sent,True,0.7,,,,,
HZ_00100,422fbe7f-25d1-4fd5-a4b3-536c38bda0e1,Tasmania,Southern Region,Hobart,earthquake,8.6,extreme,high,2025-04-29T00:00:00+00:00,72,27.7,18.1,39.1,12,98,87.48,17909,cyber,cyber_network_threat_dataset,HAZ-EAR-EXT-0042,2026-04-13 16:53:23,Phishing,Email,Insurance Provider,Healthcare Organisation,Malware Download,False,0.84,,,,,
HZ_00033,d486f90e-943d-4e74-9c7c-208a50993a7d,Queensland,South East QLD,Brisbane,storm,6.7,severe,medium,2025-11-22T00:00:00+00:00,6,24.6,42.0,70.2,20,84,129.15,33699,cyber,cyber_network_threat_dataset,HAZ-STO-SEV-0043,2026-04-15 22:56:23,DDoS,Botnet Traffic,,Relief Organisation,Service Unavailable,False,0.88,,,,,
HZ_00105,8ed6aa4b-4635-4907-af2e-8bf225be17b8,Queensland,South East QLD,Brisbane,heatwave,9.0,extreme,high,2024-05-01T00:00:00+00:00,24,51.0,0.0,24.8,44,95,102.87,29042,cyber,cyber_network_threat_dataset,HAZ-HEA-EXT-0044,2026-04-15 17:44:23,Misinformation,Deepfake Video,Fake Government Account,Healthcare Organisation,False Evacuation,False,0.79,,,,,
HZ_00013,8f6e6ea3-dfb7-4661-ab76-ef1221616e20,Victoria,Melbourne Metro,Melbourne,earthquake,7.1,severe,medium,2024-09-11T00:00:00+00:00,12,13.2,7.3,64.6,4,128,87.68,2065,cyber,cyber_network_threat_dataset,HAZ-EAR-SEV-0045,2026-04-15 02:08:23,Misinformation,Social Media Post,Unofficial News Page,Citizens,Public Confusion,True,0.79,,,,,
HZ_00067,b616e191-e95c-4a4d-ae86-838636c9eb24,Queensland,South East QLD,Brisbane,flood,4.4,moderate,low,2025-03-12T00:00:00+00:00,72,20.6,187.4,94.4,8,83,207.36,4794,cyber,cyber_network_threat_dataset,HAZ-FLO-MOD-0046,2026-04-10 18:46:23,Data Breach,Stolen Credentials,,Citizens,Personal Data Leak,False,0.96,,,,,
HZ_00194,b769d59b-6d38-4c16-b9da-6e0831b575a9,Queensland,South East QLD,Brisbane,heatwave,8.7,extreme,high,2025-01-10T00:00:00+00:00,48,53.1,0.0,22.1,28,95,51.34,77213,cyber,cyber_network_threat_dataset,HAZ-HEA-EXT-0047,2026-04-15 06:38:23,Misinformation,Social Media Post,Anonymous Social Media Account,Government Agency,Public Confusion,False,0.91,,,,,
HZ_00037,3747158b-3a1c-4b40-a708-2bd9e8f3fdbe,Victoria,Barwon South West,Geelong,bushfire,7.7,severe,medium,2024-09-23T00:00:00+00:00,48,39.2,0.2,5.0,17,137,13.58,28144,cyber,cyber_network_threat_dataset,HAZ-BUS-SEV-0048,2026-04-15 18:17:23,Phishing,SMS,Government Relief Agency,Healthcare Organisation,Malware Download,True,0.83,,,,,
HZ_00097,4dcea585-6417-40bd-b476-84a3ce719566,Victoria,Melbourne Metro,Melbourne,flood,5.0,moderate,medium,2024-04-21T00:00:00+00:00,72,19.4,82.8,74.5,22,74,198.38,36675,cyber,cyber_network_threat_dataset,HAZ-FLO-MOD-0049,2026-04-12 15:29:23,Phishing,Fake Website,Emergency Services,Healthcare Organisation,Financial Loss,True,0.78,,,,,
HZ_00102,01d70b5c-5ea2-412c-9b62-b71d0a9c6d26,South Australia,Adelaide Metro,Adelaide,bushfire,9.5,extreme,high,2024-05-04T00:00:00+00:00,12,50.0,1.9,19.8,16,74,144.09,29164,cyber,cyber_network_threat_dataset,HAZ-BUS-EXT-0050,2026-04-12 06:31:23,Ransomware,Credential Theft,,Relief Organisation,System Encryption,False,0.84,,,,,
HZ_00219,4fd0f8af-1f6d-4b12-871f-d4bcea991fb3,Victoria,Barwon South West,Geelong,earthquake,5.3,moderate,medium,2024-05-05T00:00:00+00:00,72,26.3,24.6,,16,43,31.55,17249,cyber,cyber_network_threat_dataset,HAZ-EAR-MOD-0051,2026-04-12 03:02:23,DDoS,Botnet Traffic,,Government Agency,Delayed Response,False,0.94,,,,,
HZ_00233,31da2a0e-ea46-4a36-a4b6-521a4b34cc91,Northern Territory,Top End,Darwin,heatwave,9.4,extreme,high,2025-02-04T00:00:00+00:00,6,48.8,0.0,5.5,20,103,330.74,71439,cyber,cyber_network_threat_dataset,HAZ-HEA-EXT-0052,2026-04-16 12:07:23,Phishing,Fake Website,Emergency Services,Healthcare Organisation,Financial Loss,False,0.74,,,,,
HZ_00160,01efe420-65c4-459c-aa03-a9028e158cf7,Victoria,Melbourne Metro,Melbourne,cyclone,5.5,moderate,medium,2025-05-26T00:00:00+00:00,12,29.6,187.7,84.7,12,95,153.97,30616,cyber,cyber_network_threat_dataset,HAZ-CYC-MOD-0053,2026-04-11 01:23:23,DDoS,Botnet Traffic,,Emergency Services,Service Unavailable,False,0.79,,,,,
HZ_00021,1e1fd1b0-b486-4495-b61b-673eb45ee350,Queensland,Gold Coast Region,Surfers Paradise,flood,6.2,severe,medium,2024-09-09T00:00:00+00:00,12,15.4,67.5,98.9,26,67,153.06,5637,cyber,cyber_network_threat_dataset,HAZ-FLO-SEV-0054,2026-04-15 07:29:23,Emergency Alert Compromise,Stolen Credentials,Emergency Alert System,Critical Infrastructure,False Warning Sent,True,0.87,,,,,
HZ_00288,7f3732e3-d9b5-49b6-ac11-a9d1314594a3,New South Wales,Hunter Region,Newcastle,heatwave,8.9,extreme,high,2024-11-26T00:00:00+00:00,12,48.3,0.0,15.4,39,91,17.3,33258,cyber,cyber_network_threat_dataset,HAZ-HEA-EXT-0055,2026-04-15 18:57:23,Emergency Alert Compromise,System Exploit,Official Warning Service,Relief Organisation,False Warning Sent,True,0.8,,,,,
HZ_00039,0ba04093-e213-455c-920a-332f8c42ae43,Tasmania,Southern Region,Hobart,bushfire,6.6,severe,medium,2024-12-08T00:00:00+00:00,72,49.6,1.4,7.2,8,103,58.53,57838,cyber,cyber_network_threat_dataset,HAZ-BUS-SEV-0056,2026-04-11 13:23:23,Data Breach,Unsecured API,,Emergency Services,Personal Data Leak,True,0.83,,,,,
HZ_00195,33fc1507-1320-45d1-b865-e566d6d1840e,Northern Territory,Top End,Darwin,cyclone,4.8,moderate,low,2025-11-22T00:00:00+00:00,72,28.6,260.7,80.1,16,35,168.03,22004,cyber,cyber_network_threat_dataset,HAZ-CYC-MOD-0057,2026-04-12 02:14:23,Ransomware,Credential Theft,,Citizens,Data Exposure,True,0.92,,,,,
HZ_00045,032f7c61-28ef-41a8-8a84-47de7c2a4d5f,Victoria,Melbourne Metro,Melbourne,storm,8.0,severe,high,2025-12-21T00:00:00+00:00,72,11.4,14.7,74.9,38,79,387.46,67573,cyber,cyber_network_threat_dataset,HAZ-STO-SEV-0058,2026-04-12 01:48:23,Fraud,Social Media,Relief Support Officer,Government Agency,Fake Payment,True,0.77,,,,,
HZ_00251,b108999a-400c-4449-bf54-fe92466cdf92,Queensland,South East QLD,Brisbane,cyclone,4.0,moderate,low,2024-05-13T00:00:00+00:00,12,29.1,241.2,95.5,16,29,113.19,3439,cyber,cyber_network_threat_dataset,HAZ-CYC-MOD-0059,2026-04-14 18:51:23,Fraud,Phone Call,Relief Support Officer,Government Agency,False Claim Submission,False,0.97,,,,,
HZ_00419,5127ee71-70ef-46af-beaf-9bea7c6bb9c7,Tasmania,Southern Region,Hobart,earthquake,4.7,moderate,low,2025-09-07T00:00:00+00:00,48,18.1,33.9,75.9,5,72,131.34,11653,cyber,cyber_network_threat_dataset,HAZ-EAR-MOD-0060,2026-04-12 20:22:23,Emergency Alert Compromise,System Exploit,Emergency Alert System,Government Agency,False Warning Sent,False,0.8,,,,,
HZ_00005,e84a6ab8-626e-47d7-907d-8abaa17c2cf0,Victoria,Melbourne Metro,Melbourne,flood,8.6,extreme,high,2024-06-08T00:00:00+00:00,24,23.0,160.6,89.8,1,60,279.3,74930,cyber,cyber_network_threat_dataset,HAZ-FLO-EXT-0061,2026-04-14 23:05:23,Ransomware,Malicious Attachment,,Relief Organisation,System Encryption,True,0.89,,,,,
HZ_00049,e9ed7968-e93b-49a4-91ee-d7ce42aac2d7,South Australia,Adelaide Metro,Adelaide,storm,7.8,severe,medium,2024-04-21T00:00:00+00:00,6,12.5,37.8,61.6,3,155,21.92,51130,cyber,cyber_network_threat_dataset,HAZ-STO-SEV-0062,2026-04-13 11:50:23,Misinformation,Social Media Post,Fake Government Account,Critical Infrastructure,False Evacuation,False,0.93,,,,,
HZ_00060,3d71f31a-bde5-4ec3-b09a-f294f9061914,Western Australia,Perth Metro,Perth,storm,5.1,moderate,medium,2025-06-26T00:00:00+00:00,6,11.0,49.5,52.0,11,42,82.43,12302,cyber,cyber_network_threat_dataset,HAZ-STO-MOD-0063,2026-04-13 09:09:23,Phishing,Fake Website,Government Relief Agency,Emergency Services,Credential Theft,False,0.72,,,,,
HZ_00061,4ef2c5eb-a35a-4fe1-a116-ca67215c1164,Victoria,Melbourne Metro,Melbourne,bushfire,6.9,severe,medium,2024-02-19T00:00:00+00:00,72,45.3,1.5,5.0,15,63,229.48,48023,cyber,cyber_network_threat_dataset,HAZ-BUS-SEV-0064,2026-04-12 10:55:23,Phishing,Fake Website,Emergency Services,Emergency Services,Credential Theft,True,0.77,,,,,
HZ_00280,5e8fc8c1-5c39-458b-91d2-1fb4e8de985a,Northern Territory,Top End,Darwin,cyclone,5.7,moderate,medium,2025-03-11T00:00:00+00:00,12,25.1,217.4,88.2,10,47,218.5,44411,cyber,cyber_network_threat_dataset,HAZ-CYC-MOD-0065,2026-04-16 17:40:23,Emergency Alert Compromise,Stolen Credentials,Official Warning Service,Critical Infrastructure,False Warning Sent,True,0.77,,,,,
HZ_00306,944a2ce7-1003-4b1b-9f50-91f12b7ab5b3,New South Wales,Hunter Region,Newcastle,heatwave,8.6,extreme,high,2025-10-07T00:00:00+00:00,12,55.8,0.0,17.6,5,130,32.18,32058,cyber,cyber_network_threat_dataset,HAZ-HEA-EXT-0066,2026-04-14 08:11:23,Fraud,Phone Call,Fake Charity,Citizens,False Claim Submission,True,0.71,,,,,
HZ_00023,234683d1-3e0a-4490-9199-d6a6b482c061,Tasmania,Southern Region,Hobart,flood,6.3,severe,medium,2024-11-16T00:00:00+00:00,6,19.3,127.3,70.1,18,121,278.09,5629,cyber,cyber_network_threat_dataset,HAZ-FLO-SEV-0067,2026-04-16 08:35:23,Phishing,Email,Charity Organisation,Citizens,Credential Theft,False,0.77,,,,,
HZ_00063,ce16f76e-ae0e-436e-8c9d-795ed3b8047b,Queensland,South East QLD,Brisbane,bushfire,8.4,severe,high,2024-10-09T00:00:00+00:00,48,47.7,1.3,,22,45,126.15,77824,cyber,cyber_network_threat_dataset,HAZ-BUS-SEV-0068,2026-04-13 03:01:23,API Abuse,Scripted Requests,,Citizens,Record Manipulation,False,0.76,,,,,
HZ_00098,7fb168b1-5da2-4b39-a150-4b9929eae6a6,New South Wales,Hunter Region,Newcastle,flood,4.6,moderate,low,2025-08-19T00:00:00+00:00,72,24.7,59.3,83.6,19,88,153.68,14139,cyber,cyber_network_threat_dataset,HAZ-FLO-MOD-0069,2026-04-15 05:38:23,Misinformation,Deepfake Video,Anonymous Social Media Account,Government Agency,Public Confusion,False,0.79,,,,,
HZ_00296,605295bd-595c-48ed-bc3e-0f50f2ba7f4d,South Australia,Adelaide Metro,Adelaide,cyclone,9.6,extreme,high,2024-03-11T00:00:00+00:00,72,28.5,258.9,95.0,44,183,360.6,48420,cyber,cyber_network_threat_dataset,HAZ-CYC-EXT-0070,2026-04-10 02:39:23,Ransomware,Malicious Attachment,,Emergency Services,Data Exposure,False,0.83,,,,,
HZ_00310,0fa87bea-3d4c-4492-82aa-ce1a88e1867c,Queensland,South East QLD,Brisbane,heatwave,9.2,extreme,high,2025-10-02T00:00:00+00:00,24,45.4,0.0,21.4,41,137,364.32,76543,cyber,cyber_network_threat_dataset,HAZ-HEA-EXT-0071,2026-04-13 10:30:23,Data Breach,Stolen Credentials,,Relief Organisation,Personal Data Leak,False,0.98,,,,,
HZ_00547,73b5dd42-eccf-41f6-8544-a8219bbf601b,Queensland,South East QLD,Brisbane,earthquake,5.7,moderate,medium,2024-11-18T00:00:00+00:00,24,14.0,11.8,47.9,6,108,85.13,19481,cyber,cyber_network_threat_dataset,HAZ-EAR-MOD-0072,2026-04-12 19:30:23,Ransomware,Credential Theft,,Emergency Services,Service Disruption,False,0.74,,,,,
HZ_00412,6ff6b4a6-4299-4607-8980-a59380263e94,Northern Territory,Top End,Darwin,cyclone,9.6,extreme,high,2025-10-12T00:00:00+00:00,24,25.8,326.2,98.9,18,168,351.08,4933,cyber,cyber_network_threat_dataset,HAZ-CYC-EXT-0073,2026-04-15 13:53:23,Data Breach,Stolen Credentials,,Healthcare Organisation,Personal Data Leak,True,0.8,,,,,
HZ_00064,3ecbe4bb-1e87-485e-bacf-facd12ecfc63,Queensland,South East QLD,Brisbane,storm,7.2,severe,medium,2024-12-23T00:00:00+00:00,72,11.3,28.5,52.7,30,121,102.19,41583,cyber,cyber_network_threat_dataset,HAZ-STO-SEV-0074,2026-04-13 13:07:23,Misinformation,Social Media Post,Unofficial News Page,Emergency Services,Trust Erosion,False,0.71,,,,,
HZ_00152,03114dbd-842e-4a17-878d-0c016bcac168,South Australia,Adelaide Metro,Adelaide,earthquake,8.7,extreme,high,2025-03-13T00:00:00+00:00,12,20.2,18.4,48.6,35,90,133.62,13182,cyber,cyber_network_threat_dataset,HAZ-EAR-EXT-0075,2026-04-13 09:21:23,Ransomware,Credential Theft,,Government Agency,Service Disruption,True,0.9,,,,,
HZ_00036,f11932d2-480e-4121-a2ef-6b8a05583600,Victoria,Melbourne Metro,Melbourne,storm,9.9,extreme,high,2025-02-22T00:00:00+00:00,12,21.6,18.5,70.7,15,162,319.85,56534,cyber,cyber_network_threat_dataset,HAZ-STO-EXT-0076,2026-04-13 07:20:23,Emergency Alert Compromise,System Exploit,Emergency Alert System,Healthcare Organisation,Mass Panic Triggered,False,0.89,,,,,
HZ_00086,01ecaeb0-f8d3-4793-9e68-2f8c5e815c7d,Tasmania,Southern Region,Hobart,earthquake,6.7,severe,medium,2025-03-22T00:00:00+00:00,48,17.3,40.5,58.9,1,55,57.28,46642,cyber,cyber_network_threat_dataset,HAZ-EAR-SEV-0077,2026-04-11 18:27:23,Misinformation,Social Media Post,Anonymous Social Media Account,Government Agency,Trust Erosion,False,0.75,,,,,
HZ_00062,9a26fd8a-cb68-4d31-b8ff-a5af4f660fd5,Tasmania,Southern Region,Hobart,storm,4.7,moderate,low,2025-11-26T00:00:00+00:00,12,28.7,26.1,76.0,7,26,102.6,25697,cyber,cyber_network_threat_dataset,HAZ-STO-MOD-0078,2026-04-15 09:29:23,Fraud,Fake Portal,Fake Charity,Healthcare Organisation,Identity Theft,False,0.91,,,,,
HZ_00174,93b4785b-df53-4468-89da-e36a091575c5,Victoria,Barwon South West,Geelong,cyclone,7.5,severe,medium,2025-11-15T00:00:00+00:00,12,26.0,179.3,94.2,19,141,271.26,27712,cyber,cyber_network_threat_dataset,HAZ-CYC-SEV-0079,2026-04-16 07:16:23,Fraud,Social Media,Fake Charity,Emergency Services,Identity Theft,False,0.7,,,,,
HZ_00052,c81c5837-b661-4b1c-8020-3c233ab3072f,Queensland,Gold Coast Region,Surfers Paradise,heatwave,6.7,severe,medium,2025-04-20T00:00:00+00:00,72,50.1,0.0,11.8,10,114,269.87,65819,cyber,cyber_network_threat_dataset,HAZ-HEA-SEV-0080,2026-04-16 16:59:23,Phishing,Email,Government Relief Agency,Government Agency,Malware Download,False,0.86,,,,,
HZ_00281,4cd5330d-81c9-40bd-af4b-97b2eddb0e99,Western Australia,Perth Metro,Perth,earthquake,6.4,severe,medium,2025-03-02T00:00:00+00:00,12,19.9,38.2,44.0,21,82,298.02,45121,cyber,cyber_network_threat_dataset,HAZ-EAR-SEV-0081,2026-04-12 00:26:23,Data Breach,Unsecured API,,Healthcare Organisation,Personal Data Leak,True,0.98,,,,,
HZ_00520,0777174b-9b27-47a0-9443-836fdce8ef21,New South Wales,Hunter Region,Newcastle,cyclone,9.0,extreme,high,2025-03-19T00:00:00+00:00,72,29.3,336.5,82.5,38,50,32.85,60618,cyber,cyber_network_threat_dataset,HAZ-CYC-EXT-0082,2026-04-10 20:14:23,Data Breach,Unsecured API,,Healthcare Organisation,Sensitive Record Exposure,True,0.89,,,,,
HZ_00163,0e6e2f71-acb4-4b10-b82c-1f732d16226a,New South Wales,Greater Sydney,Parramatta,earthquake,9.1,extreme,high,2025-05-03T00:00:00+00:00,24,22.1,19.5,30.9,30,101,127.35,15084,cyber,cyber_network_threat_dataset,HAZ-EAR-EXT-0083,2026-04-14 14:03:23,Data Breach,Unsecured API,,Citizens,Sensitive Record Exposure,True,0.82,,,,,
HZ_00333,74e42c32-2e2f-4aa3-a058-1429e347b88b,Queensland,South East QLD,Brisbane,cyclone,7.9,severe,medium,2024-10-14T00:00:00+00:00,72,27.0,315.0,86.8,3,120,214.4,1395,cyber,cyber_network_threat_dataset,HAZ-CYC-SEV-0084,2026-04-12 19:42:23,Misinformation,Deepfake Video,Anonymous Social Media Account,Emergency Services,Public Confusion,True,0.7,,,,,
HZ_00053,7270f9b8-3c81-4194-a639-288657cb0f60,Victoria,Barwon South West,Geelong,bushfire,5.5,moderate,medium,2025-01-21T00:00:00+00:00,72,44.9,1.0,5.0,16,48,211.27,18945,cyber,cyber_network_threat_dataset,HAZ-BUS-MOD-0085,2026-04-14 06:11:23,Misinformation,Social Media Post,Anonymous Social Media Account,Emergency Services,False Evacuation,False,0.96,,,,,
HZ_00047,ade7a517-3e9d-41f7-9a04-2bc5e977a968,New South Wales,Greater Sydney,Parramatta,heatwave,5.4,moderate,medium,2024-05-05T00:00:00+00:00,48,41.5,0.0,9.9,22,50,54.49,36437,cyber,cyber_network_threat_dataset,HAZ-HEA-MOD-0086,2026-04-13 03:12:23,Misinformation,Deepfake Video,Unofficial News Page,Government Agency,Public Confusion,True,0.81,,,,,
HZ_00085,f04d9cc4-cbd5-4cae-a5ab-b851a9b8b36c,Northern Territory,Top End,Darwin,heatwave,7.8,severe,medium,2024-04-04T00:00:00+00:00,24,43.4,0.0,22.2,17,154,368.33,15407,cyber,cyber_network_threat_dataset,HAZ-HEA-SEV-0087,2026-04-11 20:08:23,Fraud,Social Media,Repair Contractor,Government Agency,False Claim Submission,True,0.96,,,,,
HZ_00530,ebc38bbf-a785-4823-aef9-6b18cbd7d4a8,Western Australia,Perth Metro,Perth,cyclone,8.1,severe,high,2024-11-21T00:00:00+00:00,24,29.8,250.2,95.3,26,152,275.85,1842,cyber,cyber_network_threat_dataset,HAZ-CYC-SEV-0088,2026-04-15 08:13:23,Data Breach,Unsecured API,,Citizens,Sensitive Record Exposure,True,0.81,,,,,
HZ_00312,896e15e8-bd6f-45ba-a616-c2612cc6a223,Northern Territory,Top End,Darwin,earthquake,7.9,severe,medium,2025-04-23T00:00:00+00:00,48,28.9,34.0,70.4,6,151,31.26,61988,cyber,cyber_network_threat_dataset,HAZ-EAR-SEV-0089,2026-04-14 06:14:23,Emergency Alert Compromise,Stolen Credentials,Official Warning Service,Citizens,False Warning Sent,False,0.82,,,,,
HZ_00104,2cf3e444-4cab-4bc0-8dbf-fd6652b82e69,Tasmania,Southern Region,Hobart,flood,5.7,moderate,medium,2025-06-15T00:00:00+00:00,6,18.8,61.9,88.7,14,49,24.93,29313,cyber,cyber_network_threat_dataset,HAZ-FLO-MOD-0090,2026-04-15 08:02:23,Misinformation,Social Media Post,Anonymous Social Media Account,Government Agency,Public Confusion,False,0.7,,,,,
HZ_00029,a002413e-67d7-4089-ad4a-7c5f38840d0d,Western Australia,Perth Metro,Perth,flood,6.6,severe,medium,2024-05-18T00:00:00+00:00,6,18.8,201.9,87.6,0,54,142.25,15990,cyber,cyber_network_threat_dataset,HAZ-FLO-SEV-0091,2026-04-14 06:39:23,Data Breach,Stolen Credentials,,Citizens,Personal Data Leak,False,0.8,,,,,
HZ_00077,7132d161-1d03-40f0-8682-7d65bd06aafb,Queensland,Gold Coast Region,Surfers Paradise,bushfire,6.7,severe,medium,2025-12-15T00:00:00+00:00,6,38.5,1.1,11.5,1,61,307.19,52407,cyber,cyber_network_threat_dataset,HAZ-BUS-SEV-0092,2026-04-10 11:35:23,DDoS,Botnet Traffic,,Relief Organisation,Delayed Response,True,0.8,,,,,
HZ_00066,0f516fc2-2d0f-411a-b171-540a969a8fb5,Queensland,South East QLD,Brisbane,storm,5.7,moderate,medium,2024-12-20T00:00:00+00:00,12,13.5,8.8,68.8,8,53,101.87,33898,cyber,cyber_network_threat_dataset,HAZ-STO-MOD-0093,2026-04-13 13:21:23,Phishing,Email,Insurance Provider,Citizens,Malware Download,True,0.76,,,,,
HZ_00055,feba6c1c-1b2a-4945-b768-b5d6486eed7f,New South Wales,Greater Sydney,Parramatta,bushfire,3.6,moderate,low,2025-02-20T00:00:00+00:00,6,37.5,2.0,23.6,1,33,48.09,8071,cyber,cyber_network_threat_dataset,HAZ-BUS-MOD-0094,2026-04-14 23:08:23,Phishing,Fake Website,Emergency Services,Healthcare Organisation,Malware Download,True,0.93,,,,,
HZ_00078,69d41791-5e14-44eb-befb-b98e308f93fd,Northern Territory,Top End,Darwin,bushfire,8.0,severe,high,2025-10-04T00:00:00+00:00,72,45.0,0.7,11.3,1,135,101.0,71733,cyber,cyber_network_threat_dataset,HAZ-BUS-SEV-0095,2026-04-11 05:20:23,Ransomware,Credential Theft,,Citizens,System Encryption,True,0.7,,,,,
HZ_00080,0841ac57-0b8c-40d0-9124-ab9739537855,Tasmania,Southern Region,Hobart,bushfire,7.8,severe,medium,2024-01-13T00:00:00+00:00,6,39.1,0.8,5.0,12,139,96.27,70151,cyber,cyber_network_threat_dataset,HAZ-BUS-SEV-0096,2026-04-15 02:56:23,Fraud,Phone Call,Fake Charity,Government Agency,False Claim Submission,True,0.88,,,,,
HZ_00184,3a4daf62-b070-4875-b05d-54384d86d520,Victoria,Melbourne Metro,Melbourne,earthquake,8.8,extreme,high,2025-10-19T00:00:00+00:00,24,13.2,23.1,68.1,22,90,213.88,81621,cyber,cyber_network_threat_dataset,HAZ-EAR-EXT-0097,2026-04-11 18:48:23,Phishing,Email,Charity Organisation,Government Agency,Malware Download,True,0.96,,,,,
HZ_00136,c410813f-d247-4739-96a2-ea66d4cffd26,Queensland,Gold Coast Region,Surfers Paradise,flood,5.0,moderate,medium,2024-07-24T00:00:00+00:00,12,24.9,135.1,85.6,14,29,82.59,9584,cyber,cyber_network_threat_dataset,HAZ-FLO-MOD-0098,2026-04-11 09:55:23,Fraud,Fake Portal,Fake Charity,Healthcare Organisation,Fake Payment,True,0.9,,,,,
HZ_00091,aee1be83-b946-4476-8251-6ed2af5882b6,New South Wales,Greater Sydney,Parramatta,heatwave,6.5,severe,medium,2025-02-13T00:00:00+00:00,48,50.6,0.0,20.1,16,127,28.33,54769,cyber,cyber_network_threat_dataset,HAZ-HEA-SEV-0099,2026-04-13 17:08:23,Misinformation,Social Media Post,Fake Government Account,Critical Infrastructure,False Evacuation,False,0.9,,,,,
HZ_00015,4d1cb8e5-028e-4d2a-b87f-05dd5e45b704,Victoria,Melbourne Metro,Melbourne,flood,9.9,extreme,high,2025-07-15T00:00:00+00:00,48,23.5,132.9,75.5,16,104,296.53,66159,cyber,cyber_network_threat_dataset,HAZ-FLO-EXT-0100,2026-04-12 08:11:23,Phishing,SMS,Emergency Services,Relief Organisation,Credential Theft,False,0.84,,,,,
HZ_00084,95337cd5-3371-48a7-bf3b-78cf6c6afba2,Western Australia,Perth Metro,Perth,storm,6.1,severe,medium,2025-08-26T00:00:00+00:00,24,22.5,15.1,38.9,16,111,259.57,17612,cyber,cyber_network_threat_dataset,HAZ-STO-SEV-0101,2026-04-13 06:44:23,Phishing,Email,Emergency Services,Critical Infrastructure,Financial Loss,False,0.75,,,,,
HZ_00072,9ddf70b6-dc7e-4c76-8970-0804c09fcdb5,Victoria,Melbourne Metro,Melbourne,flood,8.5,extreme,high,2025-11-01T00:00:00+00:00,24,17.8,108.3,78.2,3,134,25.18,64651,cyber,cyber_network_threat_dataset,HAZ-FLO-EXT-0102,2026-04-10 23:01:23,Ransomware,Credential Theft,,Healthcare Organisation,Data Exposure,True,0.86,,,,,
HZ_00057,ed9ff578-c941-4d6c-9aca-37b3f72c9f7e,Northern Territory,Top End,Darwin,bushfire,4.6,moderate,low,2024-12-18T00:00:00+00:00,6,46.6,0.6,18.1,18,41,94.71,28494,cyber,cyber_network_threat_dataset,HAZ-BUS-MOD-0103,2026-04-13 13:24:23,Fraud,Phone Call,Relief Support Officer,Emergency Services,Fake Payment,True,0.98,,,,,
HZ_00326,65300c1e-5465-4e34-a2ed-8fcbf311a050,Victoria,Barwon South West,Geelong,heatwave,8.9,extreme,high,2025-11-30T00:00:00+00:00,24,45.1,0.0,7.9,43,131,341.94,7725,cyber,cyber_network_threat_dataset,HAZ-HEA-EXT-0104,2026-04-16 02:53:23,Emergency Alert Compromise,Stolen Credentials,Official Warning Service,Critical Infrastructure,Mass Panic Triggered,False,0.94,,,,,
HZ_00598,10d6606d-efc4-4cc7-9074-7abaa592d2f9,Tasmania,Southern Region,Hobart,cyclone,9.3,extreme,high,2024-10-26T00:00:00+00:00,6,25.1,155.0,97.2,22,173,331.85,24183,cyber,cyber_network_threat_dataset,HAZ-CYC-EXT-0105,2026-04-12 22:49:23,DDoS,Botnet Traffic,,Relief Organisation,Service Unavailable,False,0.95,,,,,
HZ_00092,e8b411d9-2853-4cd4-8f58-1fd781bc7891,New South Wales,Hunter Region,Newcastle,flood,8.7,extreme,high,2024-06-17T00:00:00+00:00,6,16.2,129.0,,11,111,108.4,10673,cyber,cyber_network_threat_dataset,HAZ-FLO-EXT-0106,2026-04-10 10:07:23,Emergency Alert Compromise,Stolen Credentials,Official Warning Service,Relief Organisation,False Warning Sent,True,0.92,,,,,
HZ_00291,23d1b23c-7c1a-4e8a-b69f-df6ed18e3ec1,Queensland,South East QLD,Brisbane,cyclone,3.7,moderate,low,2025-04-03T00:00:00+00:00,48,29.1,151.2,95.2,14,32,92.05,13287,cyber,cyber_network_threat_dataset,HAZ-CYC-MOD-0107,2026-04-12 15:11:23,Phishing,Fake Website,Government Relief Agency,Government Agency,Credential Theft,False,0.86,,,,,
HZ_00093,c2e5dbfa-beb0-4983-838e-54824f948066,Queensland,South East QLD,Brisbane,heatwave,7.3,severe,medium,2024-10-04T00:00:00+00:00,24,47.5,0.0,24.6,30,40,114.43,54653,cyber,cyber_network_threat_dataset,HAZ-HEA-SEV-0108,2026-04-11 04:25:23,Phishing,Fake Website,Insurance Provider,Relief Organisation,Credential Theft,True,0.72,,,,,
HZ_00145,9c157a5a-92ce-4d79-bc2c-3a1b82d659ad,New South Wales,Greater Sydney,Parramatta,flood,4.6,moderate,low,2025-09-19T00:00:00+00:00,72,22.8,185.3,75.3,3,91,202.98,13615,cyber,cyber_network_threat_dataset,HAZ-FLO-MOD-0109,2026-04-15 14:29:23,Phishing,Email,Insurance Provider,Relief Organisation,Malware Download,False,0.98,,,,,
HZ_00075,553aeeec-c390-49ad-85e1-fb17003800fe,Northern Territory,Top End,Darwin,heatwave,5.4,moderate,medium,2024-04-09T00:00:00+00:00,24,53.1,0.0,14.1,23,30,264.62,45835,cyber,cyber_network_threat_dataset,HAZ-HEA-MOD-0110,2026-04-14 17:52:23,Phishing,Fake Website,Emergency Services,Relief Organisation,Credential Theft,False,0.85,,,,,
HZ_00099,0d84b165-975d-45a8-9e04-ce2f63497f7c,Northern Territory,Top End,Darwin,storm,7.8,severe,medium,2025-10-13T00:00:00+00:00,24,15.4,3.7,46.2,10,89,26.94,24250,cyber,cyber_network_threat_dataset,HAZ-STO-SEV-0111,2026-04-13 19:59:23,API Abuse,Token Misuse,,Relief Organisation,Record Manipulation,False,0.89,,,,,
HZ_00109,8a7e8650-cd26-4651-b3ef-cb07b01b4667,Northern Territory,Top End,Darwin,bushfire,9.4,extreme,high,2024-11-20T00:00:00+00:00,6,51.2,1.4,8.9,28,47,69.19,52209,cyber,cyber_network_threat_dataset,HAZ-BUS-EXT-0112,2026-04-12 00:59:23,Misinformation,Deepfake Video,Fake Government Account,Relief Organisation,Trust Erosion,True,0.72,,,,,
HZ_00149,0c84216f-23d7-489d-a00a-bad2f89a1f58,Northern Territory,Top End,Darwin,heatwave,6.9,severe,medium,2025-03-11T00:00:00+00:00,12,46.9,0.0,16.0,14,82,196.4,56307,cyber,cyber_network_threat_dataset,HAZ-HEA-SEV-0113,2026-04-15 15:51:23,Fraud,Phone Call,Relief Support Officer,Relief Organisation,Identity Theft,False,0.87,,,,,
HZ_00111,f1046956-69b6-487e-8423-dc7a58e7d5d1,Queensland,Gold Coast Region,Surfers Paradise,bushfire,9.9,extreme,high,2024-04-19T00:00:00+00:00,6,48.8,1.0,18.3,33,122,450.67,13244,cyber,cyber_network_threat_dataset,HAZ-BUS-EXT-0114,2026-04-10 09:44:23,Ransomware,Malicious Attachment,,Citizens,System Encryption,True,0.93,,,,,
HZ_00398,4a43ce5d-0411-4bd8-8dcc-8d798fcf7c64,South Australia,Adelaide Metro,Adelaide,cyclone,4.4,moderate,low,2025-05-10T00:00:00+00:00,6,28.7,162.2,98.6,16,36,165.3,23693,cyber,cyber_network_threat_dataset,HAZ-CYC-MOD-0115,2026-04-10 12:07:23,API Abuse,Scripted Requests,,Critical Infrastructure,Unauthorised Data Access,False,0.88,,,,,
HZ_00034,d73ca1aa-a5bd-42fc-9266-8f4c5cdd4dc1,South Australia,Adelaide Metro,Adelaide,flood,6.4,severe,medium,2025-06-17T00:00:00+00:00,6,17.5,73.3,83.1,4,103,45.36,38871,cyber,cyber_network_threat_dataset,HAZ-FLO-SEV-0116,2026-04-12 16:30:23,DDoS,Botnet Traffic,,Government Agency,Service Unavailable,False,0.86,,,,,
HZ_00089,ccf15065-ddec-4724-9275-9c5e06c596a4,New South Wales,Greater Sydney,Parramatta,heatwave,4.2,moderate,low,2025-02-09T00:00:00+00:00,12,49.8,0.0,9.1,3,25,19.5,11439,cyber,cyber_network_threat_dataset,HAZ-HEA-MOD-0117,2026-04-12 11:22:23,DDoS,Botnet Traffic,,Critical Infrastructure,Service Unavailable,False,0.92,,,,,
HZ_00046,69cd6411-c465-4b4f-8e08-4f595fad7856,New South Wales,Greater Sydney,Parramatta,storm,9.9,extreme,high,2024-07-07T00:00:00+00:00,6,15.7,9.7,75.9,5,63,46.4,51153,cyber,cyber_network_threat_dataset,HAZ-STO-EXT-0118,2026-04-13 00:04:23,Misinformation,Deepfake Video,Anonymous Social Media Account,Government Agency,Public Confusion,False,0.83,,,,,
HZ_00739,0f7079aa-d306-4d03-b3ec-491ade375eeb,New South Wales,Greater Sydney,Parramatta,cyclone,9.5,extreme,high,2025-10-13T00:00:00+00:00,6,30.9,184.4,91.5,5,78,410.87,53889,cyber,cyber_network_threat_dataset,HAZ-CYC-EXT-0119,2026-04-13 17:12:23,Emergency Alert Compromise,Stolen Credentials,Emergency Alert System,Emergency Services,Mass Panic Triggered,False,0.81,,,,,
HZ_00465,6456c0dd-59d9-4f74-9717-1d8f50169447,New South Wales,Greater Sydney,Parramatta,heatwave,9.7,extreme,high,2024-03-14T00:00:00+00:00,24,48.5,0.0,23.4,43,114,326.91,31050,cyber,cyber_network_threat_dataset,HAZ-HEA-EXT-0120,2026-04-10 19:32:23,Emergency Alert Compromise,System Exploit,Emergency Alert System,Citizens,Mass Panic Triggered,False,0.71,,,,,
HZ_00557,b971f62e-a016-454a-8fa7-0dcb11b74621,Queensland,South East QLD,Brisbane,earthquake,4.8,moderate,low,2025-10-17T00:00:00+00:00,24,27.9,41.7,65.3,21,46,6.35,34717,cyber,cyber_network_threat_dataset,HAZ-EAR-MOD-0121,2026-04-12 20:50:23,Fraud,Fake Portal,Fake Charity,Government Agency,Identity Theft,False,0.78,,,,,
HZ_00117,de6290ab-7d43-4394-ba71-ddfedb2ba038,Queensland,Gold Coast Region,Surfers Paradise,storm,7.5,severe,medium,2024-05-15T00:00:00+00:00,72,18.0,4.9,30.8,15,70,325.91,28095,cyber,cyber_network_threat_dataset,HAZ-STO-SEV-0122,2026-04-15 00:50:23,Phishing,Fake Website,Charity Organisation,Critical Infrastructure,Credential Theft,False,0.93,,,,,
HZ_00114,97ae6938-049f-47b5-baa0-6e25eac55851,Queensland,Gold Coast Region,Surfers Paradise,bushfire,10.0,extreme,high,2024-10-10T00:00:00+00:00,72,45.8,1.4,12.2,46,73,241.94,82144,cyber,cyber_network_threat_dataset,HAZ-BUS-EXT-0123,2026-04-12 04:46:23,API Abuse,Scripted Requests,,Critical Infrastructure,Unauthorised Data Access,False,0.92,,,,,
HZ_00151,93b37e09-98ae-4fd6-8d99-d8e24a84a9a9,Northern Territory,Top End,Darwin,heatwave,6.9,severe,medium,2025-04-21T00:00:00+00:00,24,49.3,0.0,15.5,13,36,280.57,34813,cyber,cyber_network_threat_dataset,HAZ-HEA-SEV-0124,2026-04-15 12:52:23,Data Breach,Unsecured API,,Critical Infrastructure,Sensitive Record Exposure,False,0.9,,,,,
HZ_00069,99e7f422-7805-4655-bff4-669a4e1eed3b,Tasmania,Southern Region,Hobart,storm,9.2,extreme,high,2025-11-24T00:00:00+00:00,12,12.4,4.3,41.2,17,139,458.85,44454,cyber,cyber_network_threat_dataset,HAZ-STO-EXT-0125,2026-04-15 02:58:23,Fraud,Social Media,Relief Support Officer,Government Agency,Identity Theft,False,0.72,,,,,
HZ_00071,6b686d40-112a-4070-862d-1a19255fb975,Western Australia,Perth Metro,Perth,storm,10.0,extreme,high,2025-08-12T00:00:00+00:00,6,27.6,21.1,77.5,42,195,358.4,47604,cyber,cyber_network_threat_dataset,HAZ-STO-EXT-0126,2026-04-13 10:37:23,Phishing,Email,Emergency Services,Government Agency,Financial Loss,True,0.96,,,,,
HZ_00329,7a76756a-031e-4187-bf72-af2659202df5,Northern Territory,Top End,Darwin,earthquake,7.3,severe,medium,2025-03-31T00:00:00+00:00,12,26.4,8.8,37.9,23,71,360.64,63044,cyber,cyber_network_threat_dataset,HAZ-EAR-SEV-0127,2026-04-10 10:47:23,Fraud,Social Media,Repair Contractor,Citizens,Fake Payment,False,0.9,,,,,
HZ_00657,d6c69191-a934-4e52-a6e0-9de3906cd58a,Victoria,Melbourne Metro,Melbourne,cyclone,6.4,severe,medium,2024-09-09T00:00:00+00:00,48,25.9,303.6,83.5,1,72,256.03,62953,cyber,cyber_network_threat_dataset,HAZ-CYC-SEV-0128,2026-04-14 00:14:23,Data Breach,Stolen Credentials,,Critical Infrastructure,Sensitive Record Exposure,False,0.94,,,,,
HZ_00580,bbc0ac79-2217-4517-bcf7-4a2a0d811b75,Tasmania,Southern Region,Hobart,earthquake,5.7,moderate,medium,2025-04-13T00:00:00+00:00,24,10.9,12.2,,19,79,211.99,52317,cyber,cyber_network_threat_dataset,HAZ-EAR-MOD-0129,2026-04-15 21:16:23,Phishing,SMS,Charity Organisation,Critical Infrastructure,Financial Loss,False,0.84,,,,,
HZ_00068,c1a419f9-21c2-46ca-9259-628306ea3c74,Queensland,Gold Coast Region,Surfers Paradise,storm,5.3,moderate,medium,2024-02-26T00:00:00+00:00,72,15.6,43.4,40.0,4,28,197.55,12186,cyber,cyber_network_threat_dataset,HAZ-STO-MOD-0130,2026-04-11 06:23:23,Phishing,Fake Website,Government Relief Agency,Relief Organisation,Credential Theft,False,0.81,,,,,
HZ_00490,a2a7e776-39a1-40b6-a4d9-30e3c96bc50a,Victoria,Barwon South West,Geelong,cyclone,4.6,moderate,low,2024-09-20T00:00:00+00:00,12,27.3,262.2,83.4,22,33,111.02,10900,cyber,cyber_network_threat_dataset,HAZ-CYC-MOD-0131,2026-04-14 05:04:23,Emergency Alert Compromise,System Exploit,Emergency Alert System,Emergency Services,Mass Panic Triggered,True,0.9,,,,,
HZ_00103,3e41d7b2-c7aa-4386-8d77-4d78aefb5206,Northern Territory,Top End,Darwin,flood,8.9,extreme,high,2024-08-11T00:00:00+00:00,6,22.4,199.5,71.7,38,111,421.77,76447,cyber,cyber_network_threat_dataset,HAZ-FLO-EXT-0132,2026-04-15 09:55:23,Misinformation,Social Media Post,Anonymous Social Media Account,Critical Infrastructure,Trust Erosion,False,0.72,,,,,
HZ_00835,62f9301e-6d79-4b57-ba61-338101e735eb,Victoria,Barwon South West,Geelong,cyclone,9.3,extreme,high,2024-09-12T00:00:00+00:00,24,30.8,280.2,85.9,21,163,407.44,74872,cyber,cyber_network_threat_dataset,HAZ-CYC-EXT-0133,2026-04-12 12:13:23,DDoS,Botnet Traffic,,Government Agency,Delayed Response,False,0.76,,,,,
HZ_00081,881f57b3-87d5-4d87-bc0f-2d46f4c5937a,Victoria,Melbourne Metro,Melbourne,bushfire,3.5,moderate,low,2025-12-25T00:00:00+00:00,48,38.0,1.6,9.5,11,33,51.78,15687,cyber,cyber_network_threat_dataset,HAZ-BUS-MOD-0134,2026-04-16 00:05:23,Fraud,Social Media,Fake Charity,Government Agency,Fake Payment,True,0.94,,,,,
HZ_00765,924138ba-3c89-4e7b-bd5e-ebae6e864114,New South Wales,Hunter Region,Newcastle,earthquake,3.6,moderate,low,2025-09-25T00:00:00+00:00,24,16.2,43.6,51.9,11,25,124.02,35710,cyber,cyber_network_threat_dataset,HAZ-EAR-MOD-0135,2026-04-14 11:12:23,Phishing,Email,Charity Organisation,Relief Organisation,Malware Download,False,0.85,,,,,
HZ_00859,7dddd167-aaf6-4f06-b6a8-4858ccd6b9c5,New South Wales,Greater Sydney,Parramatta,earthquake,3.8,moderate,low,2024-10-31T00:00:00+00:00,72,26.0,16.4,61.8,3,53,60.76,33095,cyber,cyber_network_threat_dataset,HAZ-EAR-MOD-0136,2026-04-16 09:20:23,Ransomware,Credential Theft,,Critical Infrastructure,Service Disruption,False,0.92,,,,,
HZ_00130,af2c266d-a242-4bf1-af13-c5e3cc5928a9,Victoria,Melbourne Metro,Melbourne,bushfire,9.9,extreme,high,2024-02-13T00:00:00+00:00,24,52.4,1.3,5.0,7,179,295.92,47818,cyber,cyber_network_threat_dataset,HAZ-BUS-EXT-0137,2026-04-12 10:08:23,Phishing,Email,Charity Organisation,Relief Organisation,Financial Loss,False,0.89,,,,,
HZ_00088,5f2577e0-1998-4118-9d99-8a89818d5465,Western Australia,Perth Metro,Perth,bushfire,5.0,moderate,medium,2025-03-06T00:00:00+00:00,48,44.1,0.6,5.0,20,59,199.42,18698,cyber,cyber_network_threat_dataset,HAZ-BUS-MOD-0138,2026-04-11 13:06:23,Phishing,Fake Website,Insurance Provider,Government Agency,Financial Loss,False,0.84,,,,,
HZ_00094,a84aed0f-28c3-4f32-ab76-ed34ee631659,Western Australia,Perth Metro,Perth,bushfire,6.4,severe,medium,2025-01-13T00:00:00+00:00,24,48.9,0.3,5.0,12,123,40.76,52121,cyber,cyber_network_threat_dataset,HAZ-BUS-SEV-0139,2026-04-13 10:32:23,Data Breach,Stolen Credentials,,Relief Organisation,Sensitive Record Exposure,False,0.74,,,,,
HZ_00108,9ac9190e-956a-4d83-bb35-c313c82d584c,Victoria,Melbourne Metro,Melbourne,storm,8.7,extreme,high,2024-07-03T00:00:00+00:00,48,19.3,49.1,51.3,25,138,309.25,70447,cyber,cyber_network_threat_dataset,HAZ-STO-EXT-0140,2026-04-15 10:50:23,Data Breach,Unsecured API,,Emergency Services,Sensitive Record Exposure,False,0.71,,,,,
HZ_00161,97cf5ff1-25d9-4bd8-9e21-6da4e37a4d8a,Queensland,South East QLD,Brisbane,heatwave,7.5,severe,medium,2024-01-12T00:00:00+00:00,72,46.2,0.0,11.5,25,87,181.13,61629,cyber,cyber_network_threat_dataset,HAZ-HEA-SEV-0141,2026-04-10 17:26:23,Data Breach,Stolen Credentials,,Citizens,Personal Data Leak,False,0.95,,,,,
HZ_00911,ea414979-0e71-412f-a22e-4495b0b879fd,Tasmania,Southern Region,Hobart,cyclone,9.3,extreme,high,2025-04-28T00:00:00+00:00,12,24.1,234.9,96.6,21,79,13.2,62969,cyber,cyber_network_threat_dataset,HAZ-CYC-EXT-0142,2026-04-14 15:41:23,Misinformation,Social Media Post,Anonymous Social Media Account,Emergency Services,Trust Erosion,False,0.81,,,,,
HZ_00090,cb092d75-7285-437d-8991-010a651d0217,Queensland,Gold Coast Region,Surfers Paradise,bushfire,3.8,moderate,low,2024-01-26T00:00:00+00:00,6,45.8,1.1,8.7,15,60,21.8,22459,cyber,cyber_network_threat_dataset,HAZ-BUS-MOD-0143,2026-04-10 19:28:23,Misinformation,Deepfake Video,Anonymous Social Media Account,Emergency Services,False Evacuation,False,0.79,,,,,
HZ_00101,06739803-a0f7-4b01-a02f-97cf7ecd0890,Queensland,Gold Coast Region,Surfers Paradise,bushfire,7.1,severe,medium,2024-01-23T00:00:00+00:00,72,49.1,1.4,5.0,6,103,240.88,20140,cyber,cyber_network_threat_dataset,HAZ-BUS-SEV-0144,2026-04-12 20:49:23,Phishing,Fake Website,Charity Organisation,Government Agency,Credential Theft,False,0.82,,,,,
HZ_00118,76b377ec-9f1a-410d-8d6e-61186b08bb38,New South Wales,Greater Sydney,Parramatta,storm,9.3,extreme,high,2024-04-26T00:00:00+00:00,24,16.5,22.1,57.8,6,108,418.44,82709,cyber,cyber_network_threat_dataset,HAZ-STO-EXT-0145,2026-04-10 02:14:23,DDoS,Botnet Traffic,,Healthcare Organisation,Service Unavailable,False,0.93,,,,,
HZ_00966,9fe0e005-a8e0-4c2d-b4b0-f4e7b4dc6412,South Australia,Adelaide Metro,Adelaide,earthquake,4.9,moderate,low,2024-05-17T00:00:00+00:00,12,19.0,19.3,31.9,10,86,38.23,48490,cyber,cyber_network_threat_dataset,HAZ-EAR-MOD-0146,2026-04-12 00:49:23,Phishing,Fake Website,Emergency Services,Emergency Services,Financial Loss,False,0.82,,,,,
HZ_00156,c6c46f95-0957-4b7b-9084-f12dce127461,Victoria,Barwon South West,Geelong,flood,4.2,moderate,low,2025-09-20T00:00:00+00:00,48,22.9,89.4,92.1,16,43,131.48,10185,cyber,cyber_network_threat_dataset,HAZ-FLO-MOD-0147,2026-04-10 13:20:23,Ransomware,Credential Theft,,Critical Infrastructure,Data Exposure,False,0.94,,,,,
HZ_00119,c7e0890c-9b66-426d-a46c-f3f56c97deb0,Queensland,Gold Coast Region,Surfers Paradise,storm,8.1,severe,high,2024-01-29T00:00:00+00:00,72,28.1,22.4,62.3,2,130,133.43,26753,cyber,cyber_network_threat_dataset,HAZ-STO-SEV-0148,2026-04-10 05:41:23,Ransomware,Credential Theft,,Critical Infrastructure,Service Disruption,False,0.76,,,,,
HZ_00980,48bf6634-02f3-4616-9ac1-f2732e39e1e2,Victoria,Barwon South West,Geelong,earthquake,4.2,moderate,low,2024-11-10T00:00:00+00:00,48,23.5,7.1,56.2,16,60,145.96,6948,cyber,cyber_network_threat_dataset,HAZ-EAR-MOD-0149,2026-04-14 23:24:23,Emergency Alert Compromise,System Exploit,Official Warning Service,Citizens,False Warning Sent,True,0.81,,,,,
HZ_00586,0fdb860c-1652-4b98-86ab-72fdfa606772,Queensland,Gold Coast Region,Surfers Paradise,cyclone,4.6,moderate,low,2025-04-17T00:00:00+00:00,48,26.7,320.2,81.9,15,30,186.84,32334,cyber,cyber_network_threat_dataset,HAZ-CYC-MOD-0150,2026-04-10 19:12:23,API Abuse,Token Misuse,,Citizens,Unauthorised Data Access,True,0.75,,,,,
HZ_00122,a0ce7a58-9a17-4af8-877f-a730cf001ffb,Victoria,Barwon South West,Geelong,heatwave,5.5,moderate,medium,2024-05-14T00:00:00+00:00,24,46.6,0.0,13.1,6,56,194.1,54128,cyber,cyber_network_threat_dataset,HAZ-HEA-MOD-0151,2026-04-11 00:38:23,Fraud,Social Media,Repair Contractor,Critical Infrastructure,Identity Theft,True,0.76,,,,,
HZ_00126,f1257c3f-ef52-4c8f-ad10-9820f723631b,Tasmania,Southern Region,Hobart,storm,8.1,severe,high,2025-04-27T00:00:00+00:00,12,24.2,33.2,75.8,21,121,400.73,73869,cyber,cyber_network_threat_dataset,HAZ-STO-SEV-0152,2026-04-12 17:53:23,Ransomware,Credential Theft,,Government Agency,Data Exposure,True,0.93,,,,,
HZ_00914,a474c508-cd36-4350-b26c-0dd9bb86f535,Tasmania,Southern Region,Hobart,cyclone,9.2,extreme,high,2025-05-29T00:00:00+00:00,6,28.9,279.7,93.0,5,46,216.91,46532,cyber,cyber_network_threat_dataset,HAZ-CYC-EXT-0153,2026-04-11 20:25:23,Data Breach,Unsecured API,,Citizens,Sensitive Record Exposure,False,0.9,,,,,
HZ_00181,82db6edb-3185-4dc0-8a38-d9ecf35b5ad2,Queensland,South East QLD,Brisbane,heatwave,7.6,severe,medium,2024-05-12T00:00:00+00:00,6,52.3,0.0,16.4,16,67,80.97,22782,cyber,cyber_network_threat_dataset,HAZ-HEA-SEV-0154,2026-04-11 11:43:23,Fraud,Fake Portal,Fake Charity,Healthcare Organisation,False Claim Submission,True,0.78,,,,,
HZ_00191,0768cba5-c4d0-4474-97ae-8555adf38cfb,Tasmania,Southern Region,Hobart,flood,5.2,moderate,medium,2025-09-30T00:00:00+00:00,72,17.9,153.5,88.8,12,38,259.76,22172,cyber,cyber_network_threat_dataset,HAZ-FLO-MOD-0155,2026-04-14 06:43:23,Emergency Alert Compromise,Stolen Credentials,Emergency Alert System,Healthcare Organisation,False Warning Sent,False,0.85,,,,,
HZ_00142,7afe1323-578e-452b-8300-b3e4b124d906,New South Wales,Greater Sydney,Parramatta,storm,9.9,extreme,high,2025-06-25T00:00:00+00:00,24,16.4,20.6,69.4,22,138,221.33,51420,cyber,cyber_network_threat_dataset,HAZ-STO-EXT-0156,2026-04-12 16:17:23,Fraud,Fake Portal,Repair Contractor,Critical Infrastructure,Identity Theft,False,0.89,,,,,
HZ_00667,4f8f3965-ee6d-4f9b-9501-732ccd66e56b,Queensland,South East QLD,Brisbane,cyclone,4.9,moderate,low,2024-03-07T00:00:00+00:00,48,30.4,182.6,87.5,5,91,120.53,20453,cyber,cyber_network_threat_dataset,HAZ-CYC-MOD-0157,2026-04-14 06:30:23,Misinformation,Social Media Post,Fake Government Account,Healthcare Organisation,Public Confusion,True,0.89,,,,,
HZ_00472,7d6aadeb-c13e-4497-8ae5-13b800065714,Tasmania,Southern Region,Hobart,heatwave,8.7,extreme,high,2025-04-04T00:00:00+00:00,48,51.7,0.0,9.2,43,66,77.48,61481,cyber,cyber_network_threat_dataset,HAZ-HEA-EXT-0158,2026-04-10 05:38:23,Phishing,Fake Website,Emergency Services,Emergency Services,Malware Download,True,0.94,,,,,
HZ_00221,69706e00-5c6b-4c89-afbf-62cf3d852f92,New South Wales,Greater Sydney,Parramatta,storm,9.1,extreme,high,2025-06-01T00:00:00+00:00,12,21.5,46.0,30.6,24,157,437.33,38436,cyber,cyber_network_threat_dataset,HAZ-STO-EXT-0159,2026-04-15 18:48:23,Phishing,Fake Website,Emergency Services,Citizens,Malware Download,False,0.9,,,,,
HZ_00492,8e63ec33-e5f2-4d6c-8518-d12933a04e00,South Australia,Adelaide Metro,Adelaide,heatwave,9.1,extreme,high,2024-01-28T00:00:00+00:00,6,49.5,0.0,15.9,32,130,310.59,26582,cyber,cyber_network_threat_dataset,HAZ-HEA-EXT-0160,2026-04-12 12:32:23,Phishing,Fake Website,Charity Organisation,Government Agency,Malware Download,True,0.95,,,,,
HZ_01116,a1504279-6a87-4230-8471-34c9491205e7,Northern Territory,Top End,Darwin,earthquake,4.7,moderate,low,2025-10-17T00:00:00+00:00,24,13.5,37.2,76.2,8,69,171.24,9018,cyber,cyber_network_threat_dataset,HAZ-EAR-MOD-0161,2026-04-13 11:11:23,Misinformation,Deepfake Video,Fake Government Account,Citizens,Trust Erosion,False,0.85,,,,,
HZ_00768,8a6333e9-3f8f-4870-9201-8557f2813741,Queensland,South East QLD,Brisbane,cyclone,4.0,moderate,low,2024-09-06T00:00:00+00:00,48,30.1,296.9,85.5,17,49,30.37,36426,cyber,cyber_network_threat_dataset,HAZ-CYC-MOD-0162,2026-04-14 05:12:23,Phishing,Fake Website,Insurance Provider,Government Agency,Financial Loss,False,0.96,,,,,
HZ_00783,d3ad041b-39fa-49aa-ad72-ff73e2be6c1a,New South Wales,Greater Sydney,Parramatta,cyclone,4.0,moderate,low,2025-05-26T00:00:00+00:00,12,29.4,184.1,85.6,11,68,199.83,24151,cyber,cyber_network_threat_dataset,HAZ-CYC-MOD-0163,2026-04-14 15:04:23,Phishing,Email,Insurance Provider,Emergency Services,Financial Loss,True,0.74,,,,,
HZ_00042,c1d06f81-1856-4e86-a186-a3b745b55887,Western Australia,Perth Metro,Perth,flood,8.2,severe,high,2025-08-14T00:00:00+00:00,24,21.2,138.4,71.0,16,159,339.14,57981,cyber,cyber_network_threat_dataset,HAZ-FLO-SEV-0164,2026-04-10 03:41:23,Emergency Alert Compromise,Stolen Credentials,Emergency Alert System,Government Agency,Mass Panic Triggered,False,0.89,,,,,
HZ_00987,cac1ac02-091d-4956-80a7-41be25dc82ae,Western Australia,Perth Metro,Perth,cyclone,9.8,extreme,high,2024-10-01T00:00:00+00:00,48,29.1,259.9,80.2,0,120,419.39,60411,cyber,cyber_network_threat_dataset,HAZ-CYC-EXT-0165,2026-04-15 00:24:23,API Abuse,Token Misuse,,Government Agency,Record Manipulation,False,0.93,,,,,
HZ_01117,8605c864-63cb-4bfd-a71a-69bb32b6a2a1,Northern Territory,Top End,Darwin,earthquake,5.2,moderate,medium,2024-11-13T00:00:00+00:00,12,14.7,6.3,40.4,14,74,170.12,29250,cyber,cyber_network_threat_dataset,HAZ-EAR-MOD-0166,2026-04-11 20:23:23,Data Breach,Unsecured API,,Healthcare Organisation,Sensitive Record Exposure,False,0.94,,,,,
HZ_00144,6ff87a1a-4286-4b57-a312-a43f8eb0f604,South Australia,Adelaide Metro,Adelaide,heatwave,4.5,moderate,low,2025-12-21T00:00:00+00:00,72,42.3,0.0,16.0,12,38,175.57,26055,cyber,cyber_network_threat_dataset,HAZ-HEA-MOD-0167,2026-04-16 21:11:23,Ransomware,Malicious Attachment,,Citizens,Service Disruption,True,0.72,,,,,
HZ_00226,d8790317-bff9-4aae-837e-f57d8070f580,Northern Territory,Top End,Darwin,storm,9.3,extreme,high,2025-06-22T00:00:00+00:00,6,27.8,36.8,41.4,22,141,413.85,27475,cyber,cyber_network_threat_dataset,HAZ-STO-EXT-0168,2026-04-11 08:40:23,Data Breach,Stolen Credentials,,Healthcare Organisation,Sensitive Record Exposure,False,0.84,,,,,
HZ_00079,65525f7e-5f70-45c7-8d65-460c2bf991bd,Tasmania,Southern Region,Hobart,storm,4.4,moderate,low,2025-05-18T00:00:00+00:00,24,17.5,9.2,56.5,19,56,36.7,25273,cyber,cyber_network_threat_dataset,HAZ-STO-MOD-0169,2026-04-12 15:10:23,Ransomware,Malicious Attachment,,Citizens,Service Disruption,True,0.92,,,,,
HZ_01192,e14816ed-b926-4f32-9f5b-86f4c886e98e,Western Australia,Perth Metro,Perth,earthquake,5.1,moderate,medium,2024-04-03T00:00:00+00:00,72,14.8,32.7,60.7,15,81,243.38,24409,cyber,cyber_network_threat_dataset,HAZ-EAR-MOD-0170,2026-04-10 00:11:23,Emergency Alert Compromise,Stolen Credentials,Emergency Alert System,Critical Infrastructure,Mass Panic Triggered,True,0.72,,,,,
HZ_00133,b5517dbf-201b-47e3-8d15-c22561a559de,Queensland,South East QLD,Brisbane,storm,6.5,severe,medium,2025-08-23T00:00:00+00:00,48,18.5,27.2,50.7,15,49,278.75,8729,cyber,cyber_network_threat_dataset,HAZ-STO-SEV-0171,2026-04-11 18:02:23,DDoS,Botnet Traffic,,Emergency Services,Service Unavailable,True,0.96,,,,,
HZ_00153,c42562ca-a1b8-44cb-b699-a3ae26f515fb,South Australia,Adelaide Metro,Adelaide,heatwave,5.7,moderate,medium,2025-01-20T00:00:00+00:00,24,48.0,0.0,24.3,1,39,103.61,56084,cyber,cyber_network_threat_dataset,HAZ-HEA-MOD-0172,2026-04-11 04:26:23,Phishing,Email,Charity Organisation,Relief Organisation,Credential Theft,True,0.88,,,,,
HZ_00120,90016bfb-5c9c-4ff7-8063-80556a9d5f3f,Queensland,Gold Coast Region,Surfers Paradise,bushfire,3.6,moderate,low,2024-10-11T00:00:00+00:00,6,45.8,0.8,7.5,17,29,36.73,3079,cyber,cyber_network_threat_dataset,HAZ-BUS-MOD-0173,2026-04-14 05:24:23,Misinformation,Deepfake Video,Fake Government Account,Government Agency,Trust Erosion,False,0.75,,,,,
HZ_00143,30cee76e-1864-43b2-a74a-c2566a617dba,New South Wales,Hunter Region,Newcastle,bushfire,3.9,moderate,low,2025-01-23T00:00:00+00:00,12,48.9,1.1,5.0,16,55,104.96,15124,cyber,cyber_network_threat_dataset,HAZ-BUS-MOD-0174,2026-04-11 20:11:23,Fraud,Social Media,Repair Contractor,Relief Organisation,Identity Theft,False,0.96,,,,,
HZ_00344,99568aab-175e-4b14-be26-046de6fc0bbf,South Australia,Adelaide Metro,Adelaide,earthquake,6.5,severe,medium,2025-10-18T00:00:00+00:00,12,27.4,43.5,,22,36,164.78,40587,cyber,cyber_network_threat_dataset,HAZ-EAR-SEV-0175,2026-04-12 20:13:23,Ransomware,Malicious Attachment,,Healthcare Organisation,System Encryption,False,0.87,,,,,
HZ_00087,ebd285f8-face-4865-8e1a-968ca0dc8312,Western Australia,Perth Metro,Perth,storm,5.5,moderate,medium,2025-08-31T00:00:00+00:00,24,29.6,6.5,45.1,19,65,253.62,16845,cyber,cyber_network_threat_dataset,HAZ-STO-MOD-0176,2026-04-13 03:37:23,Data Breach,Stolen Credentials,,Citizens,Sensitive Record Exposure,True,0.8,,,,,
HZ_00048,7fdfde06-757b-4d60-9586-9d002ea20808,Northern Territory,Top End,Darwin,flood,8.3,severe,high,2024-07-01T00:00:00+00:00,48,22.3,179.7,79.4,13,107,310.31,74937,cyber,cyber_network_threat_dataset,HAZ-FLO-SEV-0177,2026-04-10 03:42:23,Fraud,Social Media,Fake Charity,Critical Infrastructure,Identity Theft,False,0.94,,,,,
HZ_00230,93c9ca95-a50e-47b5-9239-87c92c69de2b,New South Wales,Hunter Region,Newcastle,storm,9.1,extreme,high,2024-07-06T00:00:00+00:00,48,28.7,4.1,70.9,9,93,315.73,24509,cyber,cyber_network_threat_dataset,HAZ-STO-EXT-0178,2026-04-11 05:23:23,Data Breach,Unsecured API,,Emergency Services,Personal Data Leak,True,0.75,,,,,
HZ_00116,c0c9b479-1feb-46e3-b719-249d49336cf6,Western Australia,Perth Metro,Perth,flood,9.9,extreme,high,2025-03-04T00:00:00+00:00,12,16.8,177.5,81.3,3,162,257.69,21155,cyber,cyber_network_threat_dataset,HAZ-FLO-EXT-0179,2026-04-14 21:12:23,Ransomware,Credential Theft,,Government Agency,System Encryption,True,0.8,,,,,
HZ_00095,a0175dec-cb4d-47e9-81c6-dfd707537044,Queensland,Gold Coast Region,Surfers Paradise,storm,4.6,moderate,low,2025-09-15T00:00:00+00:00,6,27.9,15.6,56.6,4,24,48.27,27338,cyber,cyber_network_threat_dataset,HAZ-STO-MOD-0180,2026-04-11 09:44:23,Ransomware,Malicious Attachment,,Relief Organisation,Service Disruption,False,0.84,,,,,
HZ_00162,9ebda88e-3595-4040-b973-5067e9dd1e5a,Victoria,Melbourne Metro,Melbourne,storm,8.2,severe,high,2024-05-17T00:00:00+00:00,48,17.8,26.9,32.0,40,162,184.97,2888,cyber,cyber_network_threat_dataset,HAZ-STO-SEV-0181,2026-04-12 00:37:23,Misinformation,Social Media Post,Fake Government Account,Healthcare Organisation,Public Confusion,False,0.93,,,,,
HZ_00991,a8efdac1-6ab9-4836-8ca6-cc999b29a373,Northern Territory,Top End,Darwin,cyclone,9.1,extreme,high,2025-09-26T00:00:00+00:00,6,29.2,207.3,,33,80,135.46,20806,cyber,cyber_network_threat_dataset,HAZ-CYC-EXT-0182,2026-04-09 23:23:23,Phishing,SMS,Charity Organisation,Healthcare Organisation,Malware Download,True,0.84,,,,,
HZ_00134,3627c2f9-4588-40f5-bba5-de51f20706ff,South Australia,Adelaide Metro,Adelaide,flood,9.3,extreme,high,2025-08-21T00:00:00+00:00,48,20.7,134.3,72.6,16,119,107.91,30512,cyber,cyber_network_threat_dataset,HAZ-FLO-EXT-0183,2026-04-15 18:40:23,Misinformation,Deepfake Video,Fake Government Account,Citizens,Trust Erosion,False,0.79,,,,,
HZ_00994,b73fdcbc-d8ff-452a-a37b-70245b1d5a0c,New South Wales,Greater Sydney,Parramatta,cyclone,9.5,extreme,high,2024-03-26T00:00:00+00:00,12,27.4,194.3,91.4,21,134,423.29,10543,cyber,cyber_network_threat_dataset,HAZ-CYC-EXT-0184,2026-04-16 01:29:23,API Abuse,Scripted Requests,,Critical Infrastructure,Record Manipulation,False,0.86,,,,,
HZ_00536,c3d02330-6e25-42df-96e7-c82310833630,South Australia,Adelaide Metro,Adelaide,heatwave,8.5,extreme,high,2025-12-05T00:00:00+00:00,12,46.4,0.0,7.9,14,131,187.85,46086,cyber,cyber_network_threat_dataset,HAZ-HEA-EXT-0185,2026-04-15 09:20:23,Phishing,Fake Website,Government Relief Agency,Government Agency,Financial Loss,True,0.81,,,,,
HZ_00592,fa692cd5-6187-486e-9bb1-9de874c46a48,Western Australia,Perth Metro,Perth,heatwave,8.6,extreme,high,2025-12-26T00:00:00+00:00,72,50.9,0.0,20.3,9,153,362.91,22052,cyber,cyber_network_threat_dataset,HAZ-HEA-EXT-0186,2026-04-15 17:02:23,DDoS,Botnet Traffic,,Relief Organisation,Service Unavailable,True,0.88,,,,,
HZ_00198,ef2d1dfb-387f-4e09-b765-164eb509408b,Northern Territory,Top End,Darwin,flood,9.4,extreme,high,2024-07-05T00:00:00+00:00,6,24.0,191.4,70.3,27,112,442.79,6043,cyber,cyber_network_threat_dataset,HAZ-FLO-EXT-0187,2026-04-10 23:58:23,DDoS,Botnet Traffic,,Government Agency,Service Unavailable,True,0.86,,,,,
HZ_00074,ad39bdd3-b630-4ec1-95fe-5fa04beba8af,Queensland,South East QLD,Brisbane,flood,6.5,severe,medium,2025-10-23T00:00:00+00:00,24,23.9,182.8,81.7,1,56,299.01,64517,cyber,cyber_network_threat_dataset,HAZ-FLO-SEV-0188,2026-04-13 19:53:23,API Abuse,Scripted Requests,,Citizens,Unauthorised Data Access,True,0.72,,,,,
HZ_00154,aaa85d9a-8380-4202-9c2a-7f170432afc9,New South Wales,Greater Sydney,Parramatta,heatwave,3.9,moderate,low,2025-01-04T00:00:00+00:00,12,42.2,0.0,7.0,2,51,140.2,619,cyber,cyber_network_threat_dataset,HAZ-HEA-MOD-0189,2026-04-15 18:39:23,Phishing,SMS,Insurance Provider,Healthcare Organisation,Credential Theft,True,0.95,,,,,
HZ_00208,c8e84426-3160-4144-92ee-38115c393f27,South Australia,Adelaide Metro,Adelaide,flood,5.6,moderate,medium,2024-11-20T00:00:00+00:00,12,16.7,91.7,95.1,8,108,146.2,52998,cyber,cyber_network_threat_dataset,HAZ-FLO-MOD-0190,2026-04-11 12:24:23,Phishing,Email,Charity Organisation,Government Agency,Financial Loss,False,0.85,,,,,
HZ_00169,4645e5a2-2e07-4984-ad53-a4ac2085128a,Northern Territory,Top End,Darwin,storm,8.3,severe,high,2025-06-22T00:00:00+00:00,48,15.1,20.8,56.1,13,93,263.87,63375,cyber,cyber_network_threat_dataset,HAZ-STO-SEV-0191,2026-04-14 18:54:23,Ransomware,Credential Theft,,Citizens,Service Disruption,False,0.96,,,,,
HZ_00691,7d44ffd3-5efb-403a-821a-8b92df08ec40,Queensland,Gold Coast Region,Surfers Paradise,cyclone,7.7,severe,medium,2025-05-05T00:00:00+00:00,24,29.1,209.8,82.2,37,46,212.16,66896,cyber,cyber_network_threat_dataset,HAZ-CYC-SEV-0192,2026-04-11 14:19:23,Fraud,Social Media,Fake Charity,Healthcare Organisation,Fake Payment,True,0.98,,,,,
HZ_00083,84d19203-2f8a-47cf-a0ae-3d7cebf189d5,Queensland,South East QLD,Brisbane,flood,6.2,severe,medium,2025-11-07T00:00:00+00:00,24,24.3,131.2,70.3,23,83,266.92,19876,cyber,cyber_network_threat_dataset,HAZ-FLO-SEV-0193,2026-04-16 04:23:23,Misinformation,Social Media Post,Anonymous Social Media Account,Critical Infrastructure,Public Confusion,False,0.87,,,,,
HZ_00630,bf59f0f0-ccce-42d9-ae85-ed3fac1130f7,Victoria,Melbourne Metro,Melbourne,heatwave,8.7,extreme,high,2024-11-12T00:00:00+00:00,24,44.5,0.0,15.9,20,122,20.43,76147,cyber,cyber_network_threat_dataset,HAZ-HEA-EXT-0194,2026-04-12 17:11:23,Data Breach,Stolen Credentials,,Government Agency,Personal Data Leak,False,0.75,,,,,
HZ_00189,ed53eebe-382e-4138-a569-b560e51cddc7,Western Australia,Perth Metro,Perth,earthquake,9.1,extreme,high,2024-04-04T00:00:00+00:00,24,27.6,37.7,45.0,44,128,25.71,27918,cyber,cyber_network_threat_dataset,HAZ-EAR-EXT-0195,2026-04-13 10:10:23,Fraud,Phone Call,Relief Support Officer,Healthcare Organisation,Identity Theft,False,0.71,,,,,
HZ_00562,108f8346-42e7-4e8d-b57d-e1e59e9c3779,Victoria,Melbourne Metro,Melbourne,earthquake,9.8,extreme,high,2024-03-05T00:00:00+00:00,48,18.1,49.3,55.2,10,127,466.2,90554,cyber,cyber_network_threat_dataset,HAZ-EAR-EXT-0196,2026-04-14 22:02:23,API Abuse,Scripted Requests,,Government Agency,Record Manipulation,True,0.71,,,,,
HZ_00155,6d10a97e-882f-44aa-abb5-b6c9651c5b17,Queensland,Gold Coast Region,Surfers Paradise,bushfire,4.4,moderate,low,2024-09-15T00:00:00+00:00,72,43.8,0.8,18.9,18,52,91.6,37034,cyber,cyber_network_threat_dataset,HAZ-BUS-MOD-0197,2026-04-15 22:58:23,Data Breach,Unsecured API,,Critical Infrastructure,Personal Data Leak,True,0.94,,,,,
HZ_00635,bee48bb5-40d8-4070-91d1-190e5b19caba,Western Australia,Perth Metro,Perth,heatwave,9.0,extreme,high,2024-05-12T00:00:00+00:00,24,44.3,0.0,20.6,32,95,259.44,84373,cyber,cyber_network_threat_dataset,HAZ-HEA-EXT-0198,2026-04-16 17:35:23,Emergency Alert Compromise,System Exploit,Emergency Alert System,Citizens,False Warning Sent,True,0.77,,,,,
HZ_00107,475427b4-d55b-404d-b4b7-431f53e1af67,New South Wales,Greater Sydney,Parramatta,bushfire,7.4,severe,medium,2024-01-20T00:00:00+00:00,12,48.0,1.7,5.0,9,111,164.87,28421,cyber,cyber_network_threat_dataset,HAZ-BUS-SEV-0199,2026-04-14 13:42:23,DDoS,Botnet Traffic,,Government Agency,Delayed Response,True,0.83,,,,,
HZ_00157,2e3bdb13-225c-491d-96ed-e3cb05f2a5d6,Queensland,Gold Coast Region,Surfers Paradise,storm,4.2,moderate,low,2024-08-05T00:00:00+00:00,48,26.3,6.9,30.4,11,28,67.45,24227,cyber,cyber_network_threat_dataset,HAZ-STO-MOD-0200,2026-04-10 18:33:23,Data Breach,Unsecured API,,Emergency Services,Sensitive Record Exposure,True,0.84,,,,,
HZ_00577,b64f0ea5-8c54-4693-873c-56503ac24c08,New South Wales,Hunter Region,Newcastle,earthquake,8.6,extreme,high,2024-03-17T00:00:00+00:00,48,10.4,37.2,58.5,11,120,363.22,73976,cyber,cyber_network_threat_dataset,HAZ-EAR-EXT-0201,2026-04-10 07:43:23,Misinformation,Social Media Post,Fake Government Account,Healthcare Organisation,Public Confusion,False,0.8,,,,,
HZ_00112,638739d2-e044-4759-a279-ff1808df55f7,Queensland,South East QLD,Brisbane,flood,6.6,severe,medium,2025-05-05T00:00:00+00:00,72,21.2,80.7,90.6,19,67,99.49,38815,cyber,cyber_network_threat_dataset,HAZ-FLO-SEV-0202,2026-04-12 00:38:23,Fraud,Social Media,Relief Support Officer,Healthcare Organisation,Fake Payment,False,0.83,,,,,
HZ_00131,c75a300e-e91a-45ae-ba4c-ccbc3e4b67e2,South Australia,Adelaide Metro,Adelaide,bushfire,9.2,extreme,high,2024-01-14T00:00:00+00:00,6,49.7,1.6,9.6,13,49,430.83,64127,cyber,cyber_network_threat_dataset,HAZ-BUS-EXT-0203,2026-04-15 11:12:23,Emergency Alert Compromise,Stolen Credentials,Emergency Alert System,Citizens,False Warning Sent,True,0.77,,,,,
HZ_00123,f07b0672-425b-4670-9043-31c2ddea255c,Queensland,Gold Coast Region,Surfers Paradise,bushfire,7.8,severe,medium,2025-01-23T00:00:00+00:00,48,46.2,2.0,8.2,3,104,322.99,59683,cyber,cyber_network_threat_dataset,HAZ-BUS-SEV-0204,2026-04-15 14:06:23,API Abuse,Token Misuse,,Citizens,Record Manipulation,False,0.91,,,,,
HZ_00164,6e3c088b-639b-4934-8279-8a18047bc0a8,Queensland,South East QLD,Brisbane,heatwave,5.9,moderate,medium,2024-03-03T00:00:00+00:00,48,42.9,0.0,16.2,12,75,186.76,11574,cyber,cyber_network_threat_dataset,HAZ-HEA-MOD-0205,2026-04-16 11:14:23,Phishing,Email,Insurance Provider,Emergency Services,Credential Theft,True,0.84,,,,,
HZ_00158,2921b1d6-baa1-4ef7-8477-aa5e5ace46cf,Queensland,South East QLD,Brisbane,bushfire,5.7,moderate,medium,2024-10-03T00:00:00+00:00,48,48.8,1.4,15.1,25,107,217.35,34014,cyber,cyber_network_threat_dataset,HAZ-BUS-MOD-0206,2026-04-15 19:12:23,Misinformation,Social Media Post,Unofficial News Page,Critical Infrastructure,Public Confusion,True,0.83,,,,,
HZ_00188,4683412e-a2c3-4a78-be5a-dd4593fa4a0c,Victoria,Melbourne Metro,Melbourne,bushfire,8.7,extreme,high,2025-01-28T00:00:00+00:00,24,40.8,0.1,5.0,28,168,302.3,30305,cyber,cyber_network_threat_dataset,HAZ-BUS-EXT-0207,2026-04-12 11:45:23,Emergency Alert Compromise,System Exploit,Official Warning Service,Emergency Services,False Warning Sent,False,0.77,,,,,
HZ_00193,aa277395-93f6-4c5d-b9b2-d0b59c265277,Queensland,South East QLD,Brisbane,storm,5.7,moderate,medium,2025-06-23T00:00:00+00:00,12,11.5,5.1,59.5,26,44,10.56,38629,cyber,cyber_network_threat_dataset,HAZ-STO-MOD-0208,2026-04-16 15:35:23,Phishing,SMS,Emergency Services,Healthcare Organisation,Financial Loss,False,0.82,,,,,
HZ_00222,c9635b1e-df7c-4fc7-b3d4-41c7176aa091,Queensland,Gold Coast Region,Surfers Paradise,flood,4.8,moderate,low,2025-08-15T00:00:00+00:00,48,24.5,84.4,88.5,2,65,149.87,45978,cyber,cyber_network_threat_dataset,HAZ-FLO-MOD-0209,2026-04-12 11:45:23,Data Breach,Stolen Credentials,,Critical Infrastructure,Personal Data Leak,False,0.82,,,,,
HZ_01279,a226d45e-2fed-4986-9aa5-4e97e0449f48,Western Australia,Perth Metro,Perth,earthquake,5.6,moderate,medium,2025-03-28T00:00:00+00:00,12,26.6,41.4,37.3,12,76,55.28,27090,cyber,cyber_network_threat_dataset,HAZ-EAR-MOD-0210,2026-04-11 05:37:23,Misinformation,Social Media Post,Fake Government Account,Government Agency,Trust Erosion,False,0.74,,,,,
HZ_00172,d35befe3-bd70-4c6e-b60d-4b54d064f951,Queensland,South East QLD,Brisbane,storm,6.6,severe,medium,2025-06-23T00:00:00+00:00,24,17.4,1.3,78.8,2,35,139.11,63913,cyber,cyber_network_threat_dataset,HAZ-STO-SEV-0211,2026-04-12 00:29:23,Fraud,Fake Portal,Relief Support Officer,Citizens,Fake Payment,True,0.9,,,,,
HZ_01336,9ae68b4c-5835-490b-a721-0603cca8c733,Northern Territory,Top End,Darwin,earthquake,4.5,moderate,low,2025-05-14T00:00:00+00:00,48,25.2,23.4,70.8,7,34,28.5,10412,cyber,cyber_network_threat_dataset,HAZ-EAR-MOD-0212,2026-04-15 02:09:23,Emergency Alert Compromise,Stolen Credentials,Official Warning Service,Citizens,False Warning Sent,False,0.81,,,,,
HZ_00248,9f51ab1d-2ec6-4ffd-8b71-02abcd4851a1,Western Australia,Perth Metro,Perth,storm,9.2,extreme,high,2025-12-04T00:00:00+00:00,12,10.4,36.4,44.5,21,92,189.34,28529,cyber,cyber_network_threat_dataset,HAZ-STO-EXT-0213,2026-04-15 20:54:23,Ransomware,Credential Theft,,Government Agency,System Encryption,True,0.81,,,,,
HZ_00121,a472be4a-92b0-4d43-9f2b-fb56a6b9d4a9,Western Australia,Perth Metro,Perth,flood,8.2,severe,high,2025-08-09T00:00:00+00:00,6,22.9,141.7,78.6,17,67,290.48,36777,cyber,cyber_network_threat_dataset,HAZ-FLO-SEV-0214,2026-04-16 16:53:23,Data Breach,Unsecured API,,Government Agency,Personal Data Leak,False,0.9,,,,,
HZ_00135,9539f194-7d65-46fd-a6af-30777d22fa8e,Queensland,Gold Coast Region,Surfers Paradise,flood,8.2,severe,high,2024-04-13T00:00:00+00:00,24,25.0,193.3,91.5,20,106,317.31,27429,cyber,cyber_network_threat_dataset,HAZ-FLO-SEV-0215,2026-04-12 05:33:23,API Abuse,Scripted Requests,,Government Agency,Record Manipulation,False,0.86,,,,,
HZ_01049,be7b2b31-956c-4bfd-9a53-942ba5afae39,Victoria,Barwon South West,Geelong,cyclone,8.8,extreme,high,2024-03-16T00:00:00+00:00,72,27.3,312.9,88.1,15,113,143.84,85618,cyber,cyber_network_threat_dataset,HAZ-CYC-EXT-0216,2026-04-16 16:45:23,Phishing,Fake Website,Government Relief Agency,Critical Infrastructure,Malware Download,False,0.97,,,,,
HZ_00245,d0a2f0b6-d47d-40ab-9ed2-8ccbc7e49546,New South Wales,Hunter Region,Newcastle,flood,3.6,moderate,low,2025-03-26T00:00:00+00:00,24,19.0,84.9,75.0,2,31,135.6,13067,cyber,cyber_network_threat_dataset,HAZ-FLO-MOD-0217,2026-04-10 20:09:23,Data Breach,Stolen Credentials,,Emergency Services,Personal Data Leak,False,0.76,,,,,
HZ_00204,8037c001-b97f-40f4-aaf5-a9909d7052fd,Queensland,Gold Coast Region,Surfers Paradise,heatwave,7.4,severe,medium,2025-01-26T00:00:00+00:00,6,43.0,0.0,21.4,0,102,153.62,18999,cyber,cyber_network_threat_dataset,HAZ-HEA-SEV-0218,2026-04-11 15:57:23,Fraud,Fake Portal,Fake Charity,Citizens,False Claim Submission,False,0.77,,,,,
HZ_00892,904ee37e-88bc-4ec7-9698-cfb39399d733,Northern Territory,Top End,Darwin,cyclone,5.6,moderate,medium,2025-04-27T00:00:00+00:00,6,27.6,285.1,,4,108,119.99,14765,cyber,cyber_network_threat_dataset,HAZ-CYC-MOD-0219,2026-04-10 14:04:23,Ransomware,Malicious Attachment,,Government Agency,Service Disruption,False,0.85,,,,,
HZ_00250,41b2c2ed-df88-4d32-a13e-0c89a6aeeeb0,Northern Territory,Top End,Darwin,storm,8.9,extreme,high,2025-10-04T00:00:00+00:00,24,12.6,29.0,74.9,10,148,247.64,50675,cyber,cyber_network_threat_dataset,HAZ-STO-EXT-0220,2026-04-14 11:41:23,Phishing,SMS,Insurance Provider,Emergency Services,Financial Loss,False,0.94,,,,,
HZ_00214,bdd71556-04e8-4cae-8761-07ba19becf85,South Australia,Adelaide Metro,Adelaide,bushfire,8.9,extreme,high,2025-02-12T00:00:00+00:00,24,40.9,0.2,5.0,34,153,374.39,17102,cyber,cyber_network_threat_dataset,HAZ-BUS-EXT-0221,2026-04-15 19:53:23,Misinformation,Deepfake Video,Unofficial News Page,Government Agency,Trust Erosion,True,0.98,,,,,
HZ_00707,d578d8e8-d63f-4b55-b232-cf2262e1cd86,Tasmania,Southern Region,Hobart,cyclone,6.8,severe,medium,2024-03-16T00:00:00+00:00,6,29.4,136.2,95.0,30,112,150.89,16632,cyber,cyber_network_threat_dataset,HAZ-CYC-SEV-0222,2026-04-10 09:12:23,Ransomware,Malicious Attachment,,Relief Organisation,Data Exposure,False,0.72,,,,,
HZ_00234,2bf28004-d470-4b82-b125-f0060c8e2f0e,Tasmania,Southern Region,Hobart,bushfire,3.6,moderate,low,2024-02-09T00:00:00+00:00,48,47.8,0.9,21.3,17,32,91.53,6859,cyber,cyber_network_threat_dataset,HAZ-BUS-MOD-0223,2026-04-11 13:22:23,DDoS,Botnet Traffic,,Emergency Services,Service Unavailable,False,0.7,,,,,
HZ_01109,a9072019-ece3-49a9-8daf-f784fa0655c7,New South Wales,Greater Sydney,Parramatta,cyclone,10.0,extreme,high,2024-04-29T00:00:00+00:00,72,28.4,153.4,99.5,49,81,213.12,14943,cyber,cyber_network_threat_dataset,HAZ-CYC-EXT-0224,2026-04-15 16:00:23,Phishing,SMS,Charity Organisation,Emergency Services,Credential Theft,False,0.92,,,,,
HZ_01115,937873f3-fb68-4b89-8aab-9201da8633f5,Northern Territory,Top End,Darwin,cyclone,9.0,extreme,high,2025-11-29T00:00:00+00:00,72,30.2,217.4,80.5,2,111,187.37,12191,cyber,cyber_network_threat_dataset,HAZ-CYC-EXT-0225,2026-04-12 04:24:23,DDoS,Botnet Traffic,,Emergency Services,Service Unavailable,False,0.89,,,,,
HZ_00462,d479eef9-99ee-44c2-a053-71ef1aa071e1,Queensland,South East QLD,Brisbane,earthquake,7.3,severe,medium,2025-03-05T00:00:00+00:00,24,24.2,23.2,31.8,19,113,242.17,45526,cyber,cyber_network_threat_dataset,HAZ-EAR-SEV-0226,2026-04-13 23:20:23,Data Breach,Stolen Credentials,,Citizens,Personal Data Leak,False,0.76,,,,,
HZ_00238,85eebd2b-ac11-4d55-aa08-6897d8862b4f,South Australia,Adelaide Metro,Adelaide,bushfire,5.7,moderate,medium,2025-01-02T00:00:00+00:00,24,45.8,2.0,24.1,3,75,33.28,12033,cyber,cyber_network_threat_dataset,HAZ-BUS-MOD-0227,2026-04-12 05:14:23,Phishing,Fake Website,Government Relief Agency,Emergency Services,Malware Download,True,0.79,,,,,
HZ_00903,b8cb05d0-f3c1-4126-addc-b7f333510f66,New South Wales,Hunter Region,Newcastle,cyclone,4.1,moderate,low,2024-11-08T00:00:00+00:00,48,28.7,256.5,99.8,6,22,71.56,33906,cyber,cyber_network_threat_dataset,HAZ-CYC-MOD-0228,2026-04-14 17:27:23,API Abuse,Scripted Requests,,Citizens,Record Manipulation,True,0.87,,,,,
HZ_01340,9ce4be17-d1ad-41ac-ae5c-be12138de890,New South Wales,Greater Sydney,Parramatta,earthquake,5.6,moderate,medium,2025-11-10T00:00:00+00:00,72,25.6,47.5,57.1,10,46,262.8,10294,cyber,cyber_network_threat_dataset,HAZ-EAR-MOD-0229,2026-04-13 00:29:23,Phishing,Email,Emergency Services,Relief Organisation,Credential Theft,False,0.97,,,,,
HZ_00762,608d3117-7c4f-4673-8c3d-dc25da567125,Victoria,Barwon South West,Geelong,cyclone,7.0,severe,medium,2025-09-25T00:00:00+00:00,6,26.5,138.0,86.7,7,46,159.92,29174,cyber,cyber_network_threat_dataset,HAZ-CYC-SEV-0230,2026-04-14 14:09:23,DDoS,Botnet Traffic,,Government Agency,Service Unavailable,False,0.89,,,,,
HZ_00256,179d652f-49b4-4585-8650-54a5daed2d68,Victoria,Barwon South West,Geelong,flood,4.8,moderate,low,2025-08-01T00:00:00+00:00,24,17.7,147.9,72.7,6,31,229.23,20894,cyber,cyber_network_threat_dataset,HAZ-FLO-MOD-0231,2026-04-16 04:22:23,Phishing,SMS,Charity Organisation,Relief Organisation,Credential Theft,True,0.76,,,,,
HZ_00252,8a211796-5617-438c-83b1-873c4a282e50,South Australia,Adelaide Metro,Adelaide,storm,9.3,extreme,high,2024-07-31T00:00:00+00:00,24,19.8,16.0,47.0,2,162,449.35,89976,cyber,cyber_network_threat_dataset,HAZ-STO-EXT-0232,2026-04-15 23:01:23,Data Breach,Unsecured API,,Healthcare Organisation,Personal Data Leak,False,0.94,,,,,
HZ_00237,8dbc727f-8605-46d5-9e20-d68c6867a359,Tasmania,Southern Region,Hobart,flood,9.4,extreme,high,2024-08-24T00:00:00+00:00,12,17.7,170.0,77.8,22,51,324.8,26400,cyber,cyber_network_threat_dataset,HAZ-FLO-EXT-0233,2026-04-13 05:38:23,Fraud,Fake Portal,Fake Charity,Healthcare Organisation,Fake Payment,True,0.81,,,,,
HZ_00216,e006bf5c-e0e1-49a1-82b2-596ed8364cca,Western Australia,Perth Metro,Perth,bushfire,9.6,extreme,high,2025-02-25T00:00:00+00:00,24,43.3,1.9,5.0,13,146,191.77,4505,cyber,cyber_network_threat_dataset,HAZ-BUS-EXT-0234,2026-04-11 02:55:23,Misinformation,Social Media Post,Fake Government Account,Relief Organisation,False Evacuation,True,0.84,,,,,
HZ_01156,8fb83afe-8450-455f-b6d7-a4ef412ee83c,Northern Territory,Top End,Darwin,cyclone,9.0,extreme,high,2025-11-20T00:00:00+00:00,6,29.8,162.8,80.6,37,93,185.46,61113,cyber,cyber_network_threat_dataset,HAZ-CYC-EXT-0235,2026-04-11 10:37:23,Ransomware,Malicious Attachment,,Citizens,Data Exposure,True,0.93,,,,,
HZ_00325,96e3656a-37bf-40de-ae22-30c6edebd247,Victoria,Melbourne Metro,Melbourne,flood,8.6,extreme,high,2024-07-23T00:00:00+00:00,6,24.5,80.1,72.2,32,126,295.21,54365,cyber,cyber_network_threat_dataset,HAZ-FLO-EXT-0236,2026-04-14 18:38:23,DDoS,Botnet Traffic,,Healthcare Organisation,Service Unavailable,False,0.89,,,,,
HZ_01354,e2a979e9-0468-4f10-8b80-bcc255ad99f1,New South Wales,Greater Sydney,Parramatta,earthquake,4.2,moderate,low,2024-04-01T00:00:00+00:00,6,14.3,7.1,31.1,15,73,134.0,24647,cyber,cyber_network_threat_dataset,HAZ-EAR-MOD-0237,2026-04-12 01:13:23,Phishing,Fake Website,Charity Organisation,Government Agency,Malware Download,True,0.82,,,,,
HZ_00267,25f6ec03-9690-4c6f-ae9a-e97e76445659,Northern Territory,Top End,Darwin,storm,9.3,extreme,high,2025-04-14T00:00:00+00:00,24,28.3,29.1,49.1,17,163,410.89,23526,cyber,cyber_network_threat_dataset,HAZ-STO-EXT-0238,2026-04-16 00:02:23,Ransomware,Malicious Attachment,,Healthcare Organisation,Service Disruption,False,0.92,,,,,
HZ_00327,98c12c5d-82bb-455b-ad79-3210313a4ae8,Northern Territory,Top End,Darwin,flood,9.8,extreme,high,2024-04-04T00:00:00+00:00,6,24.9,113.3,93.4,38,128,212.86,45393,cyber,cyber_network_threat_dataset,HAZ-FLO-EXT-0239,2026-04-14 19:54:23,DDoS,Botnet Traffic,,Healthcare Organisation,Delayed Response,False,0.92,,,,,
HZ_01159,8c98ff47-7cf5-402a-978a-c695214879df,Queensland,Gold Coast Region,Surfers Paradise,cyclone,9.0,extreme,high,2025-04-05T00:00:00+00:00,72,27.6,155.5,91.1,6,57,364.83,36295,cyber,cyber_network_threat_dataset,HAZ-CYC-EXT-0240,2026-04-11 02:44:23,DDoS,Botnet Traffic,,Relief Organisation,Service Unavailable,True,0.95,,,,,
HZ_00618,2036f618-43ad-49c7-8611-b649502fd3b8,Queensland,Gold Coast Region,Surfers Paradise,earthquake,6.5,severe,medium,2025-05-23T00:00:00+00:00,6,19.5,28.7,47.4,0,69,138.24,64633,cyber,cyber_network_threat_dataset,HAZ-EAR-SEV-0241,2026-04-15 18:37:23,Ransomware,Credential Theft,,Citizens,Service Disruption,True,0.93,,,,,
HZ_00939,c05f8884-1054-47fa-9d4f-e9cbd7e8750a,Northern Territory,Top End,Darwin,cyclone,5.1,moderate,medium,2024-05-21T00:00:00+00:00,72,29.1,280.3,97.7,1,98,23.98,39442,cyber,cyber_network_threat_dataset,HAZ-CYC-MOD-0242,2026-04-10 01:47:23,Phishing,Fake Website,Government Relief Agency,Government Agency,Malware Download,True,0.74,,,,,
HZ_00856,f2b89870-3389-45fa-8a7a-55efaf0d9045,Tasmania,Southern Region,Hobart,cyclone,7.0,severe,medium,2025-11-10T00:00:00+00:00,24,28.2,328.2,85.0,32,106,71.58,62355,cyber,cyber_network_threat_dataset,HAZ-CYC-SEV-0243,2026-04-10 21:22:23,Ransomware,Credential Theft,,Citizens,System Encryption,True,0.78,,,,,
HZ_00349,a50a72d5-7c89-4b41-8109-75a7150c65e3,Victoria,Barwon South West,Geelong,flood,8.7,extreme,high,2025-11-26T00:00:00+00:00,6,24.4,102.7,90.0,7,100,110.17,78160,cyber,cyber_network_threat_dataset,HAZ-FLO-EXT-0244,2026-04-11 18:43:23,API Abuse,Scripted Requests,,Emergency Services,Unauthorised Data Access,True,0.88,,,,,
HZ_01361,6603441d-7a73-4595-8f27-99a1882628b2,Victoria,Barwon South West,Geelong,earthquake,5.7,moderate,medium,2024-11-13T00:00:00+00:00,72,26.4,12.4,64.0,1,60,140.57,6706,cyber,cyber_network_threat_dataset,HAZ-EAR-MOD-0245,2026-04-16 07:24:23,Phishing,SMS,Government Relief Agency,Citizens,Financial Loss,False,0.96,,,,,
HZ_00246,af3ed611-fec3-4856-8c4f-3850264dd0ad,Queensland,Gold Coast Region,Surfers Paradise,bushfire,5.7,moderate,medium,2024-02-19T00:00:00+00:00,48,43.6,1.8,5.0,22,104,37.52,21807,cyber,cyber_network_threat_dataset,HAZ-BUS-MOD-0246,2026-04-11 11:20:23,API Abuse,Scripted Requests,,Emergency Services,Record Manipulation,False,0.95,,,,,
HZ_01167,bac3041d-ac41-4591-b8b2-2a057879e734,Victoria,Barwon South West,Geelong,cyclone,9.9,extreme,high,2024-10-16T00:00:00+00:00,48,25.6,182.3,,33,164,279.07,3868,cyber,cyber_network_threat_dataset,HAZ-CYC-EXT-0247,2026-04-16 21:44:23,API Abuse,Token Misuse,,Healthcare Organisation,Record Manipulation,True,0.93,,,,,
HZ_01452,528503e6-a39c-4379-a8ef-80dff1548706,New South Wales,Greater Sydney,Parramatta,earthquake,5.2,moderate,medium,2024-04-04T00:00:00+00:00,6,21.5,11.1,72.5,0,31,28.44,34619,cyber,cyber_network_threat_dataset,HAZ-EAR-MOD-0248,2026-04-13 04:16:23,Emergency Alert Compromise,System Exploit,Official Warning Service,Government Agency,False Warning Sent,True,0.83,,,,,
HZ_01177,df7d84cf-357a-43c0-bc10-639360e82bd2,New South Wales,Greater Sydney,Parramatta,cyclone,8.7,extreme,high,2025-05-30T00:00:00+00:00,24,24.8,273.2,97.7,8,173,318.04,77211,cyber,cyber_network_threat_dataset,HAZ-CYC-EXT-0249,2026-04-15 04:38:23,Phishing,SMS,Insurance Provider,Healthcare Organisation,Financial Loss,False,0.81,,,,,
HZ_01261,e112db6d-7047-4a67-815f-bee37adac55e,Victoria,Melbourne Metro,Melbourne,cyclone,9.1,extreme,high,2024-04-26T00:00:00+00:00,72,31.1,293.2,85.3,4,158,322.39,12889,cyber,cyber_network_threat_dataset,HAZ-CYC-EXT-0250,2026-04-15 11:12:23,Phishing,SMS,Government Relief Agency,Government Agency,Financial Loss,True,0.76,,,,,
HZ_00218,aca3663a-f7ca-462b-b449-64257fe09fea,Tasmania,Southern Region,Hobart,bushfire,9.0,extreme,high,2025-09-21T00:00:00+00:00,6,48.9,1.7,5.6,1,93,140.81,20784,cyber,cyber_network_threat_dataset,HAZ-BUS-EXT-0251,2026-04-16 09:36:23,Phishing,Email,Insurance Provider,Emergency Services,Malware Download,False,0.86,,,,,
HZ_00183,b4f3977e-d634-4fe6-b2d4-220fec1c2dbb,Tasmania,Southern Region,Hobart,storm,6.4,severe,medium,2025-11-26T00:00:00+00:00,12,10.6,42.5,74.8,12,53,39.93,53470,cyber,cyber_network_threat_dataset,HAZ-STO-SEV-0252,2026-04-11 17:50:23,Phishing,Email,Emergency Services,Critical Infrastructure,Malware Download,True,0.7,,,,,
HZ_00730,e800063f-c921-4461-bb9e-a32823adc1cf,Western Australia,Perth Metro,Perth,earthquake,6.2,severe,medium,2025-04-01T00:00:00+00:00,24,28.6,44.3,47.9,10,77,209.86,16326,cyber,cyber_network_threat_dataset,HAZ-EAR-SEV-0253,2026-04-11 01:26:23,Misinformation,Social Media Post,Fake Government Account,Emergency Services,False Evacuation,False,0.95,,,,,
HZ_00258,1119f8f0-c457-4785-ac16-3472fc6d7e5e,Victoria,Barwon South West,Geelong,flood,3.6,moderate,low,2024-06-20T00:00:00+00:00,48,22.5,181.2,85.3,11,47,173.54,10779,cyber,cyber_network_threat_dataset,HAZ-FLO-MOD-0254,2026-04-15 10:22:23,Phishing,Fake Website,Insurance Provider,Relief Organisation,Financial Loss,True,0.9,,,,,
HZ_01461,240bc1a9-56d5-405d-9c4a-5bce9fef05f1,New South Wales,Greater Sydney,Parramatta,earthquake,3.7,moderate,low,2024-03-07T00:00:00+00:00,6,19.9,32.2,70.0,17,61,142.13,2543,cyber,cyber_network_threat_dataset,HAZ-EAR-MOD-0255,2026-04-10 05:25:23,Phishing,Email,Insurance Provider,Relief Organisation,Malware Download,True,0.92,,,,,
HZ_00224,741cc021-41af-40e1-90d6-c841f979150e,South Australia,Adelaide Metro,Adelaide,heatwave,6.0,severe,medium,2025-10-20T00:00:00+00:00,48,49.0,0.0,18.7,23,111,118.92,49133,cyber,cyber_network_threat_dataset,HAZ-HEA-SEV-0256,2026-04-12 22:11:23,Phishing,Email,Government Relief Agency,Critical Infrastructure,Financial Loss,False,0.71,,,,,
HZ_01150,2aa716ec-d201-4f90-81d2-cb9e9047b636,Victoria,Barwon South West,Geelong,cyclone,4.6,moderate,low,2025-09-17T00:00:00+00:00,12,29.3,270.2,96.5,2,53,31.51,6269,cyber,cyber_network_threat_dataset,HAZ-CYC-MOD-0257,2026-04-15 06:02:23,Phishing,Email,Charity Organisation,Critical Infrastructure,Malware Download,True,0.81,,,,,
HZ_00175,00b3797d-ed61-49da-bf27-1c087f1eefd9,South Australia,Adelaide Metro,Adelaide,heatwave,3.7,moderate,low,2025-12-14T00:00:00+00:00,48,44.3,0.0,13.7,11,45,158.44,22823,cyber,cyber_network_threat_dataset,HAZ-HEA-MOD-0258,2026-04-12 01:41:23,Fraud,Fake Portal,Fake Charity,Relief Organisation,Fake Payment,False,0.98,,,,,
HZ_00366,31a7d2c7-5694-46c8-80c9-4332291a5673,Victoria,Melbourne Metro,Melbourne,flood,9.4,extreme,high,2024-05-14T00:00:00+00:00,12,24.8,173.9,72.3,5,158,177.45,12612,cyber,cyber_network_threat_dataset,HAZ-FLO-EXT-0259,2026-04-11 15:55:23,Fraud,Social Media,Relief Support Officer,Healthcare Organisation,Fake Payment,False,0.71,,,,,
HZ_00257,5482ef1b-28b4-4dc7-b68e-e8a1a6e7b562,South Australia,Adelaide Metro,Adelaide,bushfire,8.8,extreme,high,2025-01-16T00:00:00+00:00,24,41.6,0.5,5.0,34,57,183.4,45433,cyber,cyber_network_threat_dataset,HAZ-BUS-EXT-0260,2026-04-16 13:31:23,Misinformation,Deepfake Video,Unofficial News Page,Government Agency,False Evacuation,False,0.93,,,,,
HZ_00125,349c0359-f9e0-4516-b1cb-0b61d6f384dd,Victoria,Barwon South West,Geelong,bushfire,7.7,severe,medium,2025-10-25T00:00:00+00:00,6,51.5,0.6,5.0,9,62,309.24,6733,cyber,cyber_network_threat_dataset,HAZ-BUS-SEV-0261,2026-04-15 08:18:23,Phishing,Email,Government Relief Agency,Emergency Services,Malware Download,False,0.9,,,,,
HZ_01325,4b9af929-514e-46aa-874e-66ced14c371b,Victoria,Barwon South West,Geelong,cyclone,9.0,extreme,high,2024-05-03T00:00:00+00:00,6,27.6,248.8,87.0,18,145,47.57,54747,cyber,cyber_network_threat_dataset,HAZ-CYC-EXT-0262,2026-04-12 23:47:23,Phishing,SMS,Emergency Services,Critical Infrastructure,Credential Theft,False,0.72,,,,,
HZ_00700,a6041c30-64e2-42cb-98b6-9d04ea207704,South Australia,Adelaide Metro,Adelaide,heatwave,9.7,extreme,high,2024-01-15T00:00:00+00:00,48,55.9,0.0,9.8,29,126,461.09,95560,cyber,cyber_network_threat_dataset,HAZ-HEA-EXT-0263,2026-04-15 02:09:23,Misinformation,Social Media Post,Anonymous Social Media Account,Emergency Services,False Evacuation,False,0.9,,,,,
HZ_00896,2478c827-abc8-4871-81cf-99f7d9a660b0,New South Wales,Hunter Region,Newcastle,cyclone,8.3,severe,high,2025-05-22T00:00:00+00:00,24,28.4,173.7,90.9,22,99,16.4,67829,cyber,cyber_network_threat_dataset,HAZ-CYC-SEV-0264,2026-04-16 00:53:23,Data Breach,Unsecured API,,Healthcare Organisation,Personal Data Leak,False,0.96,,,,,
HZ_00192,3f7080c5-adba-484b-a9d7-f092002d709e,Queensland,Gold Coast Region,Surfers Paradise,storm,8.4,severe,high,2024-07-20T00:00:00+00:00,6,19.9,20.1,58.3,13,113,383.11,52031,cyber,cyber_network_threat_dataset,HAZ-STO-SEV-0265,2026-04-10 11:32:23,Misinformation,Social Media Post,Unofficial News Page,Relief Organisation,Public Confusion,True,0.76,,,,,
HZ_00261,f2776541-2d07-4e09-8b0f-7c54ad6f32e9,Queensland,Gold Coast Region,Surfers Paradise,flood,5.6,moderate,medium,2024-07-11T00:00:00+00:00,12,16.4,81.1,84.0,7,97,207.12,6847,cyber,cyber_network_threat_dataset,HAZ-FLO-MOD-0266,2026-04-14 03:55:23,Data Breach,Unsecured API,,Relief Organisation,Personal Data Leak,True,0.92,,,,,
HZ_01173,a26494b8-9718-44b4-b970-b2d88f8036b7,Queensland,Gold Coast Region,Surfers Paradise,cyclone,5.5,moderate,medium,2025-10-14T00:00:00+00:00,48,30.1,164.2,80.8,10,52,256.72,8893,cyber,cyber_network_threat_dataset,HAZ-CYC-MOD-0267,2026-04-13 06:36:23,Data Breach,Stolen Credentials,,Government Agency,Sensitive Record Exposure,False,0.86,,,,,
HZ_00308,fbac17eb-68ea-4808-a2ee-583a2a939d1b,Northern Territory,Top End,Darwin,bushfire,9.0,extreme,high,2024-03-19T00:00:00+00:00,12,50.1,0.5,,17,60,36.12,50419,cyber,cyber_network_threat_dataset,HAZ-BUS-EXT-0268,2026-04-13 04:48:23,Ransomware,Credential Theft,,Citizens,Service Disruption,True,0.95,,,,,
HZ_01526,270aec6e-c43b-4683-8ac7-63c3413b59e6,New South Wales,Hunter Region,Newcastle,cyclone,9.0,extreme,high,2025-04-05T00:00:00+00:00,12,24.2,288.9,90.5,23,123,164.64,67175,cyber,cyber_network_threat_dataset,HAZ-CYC-EXT-0269,2026-04-13 02:11:23,Ransomware,Credential Theft,,Citizens,Service Disruption,False,0.74,,,,,
HZ_01466,a286fe58-88e4-4b2a-9683-b9db25d3d3a1,Western Australia,Perth Metro,Perth,earthquake,5.7,moderate,medium,2025-10-13T00:00:00+00:00,48,24.8,18.7,59.7,3,93,254.22,41586,cyber,cyber_network_threat_dataset,HAZ-EAR-MOD-0270,2026-04-12 19:08:23,Emergency Alert Compromise,System Exploit,Official Warning Service,Relief Organisation,False Warning Sent,False,0.77,,,,,
HZ_00190,3174e61d-e635-4cdc-bdbd-847b8000ce19,Northern Territory,Top End,Darwin,heatwave,4.5,moderate,low,2025-09-12T00:00:00+00:00,6,48.2,0.0,19.3,11,33,24.8,31077,cyber,cyber_network_threat_dataset,HAZ-HEA-MOD-0271,2026-04-10 20:12:23,Ransomware,Malicious Attachment,,Healthcare Organisation,Service Disruption,True,0.86,,,,,
HZ_00139,7562a38c-83ed-4c90-906f-440e119d935f,Queensland,Gold Coast Region,Surfers Paradise,flood,6.9,severe,medium,2025-06-29T00:00:00+00:00,72,21.7,90.7,88.5,26,53,129.71,1097,cyber,cyber_network_threat_dataset,HAZ-FLO-SEV-0272,2026-04-16 15:56:23,Phishing,Email,Emergency Services,Citizens,Malware Download,True,0.83,,,,,
HZ_01615,19ca5fce-b5d5-468a-a5b2-f1ff32ec7c67,Western Australia,Perth Metro,Perth,cyclone,9.4,extreme,high,2025-05-18T00:00:00+00:00,12,31.7,325.8,96.0,32,157,15.57,64320,cyber,cyber_network_threat_dataset,HAZ-CYC-EXT-0273,2026-04-13 04:09:23,Fraud,Social Media,Repair Contractor,Critical Infrastructure,Fake Payment,False,0.81,,,,,
HZ_00127,d90010f3-56dc-4b65-a24e-ccac626b6a4e,New South Wales,Greater Sydney,Parramatta,bushfire,7.3,severe,medium,2024-01-02T00:00:00+00:00,48,43.4,1.6,18.1,19,98,323.45,62315,cyber,cyber_network_threat_dataset,HAZ-BUS-SEV-0274,2026-04-15 08:59:23,Phishing,SMS,Government Relief Agency,Citizens,Credential Theft,True,0.72,,,,,
HZ_00945,3bd10937-2d3b-43d5-9346-7bda3c5852d7,Queensland,South East QLD,Brisbane,cyclone,7.1,severe,medium,2025-11-26T00:00:00+00:00,24,27.6,275.5,86.5,21,46,305.89,57534,cyber,cyber_network_threat_dataset,HAZ-CYC-SEV-0275,2026-04-14 06:46:23,API Abuse,Token Misuse,,Relief Organisation,Record Manipulation,False,0.88,,,,,
HZ_00596,ce00d105-9744-4065-b607-4bdc1d6abaa0,Western Australia,Perth Metro,Perth,earthquake,9.3,extreme,high,2024-10-26T00:00:00+00:00,6,26.7,4.5,60.2,37,167,203.27,92606,cyber,cyber_network_threat_dataset,HAZ-EAR-EXT-0276,2026-04-16 03:55:23,Fraud,Fake Portal,Relief Support Officer,Critical Infrastructure,False Claim Submission,False,0.78,,,,,
HZ_00339,0e4a085b-8f0a-448d-a3ec-7f7b506cbe9f,Victoria,Melbourne Metro,Melbourne,bushfire,9.6,extreme,high,2025-02-08T00:00:00+00:00,24,45.8,0.5,5.0,27,190,63.05,74972,cyber,cyber_network_threat_dataset,HAZ-BUS-EXT-0277,2026-04-14 08:18:23,API Abuse,Scripted Requests,,Government Agency,Unauthorised Data Access,False,0.91,,,,,
HZ_00769,580ceb9a-2e23-46c0-b594-ed87eba33774,Victoria,Melbourne Metro,Melbourne,earthquake,6.8,severe,medium,2024-10-02T00:00:00+00:00,48,24.4,37.0,59.0,3,71,61.55,36220,cyber,cyber_network_threat_dataset,HAZ-EAR-SEV-0278,2026-04-11 00:36:23,Phishing,SMS,Emergency Services,Healthcare Organisation,Malware Download,False,0.77,,,,,
HZ_01493,e6f2706d-2e1b-4db1-8111-50b292dc9911,South Australia,Adelaide Metro,Adelaide,earthquake,5.5,moderate,medium,2024-03-18T00:00:00+00:00,72,19.9,24.2,34.6,12,94,267.43,28100,cyber,cyber_network_threat_dataset,HAZ-EAR-MOD-0279,2026-04-11 00:28:23,Misinformation,Social Media Post,Anonymous Social Media Account,Emergency Services,Trust Erosion,False,0.98,,,,,
HZ_01723,635225d3-0578-4cc2-af5d-55e0cfbda394,Victoria,Barwon South West,Geelong,cyclone,9.4,extreme,high,2025-11-01T00:00:00+00:00,12,29.1,329.7,93.5,11,108,444.47,64350,cyber,cyber_network_threat_dataset,HAZ-CYC-EXT-0280,2026-04-15 15:34:23,DDoS,Botnet Traffic,,Citizens,Delayed Response,True,0.72,,,,,
HZ_00236,7423f64d-f8e1-4044-a0d6-582a7f2bb4f6,Tasmania,Southern Region,Hobart,heatwave,3.7,moderate,low,2025-12-31T00:00:00+00:00,48,50.5,0.0,19.6,8,19,128.35,33623,cyber,cyber_network_threat_dataset,HAZ-HEA-MOD-0281,2026-04-15 10:46:23,DDoS,Botnet Traffic,,Healthcare Organisation,Delayed Response,False,0.72,,,,,
HZ_00165,e40f5f67-1039-42ca-90e5-40b0b2eb1797,Queensland,Gold Coast Region,Surfers Paradise,flood,7.0,severe,medium,2025-04-17T00:00:00+00:00,24,16.1,150.8,87.4,25,119,156.54,47467,cyber,cyber_network_threat_dataset,HAZ-FLO-SEV-0282,2026-04-16 01:14:23,Fraud,Fake Portal,Repair Contractor,Healthcare Organisation,Identity Theft,False,0.94,,,,,
HZ_00201,e22bd42e-150e-4113-96bf-e2158ee66160,Tasmania,Southern Region,Hobart,storm,5.8,moderate,medium,2024-08-06T00:00:00+00:00,72,15.9,27.6,79.2,8,39,278.13,47652,cyber,cyber_network_threat_dataset,HAZ-STO-MOD-0283,2026-04-12 13:19:23,Emergency Alert Compromise,System Exploit,Emergency Alert System,Citizens,Mass Panic Triggered,False,0.97,,,,,
HZ_00211,63d4c029-496b-4ead-b087-bf0e5d6b1ea9,Victoria,Melbourne Metro,Melbourne,storm,4.5,moderate,low,2024-04-13T00:00:00+00:00,24,21.3,24.4,70.4,10,32,45.26,16705,cyber,cyber_network_threat_dataset,HAZ-STO-MOD-0284,2026-04-10 19:20:23,DDoS,Botnet Traffic,,Healthcare Organisation,Delayed Response,False,0.72,,,,,
HZ_00128,64aa1939-0968-4e9f-9b71-a28ab7b96de1,New South Wales,Hunter Region,Newcastle,bushfire,7.5,severe,medium,2024-11-30T00:00:00+00:00,6,49.2,1.8,12.0,35,96,47.1,57135,cyber,cyber_network_threat_dataset,HAZ-BUS-SEV-0285,2026-04-12 02:13:23,Data Breach,Stolen Credentials,,Healthcare Organisation,Personal Data Leak,True,0.97,,,,,
HZ_00390,760f9b3d-202a-4e1c-8d5c-e4dd6e06eed2,New South Wales,Hunter Region,Newcastle,flood,9.4,extreme,high,2025-07-16T00:00:00+00:00,6,20.0,122.5,91.0,30,130,204.4,55243,cyber,cyber_network_threat_dataset,HAZ-FLO-EXT-0286,2026-04-11 20:49:23,Phishing,Fake Website,Government Relief Agency,Critical Infrastructure,Financial Loss,False,0.87,,,,,
HZ_00229,3255223c-ae64-4310-99be-fdf7c87e02b4,New South Wales,Hunter Region,Newcastle,storm,3.9,moderate,low,2024-06-10T00:00:00+00:00,6,25.7,41.0,67.2,6,45,136.92,28342,cyber,cyber_network_threat_dataset,HAZ-STO-MOD-0287,2026-04-16 02:03:23,Fraud,Phone Call,Fake Charity,Citizens,Identity Theft,False,0.81,,,,,
HZ_00728,0cceb7bc-1225-467d-a159-0cd105b2d9f2,Western Australia,Perth Metro,Perth,heatwave,9.8,extreme,high,2024-12-17T00:00:00+00:00,12,56.6,0.0,16.4,26,77,479.85,81459,cyber,cyber_network_threat_dataset,HAZ-HEA-EXT-0288,2026-04-15 18:05:23,Ransomware,Malicious Attachment,,Healthcare Organisation,System Encryption,False,0.91,,,,,
HZ_00166,c02c5d73-75f9-4d53-8f02-75e070f76d7f,South Australia,Adelaide Metro,Adelaide,flood,8.1,severe,high,2025-11-28T00:00:00+00:00,12,24.7,111.5,72.8,0,87,97.81,21099,cyber,cyber_network_threat_dataset,HAZ-FLO-SEV-0289,2026-04-16 21:21:23,Fraud,Phone Call,Relief Support Officer,Citizens,Fake Payment,True,0.81,,,,,
HZ_00647,bb929c7b-e785-491f-8a96-039b655750d0,Victoria,Melbourne Metro,Melbourne,earthquake,9.9,extreme,high,2024-09-05T00:00:00+00:00,24,11.8,11.6,61.0,21,163,126.36,15910,cyber,cyber_network_threat_dataset,HAZ-EAR-EXT-0290,2026-04-13 15:07:23,Fraud,Social Media,Repair Contractor,Emergency Services,Fake Payment,True,0.9,,,,,
HZ_01176,b5131507-161c-4ecf-8f7a-a5c322955891,New South Wales,Greater Sydney,Parramatta,cyclone,5.1,moderate,medium,2024-10-26T00:00:00+00:00,72,28.5,293.1,98.2,19,84,250.54,17072,cyber,cyber_network_threat_dataset,HAZ-CYC-MOD-0291,2026-04-14 00:54:23,Fraud,Fake Portal,Repair Contractor,Relief Organisation,Identity Theft,False,0.86,,,,,
HZ_00786,3745f234-476b-4cf2-946a-5d1b9e04c4db,Victoria,Melbourne Metro,Melbourne,earthquake,7.3,severe,medium,2024-03-15T00:00:00+00:00,48,29.8,23.1,40.5,17,60,305.11,36491,cyber,cyber_network_threat_dataset,HAZ-EAR-SEV-0292,2026-04-16 08:59:23,Data Breach,Stolen Credentials,,Emergency Services,Personal Data Leak,False,0.81,,,,,
HZ_00893,1946c046-4215-4f51-856d-6ef998eb2e4f,Victoria,Melbourne Metro,Melbourne,heatwave,9.9,extreme,high,2024-12-20T00:00:00+00:00,6,45.1,0.0,10.3,20,89,166.04,51943,cyber,cyber_network_threat_dataset,HAZ-HEA-EXT-0293,2026-04-13 08:59:23,Data Breach,Unsecured API,,Government Agency,Personal Data Leak,False,0.83,,,,,
HZ_00279,5f9505f7-57b0-4c15-bce0-29aa1db838cd,New South Wales,Hunter Region,Newcastle,heatwave,4.4,moderate,low,2024-05-29T00:00:00+00:00,12,43.6,0.0,24.5,6,74,5.6,41133,cyber,cyber_network_threat_dataset,HAZ-HEA-MOD-0294,2026-04-15 07:48:23,Misinformation,Deepfake Video,Anonymous Social Media Account,Healthcare Organisation,Public Confusion,True,0.74,,,,,
HZ_00295,5393b575-0c85-4e89-9ec0-9b854c92a504,Northern Territory,Top End,Darwin,heatwave,5.2,moderate,medium,2025-11-09T00:00:00+00:00,24,44.8,0.0,14.9,19,76,173.01,17746,cyber,cyber_network_threat_dataset,HAZ-HEA-MOD-0295,2026-04-15 21:26:23,DDoS,Botnet Traffic,,Critical Infrastructure,Service Unavailable,False,0.8,,,,,
HZ_00285,50f240b7-450a-47e9-b18c-37a4a5a5e1f6,Tasmania,Southern Region,Hobart,heatwave,7.1,severe,medium,2025-10-06T00:00:00+00:00,72,43.2,0.0,,21,132,176.97,6360,cyber,cyber_network_threat_dataset,HAZ-HEA-SEV-0296,2026-04-15 12:39:23,Misinformation,Deepfake Video,Unofficial News Page,Healthcare Organisation,False Evacuation,False,0.81,,,,,
HZ_00171,9571a408-bfcd-45f3-a5cc-1a6dca5ce2e7,Queensland,Gold Coast Region,Surfers Paradise,flood,8.0,severe,high,2024-10-16T00:00:00+00:00,6,24.3,92.0,87.9,1,42,104.74,73417,cyber,cyber_network_threat_dataset,HAZ-FLO-SEV-0297,2026-04-12 03:40:23,Misinformation,Social Media Post,Anonymous Social Media Account,Relief Organisation,Public Confusion,True,0.72,,,,,
HZ_01622,73e3acbb-a881-43a4-b536-32c67c92d68c,Victoria,Melbourne Metro,Melbourne,earthquake,4.0,moderate,low,2024-10-07T00:00:00+00:00,12,14.1,2.4,31.2,2,43,160.8,26677,cyber,cyber_network_threat_dataset,HAZ-EAR-MOD-0298,2026-04-15 10:27:23,Fraud,Fake Portal,Relief Support Officer,Critical Infrastructure,False Claim Submission,True,0.82,,,,,
HZ_00302,3cc8ff6a-b04f-4187-a3de-17d7747306ab,Western Australia,Perth Metro,Perth,heatwave,5.1,moderate,medium,2025-04-20T00:00:00+00:00,12,52.6,0.0,17.3,0,41,132.55,21338,cyber,cyber_network_threat_dataset,HAZ-HEA-MOD-0299,2026-04-12 15:31:23,Misinformation,Social Media Post,Anonymous Social Media Account,Relief Organisation,Public Confusion,False,0.72,,,,,
HZ_00129,dc5776da-a119-44d5-ae1b-3d28071779ad,Western Australia,Perth Metro,Perth,bushfire,6.5,severe,medium,2024-04-30T00:00:00+00:00,12,42.5,0.0,5.0,13,62,66.3,11279,cyber,cyber_network_threat_dataset,HAZ-BUS-SEV-0300,2026-04-16 03:23:23,Misinformation,Social Media Post,Fake Government Account,Citizens,False Evacuation,True,0.94,,,,,
HZ_00232,6e90a039-2d88-4ffe-b26e-ada984aa5c17,New South Wales,Hunter Region,Newcastle,storm,5.0,moderate,medium,2024-01-15T00:00:00+00:00,72,25.3,26.3,74.1,19,26,153.17,13666,cyber,cyber_network_threat_dataset,HAZ-STO-MOD-0301,2026-04-15 07:39:23,Misinformation,Deepfake Video,Unofficial News Page,Relief Organisation,Public Confusion,False,0.72,,,,,
HZ_00263,69864d05-2767-454c-9621-dd78f3dd06f2,New South Wales,Greater Sydney,Parramatta,flood,5.4,moderate,medium,2025-11-28T00:00:00+00:00,72,21.5,87.2,88.0,12,27,105.91,44414,cyber,cyber_network_threat_dataset,HAZ-FLO-MOD-0302,2026-04-14 20:31:23,Fraud,Phone Call,Repair Contractor,Citizens,Identity Theft,False,0.71,,,,,
HZ_00173,276b26dd-941d-43ac-8283-b43f28e0fe32,Northern Territory,Top End,Darwin,flood,7.5,severe,medium,2024-11-09T00:00:00+00:00,48,15.5,137.4,74.1,12,43,96.5,13525,cyber,cyber_network_threat_dataset,HAZ-FLO-SEV-0303,2026-04-13 22:51:23,Phishing,SMS,Insurance Provider,Relief Organisation,Credential Theft,False,0.74,,,,,
HZ_00247,9dfad973-a34d-425d-b6c5-53dacdbf26f3,Tasmania,Southern Region,Hobart,bushfire,3.6,moderate,low,2024-05-29T00:00:00+00:00,48,42.4,1.9,11.2,4,67,72.82,10396,cyber,cyber_network_threat_dataset,HAZ-BUS-MOD-0304,2026-04-11 05:30:23,Fraud,Social Media,Relief Support Officer,Critical Infrastructure,Identity Theft,True,0.99,,,,,
HZ_00199,b0ed64ee-3823-42eb-866d-cf0f9e69a913,Queensland,Gold Coast Region,Surfers Paradise,storm,7.7,severe,medium,2024-07-17T00:00:00+00:00,48,17.1,22.7,45.5,5,109,23.28,7652,cyber,cyber_network_threat_dataset,HAZ-STO-SEV-0305,2026-04-13 00:07:23,API Abuse,Scripted Requests,,Citizens,Record Manipulation,True,0.78,,,,,
HZ_00405,58b7fd00-414d-44cc-9277-a591e85404c1,Northern Territory,Top End,Darwin,flood,9.9,extreme,high,2024-08-15T00:00:00+00:00,12,22.3,98.7,,40,154,85.95,31400,cyber,cyber_network_threat_dataset,HAZ-FLO-EXT-0306,2026-04-11 23:02:23,Data Breach,Unsecured API,,Citizens,Personal Data Leak,True,0.86,,,,,
HZ_00315,24aedfa8-2f71-447a-9abb-45fb9e9d2975,New South Wales,Hunter Region,Newcastle,heatwave,4.8,moderate,low,2024-12-21T00:00:00+00:00,72,50.3,0.0,6.0,18,62,172.96,5752,cyber,cyber_network_threat_dataset,HAZ-HEA-MOD-0307,2026-04-10 11:07:23,Fraud,Phone Call,Repair Contractor,Citizens,Fake Payment,False,0.95,,,,,
HZ_00301,64e49802-73a6-4439-8724-c48c9fdcfc82,South Australia,Adelaide Metro,Adelaide,storm,9.8,extreme,high,2025-04-07T00:00:00+00:00,12,20.9,44.6,64.7,34,183,168.01,73582,cyber,cyber_network_threat_dataset,HAZ-STO-EXT-0308,2026-04-14 10:43:23,Phishing,SMS,Government Relief Agency,Emergency Services,Credential Theft,True,0.87,,,,,
HZ_00307,3e0a9e31-f9fb-480c-88aa-d10a556ec079,Victoria,Barwon South West,Geelong,storm,8.9,extreme,high,2025-03-02T00:00:00+00:00,6,20.3,40.3,54.8,6,103,26.5,45982,cyber,cyber_network_threat_dataset,HAZ-STO-EXT-0309,2026-04-10 21:53:23,Ransomware,Credential Theft,,Citizens,Data Exposure,True,0.97,,,,,
HZ_00360,8767814a-65c9-4d30-93e7-e9d33f4d18ee,Tasmania,Southern Region,Hobart,bushfire,9.7,extreme,high,2024-12-16T00:00:00+00:00,12,50.0,0.8,5.0,6,171,477.4,83564,cyber,cyber_network_threat_dataset,HAZ-BUS-EXT-0310,2026-04-10 19:26:23,Phishing,SMS,Charity Organisation,Critical Infrastructure,Malware Download,False,0.96,,,,,
HZ_00176,2414312b-3e90-4f65-8428-95ee1dfc7192,Victoria,Barwon South West,Geelong,flood,7.3,severe,medium,2024-11-16T00:00:00+00:00,12,15.2,204.6,92.6,2,61,224.76,42076,cyber,cyber_network_threat_dataset,HAZ-FLO-SEV-0311,2026-04-12 13:59:23,Data Breach,Stolen Credentials,,Government Agency,Personal Data Leak,False,0.92,,,,,
HZ_00275,8dbaf367-96fa-4d19-989f-e57acbd869cf,Queensland,Gold Coast Region,Surfers Paradise,flood,5.7,moderate,medium,2025-06-10T00:00:00+00:00,12,18.9,93.8,95.1,17,71,269.08,37661,cyber,cyber_network_threat_dataset,HAZ-FLO-MOD-0312,2026-04-11 05:25:23,Misinformation,Social Media Post,Anonymous Social Media Account,Citizens,False Evacuation,True,0.73,,,,,
HZ_00933,4f1c9af5-4521-4ff2-a337-e7792f76e8af,New South Wales,Hunter Region,Newcastle,heatwave,9.3,extreme,high,2025-12-13T00:00:00+00:00,72,52.2,0.0,6.1,8,165,98.5,50234,cyber,cyber_network_threat_dataset,HAZ-HEA-EXT-0313,2026-04-10 11:06:23,Misinformation,Social Media Post,Fake Government Account,Relief Organisation,Public Confusion,True,0.92,,,,,
HZ_00179,ee077e3c-ba76-4b34-be74-5db728f53052,Western Australia,Perth Metro,Perth,flood,6.9,severe,medium,2025-09-01T00:00:00+00:00,48,21.3,192.3,99.5,19,84,313.03,10422,cyber,cyber_network_threat_dataset,HAZ-FLO-SEV-0314,2026-04-13 23:44:23,Phishing,SMS,Government Relief Agency,Government Agency,Financial Loss,False,0.74,,,,,
HZ_00406,8a07c42e-e6d8-4a44-9e82-7661c60cf1f2,New South Wales,Greater Sydney,Parramatta,flood,10.0,extreme,high,2025-08-08T00:00:00+00:00,24,20.6,121.6,97.6,29,71,433.81,4619,cyber,cyber_network_threat_dataset,HAZ-FLO-EXT-0315,2026-04-11 02:48:23,Fraud,Phone Call,Fake Charity,Emergency Services,False Claim Submission,True,0.94,,,,,
HZ_00331,d1151b4a-21ee-4d7e-b3fa-5ae9b203c120,Victoria,Melbourne Metro,Melbourne,heatwave,4.3,moderate,low,2024-12-19T00:00:00+00:00,6,42.4,0.0,9.5,8,48,138.79,38554,cyber,cyber_network_threat_dataset,HAZ-HEA-MOD-0316,2026-04-11 16:25:23,Phishing,Email,Government Relief Agency,Healthcare Organisation,Malware Download,False,0.71,,,,,
HZ_00364,31694abc-a484-4ed0-89f8-0c59653b2870,Queensland,South East QLD,Brisbane,bushfire,8.8,extreme,high,2024-05-31T00:00:00+00:00,6,49.2,1.4,13.4,36,84,318.52,14190,cyber,cyber_network_threat_dataset,HAZ-BUS-EXT-0317,2026-04-11 00:28:23,Phishing,SMS,Charity Organisation,Relief Organisation,Malware Download,False,0.75,,,,,
HZ_00378,72d1cc4f-9a53-4d4b-8ed8-7357e7db6f2c,New South Wales,Hunter Region,Newcastle,bushfire,9.5,extreme,high,2025-02-09T00:00:00+00:00,24,51.3,0.3,,17,68,404.27,85921,cyber,cyber_network_threat_dataset,HAZ-BUS-EXT-0318,2026-04-11 12:40:23,Data Breach,Stolen Credentials,,Emergency Services,Sensitive Record Exposure,False,0.83,,,,,
HZ_00381,1a5db6d9-d566-4c9c-98e9-23b5c34bbffc,New South Wales,Greater Sydney,Parramatta,bushfire,9.8,extreme,high,2025-12-11T00:00:00+00:00,48,43.5,1.7,5.0,42,106,70.7,55166,cyber,cyber_network_threat_dataset,HAZ-BUS-EXT-0319,2026-04-13 23:31:23,Phishing,SMS,Emergency Services,Critical Infrastructure,Financial Loss,False,0.88,,,,,
HZ_00146,abb726a1-acb3-4796-88f1-dfb3704c29ea,New South Wales,Greater Sydney,Parramatta,bushfire,7.1,severe,medium,2025-03-29T00:00:00+00:00,12,43.6,0.7,,21,53,206.1,48419,cyber,cyber_network_threat_dataset,HAZ-BUS-SEV-0320,2026-04-12 12:34:23,Fraud,Phone Call,Fake Charity,Healthcare Organisation,False Claim Submission,True,0.97,,,,,
HZ_00235,40e6a943-71ae-4279-a561-8e960062b37d,South Australia,Adelaide Metro,Adelaide,storm,3.7,moderate,low,2024-04-21T00:00:00+00:00,72,19.7,27.5,37.6,13,37,115.49,6310,cyber,cyber_network_threat_dataset,HAZ-STO-MOD-0321,2026-04-13 22:39:23,Fraud,Phone Call,Repair Contractor,Healthcare Organisation,Identity Theft,True,0.79,,,,,
HZ_00319,daeda7ce-4b57-4031-9afb-58359f57c346,Western Australia,Perth Metro,Perth,storm,9.0,extreme,high,2024-08-05T00:00:00+00:00,12,14.0,16.3,53.4,36,60,90.05,52612,cyber,cyber_network_threat_dataset,HAZ-STO-EXT-0322,2026-04-14 06:58:23,DDoS,Botnet Traffic,,Healthcare Organisation,Delayed Response,True,0.71,,,,,
HZ_01726,289466a4-b2d5-4672-8364-c3bc4b25d18e,New South Wales,Hunter Region,Newcastle,cyclone,8.7,extreme,high,2024-10-10T00:00:00+00:00,12,25.2,176.8,82.1,11,142,278.86,70781,cyber,cyber_network_threat_dataset,HAZ-CYC-EXT-0323,2026-04-14 12:21:23,Emergency Alert Compromise,System Exploit,Official Warning Service,Critical Infrastructure,False Warning Sent,True,0.85,,,,,
HZ_00210,df516280-f23f-4e4a-8206-d2a7a349d855,Victoria,Barwon South West,Geelong,storm,6.5,severe,medium,2024-09-02T00:00:00+00:00,72,20.9,2.6,52.5,14,67,107.65,47830,cyber,cyber_network_threat_dataset,HAZ-STO-SEV-0324,2026-04-11 12:49:23,Fraud,Social Media,Relief Support Officer,Healthcare Organisation,Identity Theft,True,0.83,,,,,
HZ_00147,8bcec3be-d42e-4193-9a73-9afa1046dcba,Queensland,Gold Coast Region,Surfers Paradise,bushfire,8.2,severe,high,2025-11-03T00:00:00+00:00,48,44.8,0.6,18.2,20,140,345.98,63554,cyber,cyber_network_threat_dataset,HAZ-BUS-SEV-0325,2026-04-10 11:14:23,Misinformation,Social Media Post,Unofficial News Page,Citizens,False Evacuation,True,0.76,,,,,
HZ_00425,b53cf2b4-b128-46fc-ae9b-d5c1d347703d,Queensland,Gold Coast Region,Surfers Paradise,flood,9.4,extreme,high,2025-08-17T00:00:00+00:00,72,23.9,148.5,70.8,32,98,227.39,14537,cyber,cyber_network_threat_dataset,HAZ-FLO-EXT-0326,2026-04-13 03:37:23,Misinformation,Social Media Post,Anonymous Social Media Account,Government Agency,False Evacuation,False,0.85,,,,,
HZ_00148,d921f528-1dbd-45de-bf93-471f80178c68,Victoria,Barwon South West,Geelong,bushfire,7.7,severe,medium,2024-04-07T00:00:00+00:00,24,52.4,0.3,10.6,30,126,56.8,49465,cyber,cyber_network_threat_dataset,HAZ-BUS-SEV-0327,2026-04-13 05:19:23,Phishing,SMS,Government Relief Agency,Relief Organisation,Financial Loss,False,0.79,,,,,
HZ_00303,42580ef8-867d-49c8-bcfd-20bee5a8fafc,Queensland,Gold Coast Region,Surfers Paradise,flood,4.3,moderate,low,2025-07-18T00:00:00+00:00,72,19.1,183.6,84.6,6,57,21.59,36494,cyber,cyber_network_threat_dataset,HAZ-FLO-MOD-0328,2026-04-11 21:06:23,API Abuse,Token Misuse,,Healthcare Organisation,Record Manipulation,True,0.74,,,,,
HZ_00353,ec708974-1bc9-4cf9-b34b-7db2f41e9faa,South Australia,Adelaide Metro,Adelaide,heatwave,4.3,moderate,low,2025-01-02T00:00:00+00:00,72,46.0,0.0,22.5,10,62,58.44,22012,cyber,cyber_network_threat_dataset,HAZ-HEA-MOD-0329,2026-04-12 00:41:23,Data Breach,Stolen Credentials,,Emergency Services,Sensitive Record Exposure,True,0.78,,,,,
HZ_01191,56ada977-bcef-425a-a4e5-6a48ec596a7a,Victoria,Melbourne Metro,Melbourne,cyclone,4.0,moderate,low,2025-09-26T00:00:00+00:00,72,30.3,202.8,84.1,14,70,153.69,33737,cyber,cyber_network_threat_dataset,HAZ-CYC-MOD-0330,2026-04-15 21:28:23,Emergency Alert Compromise,Stolen Credentials,Official Warning Service,Relief Organisation,False Warning Sent,True,0.84,,,,,
HZ_00167,1cc03cba-ff60-4673-9929-b9952a969d70,Tasmania,Southern Region,Hobart,bushfire,7.8,severe,medium,2024-02-19T00:00:00+00:00,24,46.4,1.9,5.0,34,106,151.96,22398,cyber,cyber_network_threat_dataset,HAZ-BUS-SEV-0331,2026-04-15 00:09:23,Phishing,SMS,Emergency Services,Healthcare Organisation,Financial Loss,True,0.72,,,,,
HZ_00968,b358854f-e16b-424c-a285-9196837d7408,New South Wales,Greater Sydney,Parramatta,heatwave,8.8,extreme,high,2025-11-07T00:00:00+00:00,12,55.5,0.0,9.5,42,114,102.55,45864,cyber,cyber_network_threat_dataset,HAZ-HEA-EXT-0332,2026-04-12 07:39:23,Data Breach,Stolen Credentials,,Healthcare Organisation,Personal Data Leak,False,0.79,,,,,
HZ_00806,fbbcc382-ca52-4df2-93ef-6bf6692232d3,Northern Territory,Top End,Darwin,earthquake,7.2,severe,medium,2024-11-06T00:00:00+00:00,48,26.4,32.0,48.0,22,110,325.56,39555,cyber,cyber_network_threat_dataset,HAZ-EAR-SEV-0333,2026-04-10 22:45:23,Phishing,Email,Insurance Provider,Healthcare Organisation,Malware Download,False,0.89,,,,,
HZ_01235,3e68d761-5e96-4a45-93d4-51a8616ab4d2,Victoria,Melbourne Metro,Melbourne,cyclone,5.1,moderate,medium,2024-05-23T00:00:00+00:00,6,26.2,174.7,89.7,12,73,63.88,41431,cyber,cyber_network_threat_dataset,HAZ-CYC-MOD-0334,2026-04-12 07:19:23,Fraud,Social Media,Fake Charity,Government Agency,False Claim Submission,False,0.93,,,,,
HZ_00429,cad796a6-c538-472e-99dd-2875207041f7,Tasmania,Southern Region,Hobart,flood,9.1,extreme,high,2024-08-13T00:00:00+00:00,48,24.1,165.5,93.3,9,95,91.35,52693,cyber,cyber_network_threat_dataset,HAZ-FLO-EXT-0335,2026-04-12 18:39:23,Phishing,Email,Emergency Services,Emergency Services,Malware Download,False,0.75,,,,,
HZ_00253,8e23fca1-6531-46be-9ec0-30b723fca384,Victoria,Melbourne Metro,Melbourne,bushfire,5.3,moderate,medium,2025-04-25T00:00:00+00:00,6,40.0,0.5,10.4,18,49,47.46,17915,cyber,cyber_network_threat_dataset,HAZ-BUS-MOD-0336,2026-04-13 16:04:23,Phishing,Fake Website,Emergency Services,Critical Infrastructure,Financial Loss,True,0.94,,,,,
HZ_00321,5af95676-e8f1-4202-ba54-19c4b17fd86b,Queensland,Gold Coast Region,Surfers Paradise,flood,5.0,moderate,medium,2024-06-06T00:00:00+00:00,24,19.9,153.7,76.7,10,38,23.0,3934,cyber,cyber_network_threat_dataset,HAZ-FLO-MOD-0337,2026-04-11 06:25:23,Phishing,Fake Website,Emergency Services,Healthcare Organisation,Malware Download,False,0.95,,,,,
HZ_01021,2904e73c-617b-4757-8c02-7b081ab9fe97,South Australia,Adelaide Metro,Adelaide,heatwave,8.9,extreme,high,2025-04-30T00:00:00+00:00,6,50.0,0.0,17.1,19,144,235.18,73832,cyber,cyber_network_threat_dataset,HAZ-HEA-EXT-0338,2026-04-16 14:59:23,Ransomware,Malicious Attachment,,Healthcare Organisation,Service Disruption,False,0.86,,,,,
HZ_00328,2821a4b0-e953-48f3-a2f9-be58c525a903,Victoria,Melbourne Metro,Melbourne,storm,9.6,extreme,high,2024-01-08T00:00:00+00:00,6,17.3,36.8,52.8,45,87,386.18,13435,cyber,cyber_network_threat_dataset,HAZ-STO-EXT-0339,2026-04-16 15:22:23,Fraud,Fake Portal,Fake Charity,Healthcare Organisation,False Claim Submission,True,0.99,,,,,
HZ_00984,d60a5093-e1cf-412c-8ecc-01556da6fa83,South Australia,Adelaide Metro,Adelaide,cyclone,7.7,severe,medium,2024-09-10T00:00:00+00:00,48,30.5,151.7,81.6,29,53,220.94,16110,cyber,cyber_network_threat_dataset,HAZ-CYC-SEV-0340,2026-04-11 02:14:23,DDoS,Botnet Traffic,,Critical Infrastructure,Service Unavailable,True,0.98,,,,,
HZ_00387,b1bf8e35-9100-4c1e-8e9e-dc6be7a2886e,South Australia,Adelaide Metro,Adelaide,bushfire,9.7,extreme,high,2024-02-28T00:00:00+00:00,48,52.4,0.2,9.4,14,106,161.27,83054,cyber,cyber_network_threat_dataset,HAZ-BUS-EXT-0341,2026-04-10 16:38:23,Fraud,Phone Call,Relief Support Officer,Emergency Services,False Claim Submission,False,0.99,,,,,
HZ_01876,21146f9c-04b5-4f42-879f-76000a710731,Queensland,Gold Coast Region,Surfers Paradise,cyclone,9.0,extreme,high,2024-03-26T00:00:00+00:00,12,26.4,238.1,98.4,18,50,84.97,81160,cyber,cyber_network_threat_dataset,HAZ-CYC-EXT-0342,2026-04-11 20:06:23,Misinformation,Deepfake Video,Anonymous Social Media Account,Government Agency,Public Confusion,True,0.82,,,,,
HZ_00259,7a52499d-92d1-400c-9deb-4c49a22676fe,Tasmania,Southern Region,Hobart,bushfire,3.7,moderate,low,2024-01-24T00:00:00+00:00,24,44.1,1.6,10.4,5,70,172.92,31873,cyber,cyber_network_threat_dataset,HAZ-BUS-MOD-0343,2026-04-15 09:07:23,Data Breach,Unsecured API,,Critical Infrastructure,Sensitive Record Exposure,True,0.76,,,,,
HZ_00324,2565f7cc-4ba7-45b6-b2a3-4a7e9163ebb0,Tasmania,Southern Region,Hobart,heatwave,7.7,severe,medium,2025-04-18T00:00:00+00:00,24,54.7,0.0,18.1,15,124,142.1,27725,cyber,cyber_network_threat_dataset,HAZ-HEA-SEV-0344,2026-04-13 17:18:23,Misinformation,Deepfake Video,Fake Government Account,Government Agency,False Evacuation,False,0.73,,,,,
HZ_00404,554f21f2-9f80-4ccb-ac05-f669d4894a41,Queensland,South East QLD,Brisbane,heatwave,7.3,severe,medium,2025-01-13T00:00:00+00:00,48,43.0,0.0,19.6,23,66,164.28,59710,cyber,cyber_network_threat_dataset,HAZ-HEA-SEV-0345,2026-04-11 02:15:23,Phishing,Fake Website,Insurance Provider,Relief Organisation,Credential Theft,True,0.82,,,,,
HZ_00180,8a70d4ad-472b-4496-b65d-3d2ff6cbc7cb,Queensland,South East QLD,Brisbane,flood,6.6,severe,medium,2025-06-07T00:00:00+00:00,48,21.9,120.0,70.1,25,98,322.82,44664,cyber,cyber_network_threat_dataset,HAZ-FLO-SEV-0346,2026-04-13 07:12:23,Phishing,Fake Website,Charity Organisation,Healthcare Organisation,Financial Loss,False,0.73,,,,,
HZ_00243,f6701bfb-f206-426a-9ac6-518997a6107a,Queensland,South East QLD,Brisbane,storm,4.4,moderate,low,2025-01-19T00:00:00+00:00,48,24.8,16.8,57.1,11,31,98.99,43315,cyber,cyber_network_threat_dataset,HAZ-STO-MOD-0347,2026-04-13 21:33:23,Ransomware,Credential Theft,,Government Agency,System Encryption,True,0.97,,,,,
HZ_01330,dff898a0-712c-4d0e-96f9-6a05642243ad,South Australia,Adelaide Metro,Adelaide,cyclone,5.4,moderate,medium,2024-03-18T00:00:00+00:00,48,29.4,180.0,97.8,17,96,222.21,36014,cyber,cyber_network_threat_dataset,HAZ-CYC-MOD-0348,2026-04-15 18:25:23,DDoS,Botnet Traffic,,Relief Organisation,Service Unavailable,False,0.88,,,,,
HZ_00805,82efdab8-2cc3-4d87-a29f-f2f750c1d36b,New South Wales,Hunter Region,Newcastle,earthquake,9.4,extreme,high,2024-11-06T00:00:00+00:00,72,26.7,42.1,59.9,25,127,307.29,88971,cyber,cyber_network_threat_dataset,HAZ-EAR-EXT-0349,2026-04-10 20:46:23,Misinformation,Social Media Post,Fake Government Account,Critical Infrastructure,False Evacuation,False,0.97,,,,,
HZ_01711,345257b2-3bf4-4d21-b565-266d9a62e7b0,Queensland,South East QLD,Brisbane,earthquake,5.2,moderate,medium,2024-03-21T00:00:00+00:00,72,23.3,38.0,53.3,8,65,123.96,5630,cyber,cyber_network_threat_dataset,HAZ-EAR-MOD-0350,2026-04-14 09:22:23,Fraud,Fake Portal,Repair Contractor,Critical Infrastructure,Fake Payment,False,0.95,,,,,
HZ_00840,4dabe016-8002-4465-b57a-1ee88552949d,Tasmania,Southern Region,Hobart,earthquake,9.9,extreme,high,2025-03-17T00:00:00+00:00,48,19.8,7.6,,36,191,134.41,19835,cyber,cyber_network_threat_dataset,HAZ-EAR-EXT-0351,2026-04-13 01:34:23,Data Breach,Stolen Credentials,,Citizens,Sensitive Record Exposure,False,0.99,,,,,
HZ_01863,65313a75-15c0-4b1c-99a1-d57293d85dd8,Queensland,South East QLD,Brisbane,earthquake,3.8,moderate,low,2025-03-07T00:00:00+00:00,6,27.9,43.1,50.9,15,50,169.34,4546,cyber,cyber_network_threat_dataset,HAZ-EAR-MOD-0352,2026-04-10 08:13:23,Fraud,Phone Call,Fake Charity,Critical Infrastructure,False Claim Submission,True,0.8,,,,,
HZ_00266,bdd5221a-802f-4436-9462-3ddab93b41aa,Tasmania,Southern Region,Hobart,bushfire,5.3,moderate,medium,2024-01-11T00:00:00+00:00,72,47.8,1.4,18.3,17,46,162.88,39302,cyber,cyber_network_threat_dataset,HAZ-BUS-MOD-0353,2026-04-16 15:36:23,Fraud,Phone Call,Fake Charity,Critical Infrastructure,Fake Payment,True,0.8,,,,,
HZ_00394,9778cfaa-97ec-484a-86ad-e0fd76842f34,Victoria,Barwon South West,Geelong,heatwave,5.2,moderate,medium,2024-02-09T00:00:00+00:00,6,42.3,0.0,23.1,13,27,99.33,27495,cyber,cyber_network_threat_dataset,HAZ-HEA-MOD-0354,2026-04-12 22:04:23,Fraud,Phone Call,Repair Contractor,Relief Organisation,False Claim Submission,False,0.78,,,,,
HZ_00272,fdcba981-cbb9-4f49-bfcf-d23971fc536a,Victoria,Melbourne Metro,Melbourne,bushfire,5.0,moderate,medium,2024-10-25T00:00:00+00:00,24,37.7,0.1,13.3,3,48,122.55,3190,cyber,cyber_network_threat_dataset,HAZ-BUS-MOD-0355,2026-04-15 08:47:23,Misinformation,Social Media Post,Anonymous Social Media Account,Healthcare Organisation,False Evacuation,True,0.92,,,,,
HZ_00330,7bd33ec1-e075-4144-9a54-01602b7f68eb,Queensland,South East QLD,Brisbane,flood,4.0,moderate,low,2024-10-14T00:00:00+00:00,6,19.7,94.2,93.1,3,37,154.5,34343,cyber,cyber_network_threat_dataset,HAZ-FLO-MOD-0356,2026-04-14 09:59:23,Fraud,Fake Portal,Fake Charity,Citizens,False Claim Submission,False,0.76,,,,,
HZ_00182,a37114b4-3bd2-44d1-ad8a-38309ceefd99,New South Wales,Hunter Region,Newcastle,flood,6.7,severe,medium,2024-06-29T00:00:00+00:00,72,19.2,110.7,89.6,0,54,69.94,24136,cyber,cyber_network_threat_dataset,HAZ-FLO-SEV-0357,2026-04-10 23:59:23,Phishing,Fake Website,Government Relief Agency,Citizens,Credential Theft,True,0.73,,,,,
HZ_00270,3abb7813-346f-41da-9940-b30034b596c3,Northern Territory,Top End,Darwin,storm,4.7,moderate,low,2025-04-28T00:00:00+00:00,72,19.9,15.9,71.7,12,90,142.95,40643,cyber,cyber_network_threat_dataset,HAZ-STO-MOD-0358,2026-04-12 12:12:23,Phishing,Fake Website,Government Relief Agency,Critical Infrastructure,Credential Theft,True,0.9,,,,,
HZ_00970,b26d3508-f25f-4ccd-895e-052ad470ea2a,Victoria,Melbourne Metro,Melbourne,earthquake,9.1,extreme,high,2025-05-27T00:00:00+00:00,6,22.3,38.0,37.2,39,148,262.79,46195,cyber,cyber_network_threat_dataset,HAZ-EAR-EXT-0359,2026-04-10 10:33:23,Emergency Alert Compromise,Stolen Credentials,Official Warning Service,Relief Organisation,Mass Panic Triggered,True,0.94,,,,,
HZ_00382,94463ab4-ff13-4173-8503-a31a04753da8,Victoria,Barwon South West,Geelong,flood,3.5,moderate,low,2025-08-10T00:00:00+00:00,72,17.3,169.4,94.6,7,18,96.01,31943,cyber,cyber_network_threat_dataset,HAZ-FLO-MOD-0360,2026-04-15 00:58:23,DDoS,Botnet Traffic,,Critical Infrastructure,Delayed Response,True,0.91,,,,,
HZ_00999,266f3907-ea0b-4b42-b2ea-4f0193f3514c,New South Wales,Hunter Region,Newcastle,cyclone,8.0,severe,high,2024-10-21T00:00:00+00:00,72,24.5,273.6,92.7,8,119,330.29,9816,cyber,cyber_network_threat_dataset,HAZ-CYC-SEV-0361,2026-04-13 21:27:23,Phishing,Fake Website,Insurance Provider,Relief Organisation,Credential Theft,True,0.92,,,,,
HZ_00439,f3dedf49-faa3-458b-91e5-06f2e8b319e4,New South Wales,Hunter Region,Newcastle,bushfire,8.9,extreme,high,2024-01-21T00:00:00+00:00,72,45.2,0.3,12.1,23,106,287.48,48314,cyber,cyber_network_threat_dataset,HAZ-BUS-EXT-0362,2026-04-11 08:40:23,Phishing,SMS,Government Relief Agency,Healthcare Organisation,Malware Download,True,0.92,,,,,
HZ_01964,42336bbc-ba19-4182-ae09-1aff36cd415e,Victoria,Barwon South West,Geelong,cyclone,8.6,extreme,high,2024-11-19T00:00:00+00:00,48,24.6,261.0,97.4,12,136,363.24,34346,cyber,cyber_network_threat_dataset,HAZ-CYC-EXT-0363,2026-04-14 21:39:23,Ransomware,Malicious Attachment,,Critical Infrastructure,Data Exposure,False,0.93,,,,,
HZ_00456,9f5ed0b4-0137-47bb-a2af-a4f624e17900,Northern Territory,Top End,Darwin,heatwave,8.4,severe,high,2024-03-26T00:00:00+00:00,6,55.5,0.0,9.0,29,83,309.96,33112,cyber,cyber_network_threat_dataset,HAZ-HEA-SEV-0364,2026-04-15 19:03:23,Data Breach,Stolen Credentials,,Relief Organisation,Personal Data Leak,False,0.74,,,,,
HZ_00426,fdcd2fbd-a352-4563-852b-0a53cd8cfe10,New South Wales,Greater Sydney,Parramatta,heatwave,5.5,moderate,medium,2025-12-06T00:00:00+00:00,24,42.1,0.0,7.0,26,77,221.59,51763,cyber,cyber_network_threat_dataset,HAZ-HEA-MOD-0365,2026-04-12 07:58:23,Ransomware,Credential Theft,,Healthcare Organisation,Service Disruption,True,0.82,,,,,
HZ_00543,072a4c7b-258f-4e39-a48f-2dc9d1ecc047,Victoria,Barwon South West,Geelong,heatwave,6.8,severe,medium,2025-11-24T00:00:00+00:00,48,50.1,0.0,20.0,22,103,209.38,49803,cyber,cyber_network_threat_dataset,HAZ-HEA-SEV-0366,2026-04-15 22:29:23,Misinformation,Social Media Post,Unofficial News Page,Relief Organisation,False Evacuation,True,0.98,,,,,
HZ_00407,b9e63100-057a-470e-b33a-82299d994af6,Northern Territory,Top End,Darwin,flood,3.8,moderate,low,2024-05-06T00:00:00+00:00,72,18.1,172.2,99.6,2,55,84.59,12254,cyber,cyber_network_threat_dataset,HAZ-FLO-MOD-0367,2026-04-10 13:05:23,Phishing,Email,Emergency Services,Emergency Services,Financial Loss,True,0.97,,,,,
HZ_00332,a3cc3aae-88f8-436f-9ddd-f3a8a21817d4,Northern Territory,Top End,Darwin,storm,8.9,extreme,high,2024-05-20T00:00:00+00:00,72,24.0,44.0,62.5,39,165,284.59,19190,cyber,cyber_network_threat_dataset,HAZ-STO-EXT-0368,2026-04-10 16:03:23,DDoS,Botnet Traffic,,Emergency Services,Delayed Response,False,0.83,,,,,
HZ_00300,8c6af4b2-6bc2-4f10-b500-1c16584ffdd9,New South Wales,Hunter Region,Newcastle,storm,5.4,moderate,medium,2024-05-10T00:00:00+00:00,72,25.2,8.7,67.9,17,86,17.9,25392,cyber,cyber_network_threat_dataset,HAZ-STO-MOD-0369,2026-04-13 08:36:23,Fraud,Social Media,Repair Contractor,Healthcare Organisation,Identity Theft,True,0.71,,,,,
HZ_01356,5ed17079-25c5-4ddb-8323-0b44f23eb388,Western Australia,Perth Metro,Perth,cyclone,4.1,moderate,low,2024-11-09T00:00:00+00:00,24,25.3,179.4,85.0,16,50,174.34,36337,cyber,cyber_network_threat_dataset,HAZ-CYC-MOD-0370,2026-04-14 14:24:23,Misinformation,Deepfake Video,Fake Government Account,Government Agency,Public Confusion,False,0.96,,,,,
HZ_00348,36a38c49-e933-481b-b8a6-6cd1a16d2a93,Queensland,South East QLD,Brisbane,storm,8.9,extreme,high,2025-08-07T00:00:00+00:00,12,27.1,6.2,54.8,38,96,182.15,62213,cyber,cyber_network_threat_dataset,HAZ-STO-EXT-0371,2026-04-13 12:29:23,DDoS,Botnet Traffic,,Healthcare Organisation,Delayed Response,False,0.88,,,,,
HZ_00899,a67cbc31-5bad-4886-a2c3-34322c96a42c,New South Wales,Hunter Region,Newcastle,earthquake,8.2,severe,high,2025-10-01T00:00:00+00:00,72,20.3,1.2,49.5,34,126,157.86,63112,cyber,cyber_network_threat_dataset,HAZ-EAR-SEV-0372,2026-04-15 22:49:23,Misinformation,Social Media Post,Unofficial News Page,Emergency Services,False Evacuation,False,0.89,,,,,
HZ_01062,59349f2c-bcca-4833-b611-fb1919e03c60,New South Wales,Greater Sydney,Parramatta,cyclone,6.2,severe,medium,2024-05-08T00:00:00+00:00,6,26.9,158.2,97.1,24,84,129.79,44796,cyber,cyber_network_threat_dataset,HAZ-CYC-SEV-0373,2026-04-09 23:29:23,Emergency Alert Compromise,Stolen Credentials,Official Warning Service,Healthcare Organisation,Mass Panic Triggered,True,0.83,,,,,
HZ_00411,d7fd7c2a-d7ac-4c70-b111-8d360a44aa7e,South Australia,Adelaide Metro,Adelaide,flood,3.5,moderate,low,2025-03-22T00:00:00+00:00,6,23.5,68.0,81.4,7,19,153.84,23538,cyber,cyber_network_threat_dataset,HAZ-FLO-MOD-0374,2026-04-12 11:14:23,Phishing,Fake Website,Charity Organisation,Government Agency,Malware Download,True,0.84,,,,,
HZ_00170,859c7c7a-a4ec-4f90-92c2-49fbbd55a354,New South Wales,Hunter Region,Newcastle,bushfire,7.4,severe,medium,2025-10-24T00:00:00+00:00,48,48.7,1.3,17.7,23,68,77.53,32964,cyber,cyber_network_threat_dataset,HAZ-BUS-SEV-0375,2026-04-15 14:22:23,Misinformation,Deepfake Video,Unofficial News Page,Emergency Services,Public Confusion,True,0.92,,,,,
HZ_00274,9d72eb4f-286d-4b98-baea-3828776bfeec,New South Wales,Greater Sydney,Parramatta,bushfire,4.5,moderate,low,2024-11-09T00:00:00+00:00,24,44.3,0.2,21.5,11,29,154.04,10587,cyber,cyber_network_threat_dataset,HAZ-BUS-MOD-0376,2026-04-11 02:32:23,DDoS,Botnet Traffic,,Emergency Services,Delayed Response,True,0.75,,,,,
HZ_01077,0630758a-4fc9-40c6-97c3-01ce9a87e992,New South Wales,Greater Sydney,Parramatta,earthquake,8.9,extreme,high,2025-10-02T00:00:00+00:00,72,18.4,23.6,71.8,18,73,315.17,61079,cyber,cyber_network_threat_dataset,HAZ-EAR-EXT-0377,2026-04-15 14:28:23,Misinformation,Deepfake Video,Anonymous Social Media Account,Critical Infrastructure,False Evacuation,False,0.77,,,,,
HZ_02150,b8503a96-d81e-47a6-ae75-e1600b41f3f2,Victoria,Barwon South West,Geelong,earthquake,5.6,moderate,medium,2024-11-05T00:00:00+00:00,24,24.3,4.5,,16,106,154.09,37629,cyber,cyber_network_threat_dataset,HAZ-EAR-MOD-0378,2026-04-10 10:47:23,DDoS,Botnet Traffic,,Healthcare Organisation,Service Unavailable,False,0.84,,,,,
HZ_00356,784fea08-d729-47e4-ad57-052020bdf393,Northern Territory,Top End,Darwin,storm,8.9,extreme,high,2025-08-25T00:00:00+00:00,48,23.1,37.0,73.3,31,107,17.11,73548,cyber,cyber_network_threat_dataset,HAZ-STO-EXT-0379,2026-04-13 06:14:23,Data Breach,Stolen Credentials,,Critical Infrastructure,Sensitive Record Exposure,True,0.84,,,,,
HZ_01179,a6919eb1-8aa2-4dcf-a625-61b3245784ab,New South Wales,Hunter Region,Newcastle,earthquake,8.6,extreme,high,2024-11-30T00:00:00+00:00,6,25.2,49.6,34.1,22,82,78.13,66228,cyber,cyber_network_threat_dataset,HAZ-EAR-EXT-0380,2026-04-11 13:50:23,Fraud,Social Media,Repair Contractor,Critical Infrastructure,False Claim Submission,True,0.86,,,,,
HZ_00550,6ef1ef88-1fe9-4b42-97ae-9d7d2db4dfbf,Northern Territory,Top End,Darwin,heatwave,7.0,severe,medium,2025-05-06T00:00:00+00:00,6,50.1,0.0,,29,110,144.41,54669,cyber,cyber_network_threat_dataset,HAZ-HEA-SEV-0381,2026-04-12 04:18:23,Phishing,Email,Insurance Provider,Relief Organisation,Credential Theft,False,0.96,,,,,
HZ_00185,2309bd38-93f4-45f1-af9b-8b6a3976abbe,Victoria,Barwon South West,Geelong,flood,6.7,severe,medium,2025-05-19T00:00:00+00:00,6,21.9,126.1,91.9,21,38,197.62,15607,cyber,cyber_network_threat_dataset,HAZ-FLO-SEV-0382,2026-04-10 10:58:23,API Abuse,Token Misuse,,Emergency Services,Unauthorised Data Access,False,0.98,,,,,
HZ_00507,ef25aac6-2fba-4747-9b21-7b68814c3a69,Victoria,Melbourne Metro,Melbourne,bushfire,8.6,extreme,high,2025-12-03T00:00:00+00:00,12,44.6,1.0,20.5,29,158,205.53,66518,cyber,cyber_network_threat_dataset,HAZ-BUS-EXT-0383,2026-04-13 12:11:23,Fraud,Social Media,Fake Charity,Critical Infrastructure,Identity Theft,False,0.77,,,,,
HZ_01270,8bc8bd37-3565-4d41-bdd1-b88aec6fd5ff,Tasmania,Southern Region,Hobart,earthquake,9.3,extreme,high,2025-05-17T00:00:00+00:00,72,24.0,20.8,30.6,41,166,59.5,45793,cyber,cyber_network_threat_dataset,HAZ-EAR-EXT-0384,2026-04-13 16:05:23,Ransomware,Malicious Attachment,,Critical Infrastructure,System Encryption,True,0.81,,,,,
HZ_00213,40865624-5878-44fe-8ca6-4693cb3f7fa7,New South Wales,Greater Sydney,Parramatta,storm,7.0,severe,medium,2024-12-02T00:00:00+00:00,48,10.2,29.0,35.6,11,68,179.26,42331,cyber,cyber_network_threat_dataset,HAZ-STO-SEV-0385,2026-04-15 23:42:23,Phishing,Email,Government Relief Agency,Citizens,Financial Loss,False,0.74,,,,,
HZ_00555,7ba6998a-aa29-4223-adf4-3da1aea25066,Western Australia,Perth Metro,Perth,heatwave,7.7,severe,medium,2025-09-15T00:00:00+00:00,12,45.3,0.0,18.3,0,129,290.2,964,cyber,cyber_network_threat_dataset,HAZ-HEA-SEV-0386,2026-04-12 02:48:23,Data Breach,Unsecured API,,Citizens,Sensitive Record Exposure,True,0.82,,,,,
HZ_00320,201753f9-c005-4e73-8278-fd1942ff41d3,New South Wales,Greater Sydney,Parramatta,storm,5.3,moderate,medium,2024-07-24T00:00:00+00:00,48,29.9,42.2,45.9,25,58,226.02,35448,cyber,cyber_network_threat_dataset,HAZ-STO-MOD-0387,2026-04-15 20:12:23,Fraud,Phone Call,Fake Charity,Citizens,Identity Theft,False,0.83,,,,,
HZ_01076,d93ae0cd-8d1a-4a06-8992-2b8625994775,Victoria,Melbourne Metro,Melbourne,heatwave,9.5,extreme,high,2024-11-23T00:00:00+00:00,72,47.3,0.0,7.0,4,103,29.88,31537,cyber,cyber_network_threat_dataset,HAZ-HEA-EXT-0388,2026-04-13 03:56:23,Data Breach,Unsecured API,,Government Agency,Personal Data Leak,False,0.87,,,,,
HZ_00383,90592416-82bc-41fd-9a01-782af8eef535,Queensland,South East QLD,Brisbane,storm,9.9,extreme,high,2024-04-05T00:00:00+00:00,6,18.3,20.3,59.6,14,135,109.96,91316,cyber,cyber_network_threat_dataset,HAZ-STO-EXT-0389,2026-04-15 04:57:23,Data Breach,Unsecured API,,Emergency Services,Sensitive Record Exposure,True,0.87,,,,,
HZ_01398,fbcdb7ad-8f34-402c-b042-c61a715e0256,New South Wales,Hunter Region,Newcastle,cyclone,3.7,moderate,low,2024-10-03T00:00:00+00:00,72,28.9,170.2,88.2,10,25,60.55,20523,cyber,cyber_network_threat_dataset,HAZ-CYC-MOD-0390,2026-04-14 15:36:23,Phishing,Fake Website,Insurance Provider,Healthcare Organisation,Credential Theft,False,0.88,,,,,
HZ_00512,8f92fa54-e189-40e6-b019-bcd556a8ff7c,Victoria,Melbourne Metro,Melbourne,bushfire,9.8,extreme,high,2025-02-27T00:00:00+00:00,6,41.1,0.7,10.5,31,161,177.9,62048,cyber,cyber_network_threat_dataset,HAZ-BUS-EXT-0391,2026-04-12 03:41:23,Data Breach,Unsecured API,,Government Agency,Personal Data Leak,True,0.75,,,,,
HZ_00202,d94dc085-e65a-4b1c-89eb-85e64701db06,New South Wales,Greater Sydney,Parramatta,flood,6.6,severe,medium,2024-05-24T00:00:00+00:00,72,17.0,122.2,75.7,2,105,267.08,27158,cyber,cyber_network_threat_dataset,HAZ-FLO-SEV-0392,2026-04-14 06:49:23,Data Breach,Unsecured API,,Government Agency,Sensitive Record Exposure,True,0.82,,,,,
HZ_00435,1e62a4c7-47c1-47f1-933f-3454aaa89257,New South Wales,Greater Sydney,Parramatta,flood,5.7,moderate,medium,2025-05-19T00:00:00+00:00,72,16.8,100.4,78.3,16,74,160.03,21295,cyber,cyber_network_threat_dataset,HAZ-FLO-MOD-0393,2026-04-11 00:21:23,DDoS,Botnet Traffic,,Government Agency,Delayed Response,True,0.96,,,,,
HZ_01118,de25ee57-d9b7-406f-b67e-dc3a96e17b30,Queensland,South East QLD,Brisbane,cyclone,8.2,severe,high,2024-04-16T00:00:00+00:00,72,24.7,245.2,94.6,25,159,197.96,59470,cyber,cyber_network_threat_dataset,HAZ-CYC-SEV-0394,2026-04-13 08:20:23,Phishing,Fake Website,Insurance Provider,Citizens,Financial Loss,True,0.8,,,,,
HZ_01130,6ba980c0-223e-4566-8f19-16cb96836e0c,Victoria,Melbourne Metro,Melbourne,heatwave,8.8,extreme,high,2025-01-24T00:00:00+00:00,6,47.0,0.0,5.3,30,105,166.07,54426,cyber,cyber_network_threat_dataset,HAZ-HEA-EXT-0395,2026-04-13 00:41:23,DDoS,Botnet Traffic,,Healthcare Organisation,Delayed Response,True,0.73,,,,,
HZ_00323,e95ec2e3-2c1d-4238-9808-426845b4d6a4,Victoria,Melbourne Metro,Melbourne,storm,4.8,moderate,low,2024-07-29T00:00:00+00:00,24,12.0,18.4,44.5,13,29,188.25,11156,cyber,cyber_network_threat_dataset,HAZ-STO-MOD-0396,2026-04-13 00:49:23,Fraud,Phone Call,Relief Support Officer,Government Agency,Identity Theft,False,0.93,,,,,
HZ_00177,96c836a3-7ba5-4c55-bfe9-1fbd68b40d12,New South Wales,Greater Sydney,Parramatta,bushfire,7.1,severe,medium,2024-04-03T00:00:00+00:00,48,44.9,0.2,21.3,34,99,37.39,62375,cyber,cyber_network_threat_dataset,HAZ-BUS-SEV-0397,2026-04-14 02:39:23,Fraud,Phone Call,Repair Contractor,Critical Infrastructure,Fake Payment,True,0.97,,,,,
HZ_01444,61baa4ab-de54-434a-9c34-27bb1b5d937c,Victoria,Barwon South West,Geelong,cyclone,4.3,moderate,low,2025-04-04T00:00:00+00:00,72,30.4,213.2,82.6,0,82,80.59,31983,cyber,cyber_network_threat_dataset,HAZ-CYC-MOD-0398,2026-04-15 13:36:23,API Abuse,Scripted Requests,,Critical Infrastructure,Unauthorised Data Access,False,0.94,,,,,
HZ_00451,d29987b6-30b1-4af2-90c0-29c35a71c307,New South Wales,Hunter Region,Newcastle,flood,5.7,moderate,medium,2025-06-12T00:00:00+00:00,12,22.0,149.2,82.3,22,112,166.58,23245,cyber,cyber_network_threat_dataset,HAZ-FLO-MOD-0399,2026-04-11 02:45:23,Phishing,Email,Emergency Services,Relief Organisation,Credential Theft,True,0.87,,,,,
HZ_01425,43f5e7fb-6742-488b-a1a4-3cd040b5827a,Victoria,Melbourne Metro,Melbourne,earthquake,9.1,extreme,high,2025-09-21T00:00:00+00:00,6,15.1,40.2,61.9,34,166,109.82,1190,cyber,cyber_network_threat_dataset,HAZ-EAR-EXT-0400,2026-04-11 20:59:23,Phishing,Fake Website,Charity Organisation,Critical Infrastructure,Credential Theft,True,0.8,,,,,
HZ_00209,9d247839-f4a9-4fde-9d05-66953c444ed7,Victoria,Barwon South West,Geelong,flood,8.4,severe,high,2024-05-27T00:00:00+00:00,6,18.6,153.9,92.1,38,120,298.13,76569,cyber,cyber_network_threat_dataset,HAZ-FLO-SEV-0401,2026-04-12 09:30:23,DDoS,Botnet Traffic,,Healthcare Organisation,Service Unavailable,False,0.96,,,,,
HZ_01225,d8c14a1e-e6b8-47b0-a666-53b8bcc9864f,Tasmania,Southern Region,Hobart,heatwave,9.5,extreme,high,2024-01-22T00:00:00+00:00,6,50.2,0.0,16.7,15,179,352.51,39517,cyber,cyber_network_threat_dataset,HAZ-HEA-EXT-0402,2026-04-10 10:16:23,Misinformation,Deepfake Video,Anonymous Social Media Account,Relief Organisation,Public Confusion,False,0.75,,,,,
HZ_00393,4e0991ef-8aed-46b2-83a5-fcab3bc03828,New South Wales,Hunter Region,Newcastle,storm,9.2,extreme,high,2025-06-03T00:00:00+00:00,12,25.3,34.5,37.1,32,164,453.98,52101,cyber,cyber_network_threat_dataset,HAZ-STO-EXT-0403,2026-04-10 14:23:23,Fraud,Social Media,Repair Contractor,Healthcare Organisation,Fake Payment,False,0.72,,,,,
HZ_00491,b0f9203b-a0ae-4d9c-8fbb-5ed45a45adef,Queensland,Gold Coast Region,Surfers Paradise,storm,8.7,extreme,high,2025-05-11T00:00:00+00:00,72,10.4,44.7,79.0,5,67,17.29,10279,cyber,cyber_network_threat_dataset,HAZ-STO-EXT-0404,2026-04-13 16:56:23,Data Breach,Stolen Credentials,,Relief Organisation,Sensitive Record Exposure,False,0.81,,,,,
HZ_00533,38d6debb-c041-47bf-b449-6484451fde83,Western Australia,Perth Metro,Perth,bushfire,9.8,extreme,high,2024-03-04T00:00:00+00:00,48,54.7,1.5,15.7,17,97,442.05,12490,cyber,cyber_network_threat_dataset,HAZ-BUS-EXT-0405,2026-04-10 08:56:23,Fraud,Social Media,Fake Charity,Citizens,Fake Payment,False,0.85,,,,,
HZ_00502,bb097de6-9053-4093-9bc2-0cc680020fe0,Queensland,South East QLD,Brisbane,storm,9.8,extreme,high,2024-06-06T00:00:00+00:00,6,29.2,33.6,72.3,25,185,317.58,5491,cyber,cyber_network_threat_dataset,HAZ-STO-EXT-0406,2026-04-14 00:00:23,Phishing,SMS,Insurance Provider,Emergency Services,Financial Loss,False,0.74,,,,,
HZ_00347,58aeb577-ddd3-4861-a9ee-2ae013e9c1e5,Tasmania,Southern Region,Hobart,storm,4.8,moderate,low,2024-07-17T00:00:00+00:00,24,25.8,1.9,52.2,12,46,218.47,2645,cyber,cyber_network_threat_dataset,HAZ-STO-MOD-0407,2026-04-13 13:03:23,DDoS,Botnet Traffic,,Critical Infrastructure,Service Unavailable,True,0.85,,,,,
HZ_01991,54077231-3258-461d-8ade-d434d76107c6,Queensland,Gold Coast Region,Surfers Paradise,cyclone,8.7,extreme,high,2024-05-31T00:00:00+00:00,48,28.3,256.8,97.1,26,78,118.42,47725,cyber,cyber_network_threat_dataset,HAZ-CYC-EXT-0408,2026-04-11 07:56:23,Fraud,Social Media,Repair Contractor,Healthcare Organisation,Identity Theft,False,0.87,,,,,
HZ_01249,04654e96-e5ab-4259-8904-6ed55ba9b9d3,Queensland,South East QLD,Brisbane,heatwave,8.5,extreme,high,2025-11-17T00:00:00+00:00,48,54.5,0.0,9.4,39,43,242.29,29561,cyber,cyber_network_threat_dataset,HAZ-HEA-EXT-0409,2026-04-10 04:50:23,Fraud,Phone Call,Repair Contractor,Critical Infrastructure,Fake Payment,True,0.83,,,,,
HZ_02294,d1a938dc-fa21-4254-bfd5-9aabcb51a3a3,Northern Territory,Top End,Darwin,earthquake,4.4,moderate,low,2025-05-07T00:00:00+00:00,6,26.3,34.8,59.5,14,64,155.02,25923,cyber,cyber_network_threat_dataset,HAZ-EAR-MOD-0410,2026-04-10 13:13:23,Fraud,Fake Portal,Relief Support Officer,Citizens,Fake Payment,True,0.94,,,,,
HZ_00538,7a4f6ee7-79c0-4196-a704-d4a80f4c46db,New South Wales,Greater Sydney,Parramatta,bushfire,9.4,extreme,high,2025-10-13T00:00:00+00:00,24,48.8,0.6,11.2,23,89,220.86,46610,cyber,cyber_network_threat_dataset,HAZ-BUS-EXT-0411,2026-04-14 10:41:23,Misinformation,Social Media Post,Anonymous Social Media Account,Critical Infrastructure,Public Confusion,False,0.89,,,,,
HZ_00433,23583c58-d905-4334-8616-9563aabc007d,Queensland,Gold Coast Region,Surfers Paradise,heatwave,4.1,moderate,low,2025-01-26T00:00:00+00:00,12,49.5,0.0,5.9,20,24,86.23,31767,cyber,cyber_network_threat_dataset,HAZ-HEA-MOD-0412,2026-04-16 16:31:23,Fraud,Social Media,Fake Charity,Critical Infrastructure,Fake Payment,False,0.82,,,,,
HZ_00545,4268b460-9c0e-4eaf-87b4-9cab5a2b4511,South Australia,Adelaide Metro,Adelaide,bushfire,9.9,extreme,high,2025-01-13T00:00:00+00:00,12,51.5,1.9,10.7,39,196,347.31,82570,cyber,cyber_network_threat_dataset,HAZ-BUS-EXT-0413,2026-04-14 17:29:23,Phishing,Fake Website,Insurance Provider,Critical Infrastructure,Malware Download,True,0.97,,,,,
HZ_00518,d5a0a56d-369e-4b8e-a26b-3f79e18c6419,Queensland,South East QLD,Brisbane,storm,8.6,extreme,high,2024-07-16T00:00:00+00:00,72,15.0,36.3,51.2,6,168,41.33,77349,cyber,cyber_network_threat_dataset,HAZ-STO-EXT-0414,2026-04-13 13:44:23,Ransomware,Malicious Attachment,,Government Agency,System Encryption,False,0.86,,,,,
HZ_00290,a861fe7b-f0c1-4cc8-a16d-21bc1619e3ad,South Australia,Adelaide Metro,Adelaide,bushfire,5.1,moderate,medium,2025-04-06T00:00:00+00:00,24,41.6,1.5,23.9,12,54,146.55,41663,cyber,cyber_network_threat_dataset,HAZ-BUS-MOD-0415,2026-04-12 01:44:23,Phishing,Fake Website,Government Relief Agency,Critical Infrastructure,Malware Download,False,0.92,,,,,
HZ_00546,3ab0f117-ac81-45f3-9805-7a3e1a606e42,Victoria,Barwon South West,Geelong,bushfire,9.2,extreme,high,2024-09-19T00:00:00+00:00,72,51.3,0.8,5.0,19,162,121.3,74442,cyber,cyber_network_threat_dataset,HAZ-BUS-EXT-0416,2026-04-12 16:29:23,Data Breach,Stolen Credentials,,Emergency Services,Sensitive Record Exposure,False,0.75,,,,,
HZ_00205,6a91bb6a-6da1-4641-8088-744f2ea11df2,Victoria,Melbourne Metro,Melbourne,bushfire,6.3,severe,medium,2025-10-28T00:00:00+00:00,6,40.7,0.4,21.6,5,61,16.79,37034,cyber,cyber_network_threat_dataset,HAZ-BUS-SEV-0417,2026-04-15 19:22:23,Fraud,Social Media,Fake Charity,Relief Organisation,Fake Payment,False,0.78,,,,,
HZ_00231,f1d8f873-c664-44ae-a481-ef8dbce5875d,Queensland,Gold Coast Region,Surfers Paradise,storm,7.9,severe,medium,2024-08-08T00:00:00+00:00,24,24.5,22.6,59.4,32,64,125.23,70575,cyber,cyber_network_threat_dataset,HAZ-STO-SEV-0418,2026-04-11 01:22:23,Data Breach,Unsecured API,,Critical Infrastructure,Personal Data Leak,False,0.74,,,,,
HZ_00445,7e5d77b0-b691-4791-a89f-4d617464a897,Victoria,Melbourne Metro,Melbourne,heatwave,5.7,moderate,medium,2024-10-15T00:00:00+00:00,72,42.9,0.0,11.8,16,92,147.77,27144,cyber,cyber_network_threat_dataset,HAZ-HEA-MOD-0419,2026-04-15 11:07:23,Phishing,SMS,Government Relief Agency,Government Agency,Malware Download,False,0.81,,,,,
HZ_01518,12d59095-dbc1-4236-b990-ae2ab7e9763c,New South Wales,Greater Sydney,Parramatta,cyclone,3.8,moderate,low,2025-10-10T00:00:00+00:00,48,30.9,288.0,99.1,3,73,44.18,7676,cyber,cyber_network_threat_dataset,HAZ-CYC-MOD-0420,2026-04-11 19:36:23,Ransomware,Credential Theft,,Healthcare Organisation,System Encryption,False,0.74,,,,,
HZ_00436,71df7d1e-3ab0-4f8a-9205-80e9a9967a5c,New South Wales,Hunter Region,Newcastle,flood,8.7,extreme,high,2025-08-09T00:00:00+00:00,6,20.3,80.9,84.2,0,103,167.33,29802,cyber,cyber_network_threat_dataset,HAZ-FLO-EXT-0421,2026-04-14 12:02:23,Fraud,Social Media,Fake Charity,Healthcare Organisation,Identity Theft,False,0.77,,,,,
HZ_00527,e9da16aa-7aec-433f-9e53-14a7e4b3ca86,New South Wales,Greater Sydney,Parramatta,storm,9.5,extreme,high,2025-05-10T00:00:00+00:00,12,25.2,3.8,75.8,5,72,382.35,26224,cyber,cyber_network_threat_dataset,HAZ-STO-EXT-0422,2026-04-13 08:36:23,Data Breach,Unsecured API,,Citizens,Sensitive Record Exposure,True,0.9,,,,,
HZ_00587,ae3425bb-9ecd-4cfb-8564-5fa31bf1ddc4,Victoria,Melbourne Metro,Melbourne,bushfire,9.7,extreme,high,2024-05-16T00:00:00+00:00,72,43.5,0.0,14.0,10,145,288.14,47482,cyber,cyber_network_threat_dataset,HAZ-BUS-EXT-0423,2026-04-15 20:04:23,Phishing,Fake Website,Government Relief Agency,Relief Organisation,Malware Download,True,0.98,,,,,
HZ_01123,f9bcf26a-695f-47f8-a926-b2474e752d85,Queensland,Gold Coast Region,Surfers Paradise,cyclone,6.5,severe,medium,2024-03-09T00:00:00+00:00,24,31.5,168.4,88.2,16,69,211.31,25159,cyber,cyber_network_threat_dataset,HAZ-CYC-SEV-0424,2026-04-12 20:16:23,Emergency Alert Compromise,Stolen Credentials,Emergency Alert System,Government Agency,False Warning Sent,False,0.7,,,,,
HZ_00297,a18f374a-256b-4e00-9c1c-6e94d38639f8,Victoria,Barwon South West,Geelong,bushfire,3.5,moderate,low,2024-01-29T00:00:00+00:00,6,36.3,0.7,5.5,5,62,63.95,34335,cyber,cyber_network_threat_dataset,HAZ-BUS-MOD-0425,2026-04-16 00:15:23,DDoS,Botnet Traffic,,Healthcare Organisation,Delayed Response,False,0.75,,,,,
HZ_00570,5b828af2-32d2-4649-a2c3-ffef9d8ec034,Northern Territory,Top End,Darwin,heatwave,8.3,severe,high,2025-11-20T00:00:00+00:00,24,48.5,0.0,17.0,29,124,341.1,81076,cyber,cyber_network_threat_dataset,HAZ-HEA-SEV-0426,2026-04-12 21:18:23,API Abuse,Token Misuse,,Government Agency,Record Manipulation,True,0.77,,,,,
HZ_01446,e74784d9-ee57-423a-bdf1-0714a2ff6ce8,Western Australia,Perth Metro,Perth,earthquake,8.9,extreme,high,2024-10-15T00:00:00+00:00,24,21.5,8.3,73.8,40,112,287.86,12876,cyber,cyber_network_threat_dataset,HAZ-EAR-EXT-0427,2026-04-12 03:09:23,DDoS,Botnet Traffic,,Critical Infrastructure,Service Unavailable,False,0.87,,,,,
HZ_00594,a435df23-dbbb-441d-83c2-2d9ba084a290,Northern Territory,Top End,Darwin,bushfire,9.7,extreme,high,2024-11-27T00:00:00+00:00,12,49.7,0.4,10.0,24,133,27.26,36184,cyber,cyber_network_threat_dataset,HAZ-BUS-EXT-0428,2026-04-14 19:21:23,Emergency Alert Compromise,Stolen Credentials,Official Warning Service,Critical Infrastructure,Mass Panic Triggered,True,0.73,,,,,
HZ_02311,51b96eb7-bb29-44fa-9b4c-955518a061da,South Australia,Adelaide Metro,Adelaide,earthquake,5.1,moderate,medium,2025-05-29T00:00:00+00:00,72,29.4,27.0,45.7,7,43,110.9,20310,cyber,cyber_network_threat_dataset,HAZ-EAR-MOD-0429,2026-04-13 08:50:23,API Abuse,Scripted Requests,,Emergency Services,Unauthorised Data Access,True,0.84,,,,,
HZ_01722,8168d3a6-4444-417d-9da7-3ae40bac3460,New South Wales,Greater Sydney,Parramatta,cyclone,3.9,moderate,low,2025-05-30T00:00:00+00:00,6,24.1,268.0,90.3,11,68,96.45,38515,cyber,cyber_network_threat_dataset,HAZ-CYC-MOD-0430,2026-04-14 06:04:23,DDoS,Botnet Traffic,,Relief Organisation,Delayed Response,False,0.9,,,,,
HZ_00212,3b226845-11d6-424d-9fc6-99f681dfd29d,South Australia,Adelaide Metro,Adelaide,flood,6.9,severe,medium,2024-11-10T00:00:00+00:00,6,19.9,86.4,99.7,23,47,128.15,66413,cyber,cyber_network_threat_dataset,HAZ-FLO-SEV-0431,2026-04-13 03:35:23,Fraud,Fake Portal,Fake Charity,Emergency Services,Identity Theft,False,0.92,,,,,
HZ_01844,41bd11af-e41d-4504-8136-405d2b9e0bd6,Victoria,Melbourne Metro,Melbourne,cyclone,3.7,moderate,low,2024-05-09T00:00:00+00:00,24,25.8,192.7,87.2,7,57,127.26,28046,cyber,cyber_network_threat_dataset,HAZ-CYC-MOD-0432,2026-04-15 11:55:23,Phishing,SMS,Emergency Services,Citizens,Malware Download,False,0.95,,,,,
HZ_01481,9cbae97f-f7e2-452e-b7fb-e0944ac4ee57,Northern Territory,Top End,Darwin,earthquake,9.1,extreme,high,2024-05-05T00:00:00+00:00,72,14.7,3.9,75.0,22,170,408.73,6607,cyber,cyber_network_threat_dataset,HAZ-EAR-EXT-0433,2026-04-10 06:57:23,Misinformation,Social Media Post,Unofficial News Page,Relief Organisation,False Evacuation,True,0.86,,,,,
HZ_00220,46f65641-8e2e-4121-85b3-f560b4b0e1c6,Victoria,Barwon South West,Geelong,flood,8.4,severe,high,2025-08-03T00:00:00+00:00,6,18.1,67.1,90.1,19,120,169.43,75251,cyber,cyber_network_threat_dataset,HAZ-FLO-SEV-0434,2026-04-15 08:48:23,Data Breach,Unsecured API,,Relief Organisation,Sensitive Record Exposure,False,0.87,,,,,
HZ_02020,17a75b06-f32c-4fd5-a0b2-d32f9d5269c3,Western Australia,Perth Metro,Perth,cyclone,9.6,extreme,high,2024-11-14T00:00:00+00:00,12,25.7,161.5,84.2,21,178,162.29,34074,cyber,cyber_network_threat_dataset,HAZ-CYC-EXT-0435,2026-04-12 12:28:23,Fraud,Fake Portal,Fake Charity,Citizens,Fake Payment,True,0.72,,,,,
HZ_01489,937e7c51-5ae8-46cd-b117-1d5f35a4f893,Queensland,Gold Coast Region,Surfers Paradise,earthquake,9.4,extreme,high,2025-04-12T00:00:00+00:00,24,17.4,3.7,35.8,7,139,221.3,50997,cyber,cyber_network_threat_dataset,HAZ-EAR-EXT-0436,2026-04-10 05:08:23,Data Breach,Stolen Credentials,,Emergency Services,Sensitive Record Exposure,False,0.94,,,,,
HZ_00470,a9068b64-b204-4837-8ade-8df51c399bce,Western Australia,Perth Metro,Perth,flood,4.0,moderate,low,2024-10-03T00:00:00+00:00,24,19.7,119.0,75.2,12,65,123.48,18442,cyber,cyber_network_threat_dataset,HAZ-FLO-MOD-0437,2026-04-13 21:48:23,Data Breach,Stolen Credentials,,Critical Infrastructure,Sensitive Record Exposure,True,0.78,,,,,
HZ_00352,aa30c6d7-457f-4701-a544-f89d0609599b,Victoria,Melbourne Metro,Melbourne,storm,3.7,moderate,low,2024-03-15T00:00:00+00:00,12,21.6,18.8,43.4,1,73,38.33,24990,cyber,cyber_network_threat_dataset,HAZ-STO-MOD-0438,2026-04-14 05:04:23,Misinformation,Social Media Post,Unofficial News Page,Healthcare Organisation,False Evacuation,False,0.75,,,,,
HZ_00575,6b2b6b09-f6ce-4dcb-872b-9f424a318833,Western Australia,Perth Metro,Perth,heatwave,6.2,severe,medium,2025-02-14T00:00:00+00:00,24,44.6,0.0,24.3,11,121,200.43,49738,cyber,cyber_network_threat_dataset,HAZ-HEA-SEV-0439,2026-04-14 06:23:23,Phishing,Fake Website,Emergency Services,Emergency Services,Credential Theft,False,0.95,,,,,
HZ_01901,06595d06-73f4-409a-ab07-599980ea6f72,Queensland,Gold Coast Region,Surfers Paradise,cyclone,5.3,moderate,medium,2025-04-18T00:00:00+00:00,12,24.7,302.8,89.6,22,54,263.13,44895,cyber,cyber_network_threat_dataset,HAZ-CYC-MOD-0440,2026-04-15 19:54:23,Misinformation,Social Media Post,Fake Government Account,Relief Organisation,Public Confusion,False,0.71,,,,,
HZ_01299,6eb2e924-6a40-44c9-a77e-26697399ead4,Western Australia,Perth Metro,Perth,heatwave,8.9,extreme,high,2024-03-09T00:00:00+00:00,6,52.2,0.0,22.1,35,114,302.27,14690,cyber,cyber_network_threat_dataset,HAZ-HEA-EXT-0441,2026-04-14 21:55:23,Phishing,Fake Website,Charity Organisation,Critical Infrastructure,Credential Theft,True,0.85,,,,,
HZ_00556,d2bc21c3-b830-43fe-8f13-f4dea8a2f728,Northern Territory,Top End,Darwin,storm,9.5,extreme,high,2024-09-09T00:00:00+00:00,6,20.9,2.3,77.9,7,99,371.23,66769,cyber,cyber_network_threat_dataset,HAZ-STO-EXT-0442,2026-04-15 01:35:23,Fraud,Social Media,Fake Charity,Emergency Services,Fake Payment,False,0.97,,,,,
HZ_00558,20633652-e91e-4af4-bb12-0322f293b42b,New South Wales,Hunter Region,Newcastle,storm,9.7,extreme,high,2025-08-09T00:00:00+00:00,48,13.1,17.3,64.1,29,171,313.7,10992,cyber,cyber_network_threat_dataset,HAZ-STO-EXT-0443,2026-04-16 13:40:23,Data Breach,Stolen Credentials,,Relief Organisation,Personal Data Leak,False,0.96,,,,,
HZ_02095,09bd0bcf-fb81-4b26-b52c-e31e6c3118f2,South Australia,Adelaide Metro,Adelaide,cyclone,10.0,extreme,high,2025-03-20T00:00:00+00:00,6,25.7,303.5,84.6,10,55,376.13,73128,cyber,cyber_network_threat_dataset,HAZ-CYC-EXT-0444,2026-04-10 10:57:23,DDoS,Botnet Traffic,,Relief Organisation,Service Unavailable,True,0.95,,,,,
HZ_00582,5986e065-b12c-4d1a-901d-c4ac65af70dd,Queensland,South East QLD,Brisbane,heatwave,7.3,severe,medium,2024-03-09T00:00:00+00:00,72,51.7,0.0,19.9,17,124,271.63,66540,cyber,cyber_network_threat_dataset,HAZ-HEA-SEV-0445,2026-04-11 01:55:23,Fraud,Social Media,Fake Charity,Critical Infrastructure,Fake Payment,False,0.91,,,,,
HZ_00601,643c2a7b-ed5c-4255-a460-a398dfb22631,Tasmania,Southern Region,Hobart,bushfire,9.7,extreme,high,2025-11-27T00:00:00+00:00,48,47.5,1.1,5.0,43,89,405.75,74805,cyber,cyber_network_threat_dataset,HAZ-BUS-EXT-0446,2026-04-13 02:37:23,Data Breach,Stolen Credentials,,Government Agency,Personal Data Leak,False,0.97,,,,,
HZ_00241,0b6fd573-192b-42b5-b61e-a9dec16c4e5e,Northern Territory,Top End,Darwin,flood,6.5,severe,medium,2024-09-29T00:00:00+00:00,12,23.4,132.9,98.1,26,114,39.36,36597,cyber,cyber_network_threat_dataset,HAZ-FLO-SEV-0447,2026-04-10 06:13:23,Fraud,Phone Call,Relief Support Officer,Citizens,False Claim Submission,False,0.83,,,,,
HZ_00354,0852f3b6-6456-4be3-a554-3302d9f9696e,Western Australia,Perth Metro,Perth,storm,5.3,moderate,medium,2024-07-12T00:00:00+00:00,48,18.2,34.2,38.6,4,51,38.36,32618,cyber,cyber_network_threat_dataset,HAZ-STO-MOD-0448,2026-04-15 13:16:23,API Abuse,Token Misuse,,Government Agency,Record Manipulation,True,0.77,,,,,
HZ_00361,a4a2952d-4959-46d2-b436-d97082384d7c,New South Wales,Hunter Region,Newcastle,storm,4.7,moderate,low,2024-05-31T00:00:00+00:00,12,19.9,23.3,60.7,5,51,181.32,38162,cyber,cyber_network_threat_dataset,HAZ-STO-MOD-0449,2026-04-13 12:13:23,Fraud,Fake Portal,Repair Contractor,Citizens,Identity Theft,False,0.77,,,,,
HZ_02387,71e46996-f9d6-46f8-b504-4ca764d35ebd,New South Wales,Hunter Region,Newcastle,earthquake,5.5,moderate,medium,2024-03-05T00:00:00+00:00,24,20.8,33.3,36.7,23,48,84.6,47461,cyber,cyber_network_threat_dataset,HAZ-EAR-MOD-0450,2026-04-13 14:04:23,Emergency Alert Compromise,Stolen Credentials,Official Warning Service,Healthcare Organisation,Mass Panic Triggered,False,0.96,,,,,
HZ_02190,4f70c78e-fe63-4662-965b-153192955e71,New South Wales,Greater Sydney,Parramatta,cyclone,8.7,extreme,high,2024-11-12T00:00:00+00:00,6,25.0,145.6,,21,70,66.85,68361,cyber,cyber_network_threat_dataset,HAZ-CYC-EXT-0451,2026-04-11 07:53:23,Data Breach,Unsecured API,,Critical Infrastructure,Sensitive Record Exposure,True,0.77,,,,,
HZ_00369,3307c69e-0595-4315-a2f6-4be1340d712e,Tasmania,Southern Region,Hobart,storm,5.5,moderate,medium,2025-08-18T00:00:00+00:00,6,12.1,1.8,63.1,14,86,177.73,30994,cyber,cyber_network_threat_dataset,HAZ-STO-MOD-0452,2026-04-11 20:24:23,Misinformation,Social Media Post,Anonymous Social Media Account,Critical Infrastructure,Trust Erosion,True,0.89,,,,,
HZ_00480,b68d120f-1042-48fc-895f-c2555826e51d,Queensland,Gold Coast Region,Surfers Paradise,flood,4.2,moderate,low,2025-06-06T00:00:00+00:00,48,16.9,116.3,75.4,19,57,182.03,35199,cyber,cyber_network_threat_dataset,HAZ-FLO-MOD-0453,2026-04-14 18:43:23,Fraud,Phone Call,Relief Support Officer,Emergency Services,Fake Payment,True,0.79,,,,,
HZ_00463,c9dfdada-1a4e-4323-b506-49e0b5b9db65,Western Australia,Perth Metro,Perth,heatwave,4.7,moderate,low,2025-01-27T00:00:00+00:00,12,47.1,0.0,13.3,19,35,181.53,14573,cyber,cyber_network_threat_dataset,HAZ-HEA-MOD-0454,2026-04-13 21:57:23,Emergency Alert Compromise,Stolen Credentials,Emergency Alert System,Citizens,Mass Panic Triggered,False,0.77,,,,,
HZ_00925,cd1ba262-a36b-41ca-9e4f-4eb3b9cf041f,Tasmania,Southern Region,Hobart,earthquake,6.8,severe,medium,2024-11-22T00:00:00+00:00,12,16.6,48.8,55.1,22,113,114.19,22824,cyber,cyber_network_threat_dataset,HAZ-EAR-SEV-0455,2026-04-15 08:00:23,DDoS,Botnet Traffic,,Critical Infrastructure,Delayed Response,True,0.77,,,,,
HZ_01955,82e6cc4a-f11e-43c9-abdb-24195a03bf9d,Queensland,South East QLD,Brisbane,cyclone,5.4,moderate,medium,2025-05-15T00:00:00+00:00,6,25.4,282.5,81.7,16,70,61.34,51080,cyber,cyber_network_threat_dataset,HAZ-CYC-MOD-0456,2026-04-15 15:37:23,Data Breach,Unsecured API,,Emergency Services,Sensitive Record Exposure,False,0.87,,,,,
HZ_01326,37cc4ae1-ae86-44b3-b437-2be74ae5c15c,Northern Territory,Top End,Darwin,heatwave,8.8,extreme,high,2025-10-10T00:00:00+00:00,6,46.9,0.0,9.4,34,115,130.38,48583,cyber,cyber_network_threat_dataset,HAZ-HEA-EXT-0457,2026-04-12 08:14:23,Misinformation,Social Media Post,Unofficial News Page,Relief Organisation,Public Confusion,False,0.86,,,,,
HZ_00304,21829586-d9ee-4f78-a019-08493ad4a546,Victoria,Barwon South West,Geelong,bushfire,4.4,moderate,low,2024-05-26T00:00:00+00:00,6,36.8,0.6,20.7,4,54,208.93,21569,cyber,cyber_network_threat_dataset,HAZ-BUS-MOD-0458,2026-04-14 20:20:23,API Abuse,Token Misuse,,Critical Infrastructure,Unauthorised Data Access,True,0.79,,,,,
HZ_00240,f2f8d2fd-06d1-43dd-acd3-47d1e1e90705,Queensland,South East QLD,Brisbane,storm,7.5,severe,medium,2025-08-21T00:00:00+00:00,24,20.4,18.5,44.2,25,139,207.81,32813,cyber,cyber_network_threat_dataset,HAZ-STO-SEV-0459,2026-04-12 00:49:23,Ransomware,Malicious Attachment,,Critical Infrastructure,Data Exposure,True,0.95,,,,,
HZ_00572,2abbe9d5-6381-4105-996d-34be0b71acc5,Queensland,South East QLD,Brisbane,storm,8.9,extreme,high,2025-03-11T00:00:00+00:00,48,23.8,9.1,69.0,38,83,135.4,84303,cyber,cyber_network_threat_dataset,HAZ-STO-EXT-0460,2026-04-15 21:25:23,DDoS,Botnet Traffic,,Citizens,Delayed Response,True,0.78,,,,,
HZ_00206,c0e9fc9a-a2f3-4f34-b2dd-8682787c795c,New South Wales,Hunter Region,Newcastle,bushfire,8.0,severe,high,2025-09-08T00:00:00+00:00,24,48.2,1.9,21.9,6,111,76.52,55948,cyber,cyber_network_threat_dataset,HAZ-BUS-SEV-0461,2026-04-15 06:36:23,Data Breach,Stolen Credentials,,Government Agency,Sensitive Record Exposure,False,0.85,,,,,
HZ_00242,ed6f8fe8-9c6b-4e0c-8441-de3a10d54984,Western Australia,Perth Metro,Perth,storm,6.9,severe,medium,2024-05-06T00:00:00+00:00,6,20.5,24.2,73.0,23,123,229.17,28623,cyber,cyber_network_threat_dataset,HAZ-STO-SEV-0462,2026-04-16 04:44:23,Phishing,Email,Charity Organisation,Critical Infrastructure,Credential Theft,True,0.96,,,,,
HZ_00467,3aa628c8-8ea5-4afb-a45d-133719ec6e60,Victoria,Barwon South West,Geelong,heatwave,3.9,moderate,low,2025-02-25T00:00:00+00:00,6,42.7,0.0,15.8,9,40,21.36,3659,cyber,cyber_network_threat_dataset,HAZ-HEA-MOD-0463,2026-04-15 12:15:23,Fraud,Fake Portal,Fake Charity,Emergency Services,False Claim Submission,True,0.73,,,,,
HZ_00260,d436d2a9-04b0-426e-9971-562afb46d98e,Western Australia,Perth Metro,Perth,storm,7.1,severe,medium,2024-08-05T00:00:00+00:00,12,19.7,6.9,51.7,20,94,226.22,4236,cyber,cyber_network_threat_dataset,HAZ-STO-SEV-0464,2026-04-15 00:36:23,DDoS,Botnet Traffic,,Citizens,Delayed Response,False,0.82,,,,,
HZ_00217,fdc198c5-d1ad-47a0-bd94-46cc9904468a,Queensland,Gold Coast Region,Surfers Paradise,bushfire,6.7,severe,medium,2025-12-21T00:00:00+00:00,6,41.2,1.0,19.4,6,100,216.97,36017,cyber,cyber_network_threat_dataset,HAZ-BUS-SEV-0465,2026-04-12 22:19:23,Misinformation,Deepfake Video,Anonymous Social Media Account,Healthcare Organisation,False Evacuation,True,0.7,,,,,
HZ_00265,39ecf433-6aa3-4a29-a158-ac95bf874e52,New South Wales,Greater Sydney,Parramatta,flood,8.0,severe,high,2025-06-26T00:00:00+00:00,72,15.4,204.4,75.3,9,89,293.55,43463,cyber,cyber_network_threat_dataset,HAZ-FLO-SEV-0466,2026-04-14 06:40:23,Fraud,Social Media,Relief Support Officer,Healthcare Organisation,Fake Payment,True,0.91,,,,,
HZ_01993,e15fe918-9f25-4e3d-8297-b6ee733abe90,Victoria,Melbourne Metro,Melbourne,cyclone,4.6,moderate,low,2025-09-26T00:00:00+00:00,6,24.5,260.3,84.7,7,45,7.2,39049,cyber,cyber_network_threat_dataset,HAZ-CYC-MOD-0467,2026-04-16 07:03:23,Data Breach,Stolen Credentials,,Relief Organisation,Personal Data Leak,False,0.85,,,,,
HZ_00608,273c289e-5fc2-44da-b40a-472b34bd10ed,Victoria,Barwon South West,Geelong,bushfire,8.9,extreme,high,2025-05-02T00:00:00+00:00,72,45.9,1.8,5.0,8,170,147.81,83931,cyber,cyber_network_threat_dataset,HAZ-BUS-EXT-0468,2026-04-11 10:57:23,Data Breach,Stolen Credentials,,Relief Organisation,Sensitive Record Exposure,True,0.91,,,,,
HZ_00277,cf8da682-b16e-4b4c-86b0-ea0416d95fd7,Western Australia,Perth Metro,Perth,flood,7.0,severe,medium,2025-09-26T00:00:00+00:00,72,24.0,124.5,78.4,2,124,321.03,43122,cyber,cyber_network_threat_dataset,HAZ-FLO-SEV-0469,2026-04-11 08:49:23,Ransomware,Credential Theft,,Critical Infrastructure,System Encryption,True,0.78,,,,,
HZ_01078,3d43714f-7519-4fab-857d-f6debde0bfc4,Queensland,South East QLD,Brisbane,earthquake,6.6,severe,medium,2025-09-07T00:00:00+00:00,12,20.0,31.7,64.6,15,128,141.89,4620,cyber,cyber_network_threat_dataset,HAZ-EAR-SEV-0470,2026-04-12 00:55:23,DDoS,Botnet Traffic,,Relief Organisation,Delayed Response,True,0.75,,,,,
HZ_00373,12c8d3b4-5587-48b5-9f5f-0f9981479f09,New South Wales,Hunter Region,Newcastle,storm,3.8,moderate,low,2025-03-05T00:00:00+00:00,48,11.3,8.6,42.4,18,53,118.52,16984,cyber,cyber_network_threat_dataset,HAZ-STO-MOD-0471,2026-04-14 23:20:23,DDoS,Botnet Traffic,,Emergency Services,Service Unavailable,True,0.95,,,,,
HZ_00629,c6835dac-5722-4ce4-b63c-e959e65090b3,South Australia,Adelaide Metro,Adelaide,bushfire,9.2,extreme,high,2025-03-22T00:00:00+00:00,72,42.1,0.3,5.0,41,72,130.17,51621,cyber,cyber_network_threat_dataset,HAZ-BUS-EXT-0472,2026-04-13 01:35:23,Misinformation,Social Media Post,Anonymous Social Media Account,Healthcare Organisation,Trust Erosion,True,0.98,,,,,
HZ_00498,e8524eb1-eda5-4190-95eb-b66966fdaa3a,New South Wales,Hunter Region,Newcastle,heatwave,5.0,moderate,medium,2024-02-18T00:00:00+00:00,24,51.3,0.0,6.5,20,48,76.36,7105,cyber,cyber_network_threat_dataset,HAZ-HEA-MOD-0473,2026-04-13 20:41:23,Fraud,Social Media,Repair Contractor,Emergency Services,Identity Theft,False,0.71,,,,,
HZ_00636,60e29d43-9195-4c57-a476-2cb7bc588949,Tasmania,Southern Region,Hobart,bushfire,9.3,extreme,high,2024-05-08T00:00:00+00:00,6,42.9,1.8,19.6,39,135,448.85,4856,cyber,cyber_network_threat_dataset,HAZ-BUS-EXT-0474,2026-04-15 12:40:23,Phishing,SMS,Insurance Provider,Government Agency,Credential Theft,False,0.98,,,,,
HZ_02054,546bebb5-8b51-49bd-ae1b-04407c693c19,Northern Territory,Top End,Darwin,cyclone,4.2,moderate,low,2024-03-26T00:00:00+00:00,72,30.3,251.8,84.9,13,30,206.1,30985,cyber,cyber_network_threat_dataset,HAZ-CYC-MOD-0475,2026-04-11 18:01:23,Phishing,SMS,Emergency Services,Healthcare Organisation,Credential Theft,True,0.88,,,,,
HZ_01098,f0aa10d8-f9eb-44e2-8ccd-bdb5dc4e2407,Queensland,Gold Coast Region,Surfers Paradise,earthquake,7.0,severe,medium,2024-04-26T00:00:00+00:00,48,22.8,47.5,48.0,18,68,37.6,53925,cyber,cyber_network_threat_dataset,HAZ-EAR-SEV-0476,2026-04-14 00:39:23,Data Breach,Stolen Credentials,,Citizens,Personal Data Leak,False,0.71,,,,,
HZ_00444,015844ea-6385-45ff-9d9b-18d71f00bdcf,New South Wales,Hunter Region,Newcastle,flood,9.9,extreme,high,2025-07-24T00:00:00+00:00,48,19.4,119.4,73.3,32,161,369.74,94270,cyber,cyber_network_threat_dataset,HAZ-FLO-EXT-0477,2026-04-11 00:50:23,Data Breach,Stolen Credentials,,Government Agency,Personal Data Leak,True,0.96,,,,,
HZ_00506,2dda3d94-4b54-42d6-b666-922303e8ec2a,Victoria,Melbourne Metro,Melbourne,heatwave,4.5,moderate,low,2025-02-05T00:00:00+00:00,12,46.4,0.0,20.8,6,76,171.4,32380,cyber,cyber_network_threat_dataset,HAZ-HEA-MOD-0478,2026-04-16 13:32:23,Fraud,Social Media,Relief Support Officer,Healthcare Organisation,Identity Theft,False,0.86,,,,,
HZ_02214,aa118ae9-3b6f-4710-a1e6-891a5f72be02,South Australia,Adelaide Metro,Adelaide,cyclone,9.6,extreme,high,2024-09-06T00:00:00+00:00,6,24.5,188.1,85.0,32,93,448.5,57246,cyber,cyber_network_threat_dataset,HAZ-CYC-EXT-0479,2026-04-11 03:52:23,Ransomware,Credential Theft,,Government Agency,Data Exposure,True,0.74,,,,,
HZ_00458,672e58e6-cd22-4c55-a31f-762a1d2b9a20,Tasmania,Southern Region,Hobart,flood,8.7,extreme,high,2024-08-19T00:00:00+00:00,12,18.4,145.5,85.1,21,138,355.54,27576,cyber,cyber_network_threat_dataset,HAZ-FLO-EXT-0480,2026-04-15 19:40:23,Phishing,SMS,Charity Organisation,Government Agency,Malware Download,True,0.98,,,,,
HZ_00286,a93c626b-bd40-474c-9d1c-104ef181a8d0,South Australia,Adelaide Metro,Adelaide,flood,6.1,severe,medium,2025-10-15T00:00:00+00:00,24,15.4,151.6,86.4,18,79,206.54,19262,cyber,cyber_network_threat_dataset,HAZ-FLO-SEV-0481,2026-04-12 18:48:23,Misinformation,Social Media Post,Fake Government Account,Healthcare Organisation,Trust Erosion,True,0.88,,,,,
HZ_00318,630ab3cd-6ddc-4a06-90a1-49f197336cc9,Western Australia,Perth Metro,Perth,bushfire,5.9,moderate,medium,2024-12-17T00:00:00+00:00,48,43.1,1.9,17.7,3,86,277.89,10628,cyber,cyber_network_threat_dataset,HAZ-BUS-MOD-0482,2026-04-12 22:35:23,Misinformation,Social Media Post,Unofficial News Page,Relief Organisation,False Evacuation,False,0.73,,,,,
HZ_02559,7086d34b-dc2b-4ddf-81b7-49e9b5f69aff,South Australia,Adelaide Metro,Adelaide,earthquake,5.8,moderate,medium,2025-09-20T00:00:00+00:00,48,29.6,34.0,43.4,24,77,106.99,19937,cyber,cyber_network_threat_dataset,HAZ-EAR-MOD-0483,2026-04-12 15:44:23,Ransomware,Credential Theft,,Critical Infrastructure,Service Disruption,True,0.83,,,,,
HZ_00552,48d032f2-7dce-4ebe-8738-406d01071460,Northern Territory,Top End,Darwin,heatwave,5.1,moderate,medium,2025-12-05T00:00:00+00:00,6,41.1,0.0,12.9,19,36,191.64,48107,cyber,cyber_network_threat_dataset,HAZ-HEA-MOD-0484,2026-04-10 01:32:23,API Abuse,Token Misuse,,Healthcare Organisation,Record Manipulation,True,0.75,,,,,
HZ_00584,aac518ef-ba84-480d-852c-4a89abea3b5b,New South Wales,Greater Sydney,Parramatta,heatwave,6.2,severe,medium,2024-11-21T00:00:00+00:00,6,49.1,0.0,8.0,28,65,240.16,30871,cyber,cyber_network_threat_dataset,HAZ-HEA-SEV-0485,2026-04-14 09:35:23,Misinformation,Deepfake Video,Fake Government Account,Emergency Services,False Evacuation,False,0.93,,,,,
HZ_02088,b2bc09e7-58bd-4106-9888-a8e2458fcdd8,South Australia,Adelaide Metro,Adelaide,cyclone,4.1,moderate,low,2024-11-27T00:00:00+00:00,24,31.3,271.2,91.0,6,24,147.32,26230,cyber,cyber_network_threat_dataset,HAZ-CYC-MOD-0486,2026-04-16 13:55:23,Fraud,Social Media,Fake Charity,Healthcare Organisation,Fake Payment,False,0.85,,,,,
HZ_00611,0c86e666-f12e-4dc6-8ff2-eb1ffd5b81c1,Victoria,Melbourne Metro,Melbourne,heatwave,6.5,severe,medium,2024-05-27T00:00:00+00:00,72,45.9,0.0,23.1,17,120,228.04,30633,cyber,cyber_network_threat_dataset,HAZ-HEA-SEV-0487,2026-04-11 01:54:23,DDoS,Botnet Traffic,,Government Agency,Delayed Response,False,0.84,,,,,
HZ_02578,9691a8bb-fffd-4278-97af-3e9b058f1df2,Western Australia,Perth Metro,Perth,earthquake,4.4,moderate,low,2024-04-16T00:00:00+00:00,12,16.1,1.7,59.8,21,84,113.8,23896,cyber,cyber_network_threat_dataset,HAZ-EAR-MOD-0488,2026-04-13 23:09:23,API Abuse,Scripted Requests,,Healthcare Organisation,Record Manipulation,True,0.88,,,,,
HZ_02379,e326eb0f-5b3c-4690-a41a-3d57016d2aae,New South Wales,Hunter Region,Newcastle,cyclone,3.8,moderate,low,2025-04-29T00:00:00+00:00,48,29.5,316.3,82.7,5,64,180.25,5299,cyber,cyber_network_threat_dataset,HAZ-CYC-MOD-0489,2026-04-13 07:02:23,Misinformation,Deepfake Video,Fake Government Account,Citizens,Public Confusion,True,0.89,,,,,
HZ_00336,d00eb244-01b3-4e52-8ca8-f15ade0456e5,Victoria,Melbourne Metro,Melbourne,bushfire,4.1,moderate,low,2024-02-15T00:00:00+00:00,48,40.7,1.1,17.6,1,48,173.87,22290,cyber,cyber_network_threat_dataset,HAZ-BUS-MOD-0490,2026-04-14 14:30:23,API Abuse,Token Misuse,,Critical Infrastructure,Record Manipulation,True,0.93,,,,,
HZ_00370,ea1cd7a5-fe64-45d6-9d24-105221c22449,New South Wales,Greater Sydney,Parramatta,bushfire,5.5,moderate,medium,2025-12-05T00:00:00+00:00,12,43.9,1.3,17.8,4,95,72.51,24168,cyber,cyber_network_threat_dataset,HAZ-BUS-MOD-0491,2026-04-10 05:22:23,Misinformation,Deepfake Video,Unofficial News Page,Relief Organisation,Public Confusion,False,0.93,,,,,
HZ_00269,ab7ec6b0-0619-487a-88d1-4eb924f9194f,South Australia,Adelaide Metro,Adelaide,storm,6.9,severe,medium,2025-06-21T00:00:00+00:00,6,17.2,1.4,56.0,29,66,61.33,40138,cyber,cyber_network_threat_dataset,HAZ-STO-SEV-0492,2026-04-09 23:01:23,Phishing,Email,Emergency Services,Healthcare Organisation,Credential Theft,False,0.75,,,,,
HZ_00292,1258b6fd-deb1-4ed7-94a1-c6e679e3cf29,Queensland,South East QLD,Brisbane,flood,6.7,severe,medium,2024-08-07T00:00:00+00:00,72,23.8,115.7,99.6,5,117,143.65,63192,cyber,cyber_network_threat_dataset,HAZ-FLO-SEV-0493,2026-04-13 16:42:23,Data Breach,Unsecured API,,Relief Organisation,Sensitive Record Exposure,True,0.85,,,,,
HZ_01211,17601f53-c172-4dcd-a1fe-6d59bd534b8c,Queensland,South East QLD,Brisbane,earthquake,6.7,severe,medium,2025-09-15T00:00:00+00:00,48,17.0,21.2,66.0,8,45,159.88,65036,cyber,cyber_network_threat_dataset,HAZ-EAR-SEV-0494,2026-04-15 08:10:23,Phishing,Email,Charity Organisation,Critical Infrastructure,Credential Theft,False,0.77,,,,,
HZ_00620,6cd328bd-3513-456c-b38a-e5562d1c6135,Northern Territory,Top End,Darwin,heatwave,8.1,severe,high,2025-09-02T00:00:00+00:00,72,51.6,0.0,,5,109,168.0,23640,cyber,cyber_network_threat_dataset,HAZ-HEA-SEV-0495,2026-04-16 17:46:23,Phishing,SMS,Charity Organisation,Critical Infrastructure,Financial Loss,True,0.93,,,,,
HZ_00225,af366a25-c918-48e4-9686-493b719e9ec5,New South Wales,Greater Sydney,Parramatta,bushfire,8.0,severe,high,2024-09-17T00:00:00+00:00,48,41.9,2.0,12.4,9,102,294.97,51576,cyber,cyber_network_threat_dataset,HAZ-BUS-SEV-0496,2026-04-13 07:58:23,Ransomware,Malicious Attachment,,Healthcare Organisation,Data Exposure,False,0.73,,,,,
HZ_00298,27a16bf6-c905-45f9-ac47-0fc17177f355,Queensland,Gold Coast Region,Surfers Paradise,flood,7.3,severe,medium,2024-10-11T00:00:00+00:00,12,24.5,100.5,86.3,10,98,146.25,16373,cyber,cyber_network_threat_dataset,HAZ-FLO-SEV-0497,2026-04-15 07:36:23,Data Breach,Stolen Credentials,,Healthcare Organisation,Personal Data Leak,False,0.93,,,,,
HZ_00309,8085d05d-b778-4264-93b9-19ae6f4ad6af,Western Australia,Perth Metro,Perth,flood,6.7,severe,medium,2025-07-11T00:00:00+00:00,6,17.0,81.7,90.4,20,39,203.76,21894,cyber,cyber_network_threat_dataset,HAZ-FLO-SEV-0498,2026-04-16 10:07:23,Misinformation,Social Media Post,Fake Government Account,Critical Infrastructure,False Evacuation,True,0.96,,,,,
HZ_01381,b5f301a3-3821-4e1d-aeac-c66f32a51210,Queensland,Gold Coast Region,Surfers Paradise,heatwave,9.8,extreme,high,2025-09-10T00:00:00+00:00,24,50.2,0.0,,10,80,241.61,56678,cyber,cyber_network_threat_dataset,HAZ-HEA-EXT-0499,2026-04-13 04:40:23,Emergency Alert Compromise,Stolen Credentials,Emergency Alert System,Critical Infrastructure,False Warning Sent,True,0.94,,,,,
HZ_00379,a23098fd-9608-4a46-9551-be5e3ca2cb01,Northern Territory,Top End,Darwin,storm,4.4,moderate,low,2025-07-16T00:00:00+00:00,24,28.6,33.5,47.2,5,86,160.65,21768,cyber,cyber_network_threat_dataset,HAZ-STO-MOD-0500,2026-04-10 12:00:23,Fraud,Phone Call,Relief Support Officer,Emergency Services,False Claim Submission,False,0.73,,,,,
HZ_00372,07180017-87f7-4778-b04e-5d123414ea26,Queensland,South East QLD,Brisbane,bushfire,4.2,moderate,low,2025-01-28T00:00:00+00:00,48,44.3,0.9,5.0,17,56,98.77,23782,cyber,cyber_network_threat_dataset,HAZ-BUS-MOD-0501,2026-04-15 22:30:23,Ransomware,Malicious Attachment,,Citizens,System Encryption,False,0.83,,,,,
HZ_01569,80aaace4-5f61-43ec-b4d9-246ac36a98d8,Queensland,Gold Coast Region,Surfers Paradise,earthquake,8.5,extreme,high,2024-05-15T00:00:00+00:00,48,15.3,42.3,67.0,0,73,63.24,5869,cyber,cyber_network_threat_dataset,HAZ-EAR-EXT-0502,2026-04-14 19:25:23,Emergency Alert Compromise,System Exploit,Emergency Alert System,Government Agency,False Warning Sent,False,0.97,,,,,
HZ_01132,281ac578-ca1f-4fbb-8023-6f65f5d8afa7,New South Wales,Greater Sydney,Parramatta,cyclone,7.5,severe,medium,2025-11-25T00:00:00+00:00,48,24.9,257.1,90.8,34,122,240.65,36950,cyber,cyber_network_threat_dataset,HAZ-CYC-SEV-0503,2026-04-14 16:48:23,API Abuse,Scripted Requests,,Government Agency,Record Manipulation,True,0.82,,,,,
HZ_01579,2773ee62-2415-4cd5-8356-117810878557,Northern Territory,Top End,Darwin,earthquake,9.3,extreme,high,2024-04-30T00:00:00+00:00,24,11.3,39.4,51.1,38,116,186.34,10048,cyber,cyber_network_threat_dataset,HAZ-EAR-EXT-0504,2026-04-15 07:39:23,Ransomware,Malicious Attachment,,Government Agency,System Encryption,False,0.73,,,,,
HZ_00273,a12eba82-6540-46f3-abc7-26270ae6311b,Northern Territory,Top End,Darwin,storm,7.8,severe,medium,2024-05-25T00:00:00+00:00,48,23.1,5.0,51.1,26,104,286.88,66222,cyber,cyber_network_threat_dataset,HAZ-STO-SEV-0505,2026-04-14 13:16:23,Fraud,Social Media,Relief Support Officer,Government Agency,Identity Theft,True,0.78,,,,,
HZ_00375,49238ff1-3503-4f15-a581-01a6d6234436,Tasmania,Southern Region,Hobart,bushfire,4.1,moderate,low,2024-09-14T00:00:00+00:00,72,47.8,1.2,5.0,13,49,76.45,14640,cyber,cyber_network_threat_dataset,HAZ-BUS-MOD-0506,2026-04-14 17:49:23,Misinformation,Social Media Post,Anonymous Social Media Account,Healthcare Organisation,Public Confusion,False,0.8,,,,,
HZ_00283,3c524da6-ad85-4e50-85c7-b01a331ce62e,Victoria,Melbourne Metro,Melbourne,storm,7.6,severe,medium,2025-06-22T00:00:00+00:00,48,26.0,44.3,64.7,31,127,214.31,53447,cyber,cyber_network_threat_dataset,HAZ-STO-SEV-0507,2026-04-15 02:12:23,Data Breach,Unsecured API,,Citizens,Personal Data Leak,False,0.92,,,,,
HZ_00581,fd0125b1-627b-4fe5-8310-336ae563e870,Queensland,Gold Coast Region,Surfers Paradise,storm,9.5,extreme,high,2025-09-26T00:00:00+00:00,72,28.3,23.3,45.5,16,185,166.65,4416,cyber,cyber_network_threat_dataset,HAZ-STO-EXT-0508,2026-04-10 00:15:23,Fraud,Phone Call,Relief Support Officer,Healthcare Organisation,Fake Payment,True,0.84,,,,,
HZ_00650,e56e3628-1794-4c5a-a3dc-983201f2de28,Queensland,Gold Coast Region,Surfers Paradise,bushfire,9.1,extreme,high,2025-02-22T00:00:00+00:00,72,48.9,0.1,5.0,26,52,210.68,11742,cyber,cyber_network_threat_dataset,HAZ-BUS-EXT-0509,2026-04-11 14:39:23,Phishing,Fake Website,Emergency Services,Critical Infrastructure,Malware Download,False,0.81,,,,,
HZ_00389,ce33b2d0-f0be-41a1-bb4a-27efb43748c8,Queensland,Gold Coast Region,Surfers Paradise,bushfire,4.3,moderate,low,2024-01-17T00:00:00+00:00,48,44.4,0.6,17.2,9,34,199.2,19920,cyber,cyber_network_threat_dataset,HAZ-BUS-MOD-0510,2026-04-12 20:56:23,Ransomware,Malicious Attachment,,Critical Infrastructure,System Encryption,False,0.81,,,,,
HZ_02437,f09d5368-7206-4745-b895-4fa15b89b8ca,Queensland,Gold Coast Region,Surfers Paradise,cyclone,3.7,moderate,low,2024-11-12T00:00:00+00:00,24,29.1,168.7,93.2,15,26,112.54,17950,cyber,cyber_network_threat_dataset,HAZ-CYC-MOD-0511,2026-04-10 02:26:23,API Abuse,Token Misuse,,Relief Organisation,Unauthorised Data Access,False,0.79,,,,,
HZ_00524,40e72d56-d1e2-48a1-84a3-2e7c4ef45c25,Queensland,South East QLD,Brisbane,flood,5.1,moderate,medium,2025-09-06T00:00:00+00:00,24,19.5,193.7,76.7,9,72,80.45,35209,cyber,cyber_network_threat_dataset,HAZ-FLO-MOD-0512,2026-04-11 01:39:23,Fraud,Phone Call,Fake Charity,Emergency Services,Identity Theft,True,0.83,,,,,
HZ_00692,92b0745f-4772-4626-aac6-137ebad7a08c,Tasmania,Southern Region,Hobart,bushfire,9.4,extreme,high,2025-02-05T00:00:00+00:00,12,49.1,0.2,5.0,17,84,235.94,19194,cyber,cyber_network_threat_dataset,HAZ-BUS-EXT-0513,2026-04-12 10:33:23,Data Breach,Unsecured API,,Emergency Services,Personal Data Leak,True,0.93,,,,,
HZ_00529,39f266de-5237-46cf-93ba-d9d88f9b8900,South Australia,Adelaide Metro,Adelaide,flood,4.4,moderate,low,2024-07-23T00:00:00+00:00,24,24.7,171.1,90.6,13,67,186.34,3188,cyber,cyber_network_threat_dataset,HAZ-FLO-MOD-0514,2026-04-13 21:42:23,Misinformation,Social Media Post,Fake Government Account,Healthcare Organisation,Trust Erosion,False,0.81,,,,,
HZ_01345,7100c3f1-8f11-491c-9626-ed7aae597b85,New South Wales,Hunter Region,Newcastle,earthquake,7.5,severe,medium,2025-03-22T00:00:00+00:00,48,10.3,32.0,71.1,4,48,10.0,53276,cyber,cyber_network_threat_dataset,HAZ-EAR-SEV-0515,2026-04-14 11:50:23,Emergency Alert Compromise,System Exploit,Official Warning Service,Relief Organisation,False Warning Sent,True,0.93,,,,,
HZ_01808,7d408d7d-320e-40a5-bcd8-90e46c53d666,New South Wales,Hunter Region,Newcastle,earthquake,9.0,extreme,high,2025-09-18T00:00:00+00:00,12,23.6,49.4,66.7,19,113,431.38,47142,cyber,cyber_network_threat_dataset,HAZ-EAR-EXT-0516,2026-04-11 07:56:23,Fraud,Fake Portal,Relief Support Officer,Healthcare Organisation,Identity Theft,True,0.81,,,,,
HZ_00579,08e2cda7-5688-40a7-b375-0ce2fcac179a,Western Australia,Perth Metro,Perth,heatwave,4.7,moderate,low,2025-05-20T00:00:00+00:00,6,50.4,0.0,17.9,21,23,148.5,4473,cyber,cyber_network_threat_dataset,HAZ-HEA-MOD-0517,2026-04-10 14:14:23,Emergency Alert Compromise,System Exploit,Emergency Alert System,Relief Organisation,False Warning Sent,True,0.83,,,,,
HZ_00228,bf774af5-4266-43e7-8ed7-f7750e88b7ed,Tasmania,Southern Region,Hobart,bushfire,8.2,severe,high,2025-05-16T00:00:00+00:00,12,39.7,2.0,8.2,3,145,315.27,67568,cyber,cyber_network_threat_dataset,HAZ-BUS-SEV-0518,2026-04-16 13:22:23,Misinformation,Social Media Post,Unofficial News Page,Critical Infrastructure,Public Confusion,True,0.93,,,,,
HZ_00542,f0da8b51-59bd-45ba-bf9b-c1c7ba024667,South Australia,Adelaide Metro,Adelaide,flood,5.6,moderate,medium,2025-06-20T00:00:00+00:00,72,22.8,144.9,97.8,0,48,183.02,36253,cyber,cyber_network_threat_dataset,HAZ-FLO-MOD-0519,2026-04-12 18:49:23,Data Breach,Unsecured API,,Emergency Services,Personal Data Leak,True,0.82,,,,,
HZ_00619,e79b5d14-38d1-452a-a033-41cc017c17fc,New South Wales,Hunter Region,Newcastle,heatwave,4.6,moderate,low,2025-02-13T00:00:00+00:00,12,41.5,0.0,21.2,3,50,30.68,42904,cyber,cyber_network_threat_dataset,HAZ-HEA-MOD-0520,2026-04-14 12:23:23,Emergency Alert Compromise,Stolen Credentials,Emergency Alert System,Healthcare Organisation,False Warning Sent,False,0.98,,,,,
HZ_01997,aa468b88-4383-4a3b-ab4d-f85dac66cdb6,Victoria,Barwon South West,Geelong,earthquake,9.6,extreme,high,2025-05-22T00:00:00+00:00,12,22.6,30.6,44.0,5,51,39.83,28795,cyber,cyber_network_threat_dataset,HAZ-EAR-EXT-0521,2026-04-16 13:34:23,DDoS,Botnet Traffic,,Healthcare Organisation,Service Unavailable,False,0.92,,,,,
HZ_02299,4245dc7c-9098-49b0-88a6-d9cc7d9ed44c,Western Australia,Perth Metro,Perth,cyclone,8.5,extreme,high,2025-10-27T00:00:00+00:00,6,25.2,290.7,93.6,11,118,75.46,18785,cyber,cyber_network_threat_dataset,HAZ-CYC-EXT-0522,2026-04-16 01:31:23,Emergency Alert Compromise,Stolen Credentials,Emergency Alert System,Healthcare Organisation,False Warning Sent,True,0.72,,,,,
HZ_01451,de724f98-44a5-4f67-9386-b4ba6b8817e9,Northern Territory,Top End,Darwin,heatwave,9.1,extreme,high,2024-10-25T00:00:00+00:00,12,50.1,0.0,7.4,39,53,390.46,26372,cyber,cyber_network_threat_dataset,HAZ-HEA-EXT-0523,2026-04-12 06:31:23,Phishing,SMS,Charity Organisation,Citizens,Financial Loss,False,0.98,,,,,
HZ_00698,ea075f8a-b66e-40c9-8d99-74242039c1c3,Northern Territory,Top End,Darwin,bushfire,10.0,extreme,high,2025-12-25T00:00:00+00:00,12,47.9,1.8,5.0,28,56,367.14,23332,cyber,cyber_network_threat_dataset,HAZ-BUS-EXT-0524,2026-04-15 10:17:23,Data Breach,Stolen Credentials,,Critical Infrastructure,Sensitive Record Exposure,True,0.79,,,,,
HZ_00239,8e4f7af9-fc57-4dbd-984d-24ed790d0ccf,Northern Territory,Top End,Darwin,bushfire,8.3,severe,high,2024-02-04T00:00:00+00:00,48,48.7,1.9,5.0,29,143,46.26,51620,cyber,cyber_network_threat_dataset,HAZ-BUS-SEV-0525,2026-04-15 08:19:23,Fraud,Fake Portal,Fake Charity,Relief Organisation,False Claim Submission,True,0.76,,,,,
HZ_00548,231ee455-50f4-4988-b19d-70bc4cfefb47,Victoria,Barwon South West,Geelong,flood,3.6,moderate,low,2025-07-16T00:00:00+00:00,12,19.7,132.6,88.3,11,53,5.77,4244,cyber,cyber_network_threat_dataset,HAZ-FLO-MOD-0526,2026-04-12 14:53:23,DDoS,Botnet Traffic,,Citizens,Delayed Response,True,0.93,,,,,
HZ_00311,28bcc047-38db-4e70-96a3-5ab82b580193,Tasmania,Southern Region,Hobart,flood,8.0,severe,high,2024-07-14T00:00:00+00:00,24,23.5,72.4,90.0,6,50,299.84,64484,cyber,cyber_network_threat_dataset,HAZ-FLO-SEV-0527,2026-04-11 02:25:23,Data Breach,Unsecured API,,Healthcare Organisation,Personal Data Leak,True,0.9,,,,,
HZ_02579,19a81177-bacf-4671-878a-c24e94bd63bc,Queensland,Gold Coast Region,Surfers Paradise,earthquake,3.5,moderate,low,2024-03-18T00:00:00+00:00,72,15.9,38.1,39.3,15,67,16.35,13151,cyber,cyber_network_threat_dataset,HAZ-EAR-MOD-0528,2026-04-12 23:53:23,Fraud,Social Media,Repair Contractor,Government Agency,Identity Theft,False,0.87,,,,,
HZ_00249,2c5721ad-02b1-44e4-9cd1-f33311cf11d8,Queensland,South East QLD,Brisbane,bushfire,6.3,severe,medium,2025-05-15T00:00:00+00:00,24,38.4,0.8,,9,84,136.56,11757,cyber,cyber_network_threat_dataset,HAZ-BUS-SEV-0529,2026-04-12 09:35:23,Data Breach,Stolen Credentials,,Government Agency,Sensitive Record Exposure,False,0.74,,,,,
HZ_01350,1d5ec759-bbd9-4e54-8822-a12b87fd3bd0,Northern Territory,Top End,Darwin,earthquake,6.7,severe,medium,2025-10-07T00:00:00+00:00,48,29.7,8.8,39.6,16,111,287.42,3438,cyber,cyber_network_threat_dataset,HAZ-EAR-SEV-0530,2026-04-14 06:04:23,Data Breach,Unsecured API,,Relief Organisation,Personal Data Leak,False,0.93,,,,,
HZ_00585,1c5d4376-1c05-401c-98f3-56e5e9dd1123,Victoria,Barwon South West,Geelong,storm,9.7,extreme,high,2025-08-30T00:00:00+00:00,12,20.4,17.0,40.6,47,157,94.94,25949,cyber,cyber_network_threat_dataset,HAZ-STO-EXT-0531,2026-04-12 12:35:23,Emergency Alert Compromise,System Exploit,Official Warning Service,Emergency Services,Mass Panic Triggered,False,0.74,,,,,
HZ_00461,e5541b6c-4948-463e-8466-e140f940b282,Northern Territory,Top End,Darwin,flood,9.0,extreme,high,2024-05-23T00:00:00+00:00,48,15.7,215.6,72.2,34,95,145.41,86637,cyber,cyber_network_threat_dataset,HAZ-FLO-EXT-0532,2026-04-14 08:04:23,Misinformation,Deepfake Video,Unofficial News Page,Citizens,False Evacuation,False,0.89,,,,,
HZ_00699,72d63e03-6888-44e1-aa6a-b073d8491cc2,South Australia,Adelaide Metro,Adelaide,bushfire,9.9,extreme,high,2025-11-25T00:00:00+00:00,12,46.0,0.6,14.6,31,99,154.09,34690,cyber,cyber_network_threat_dataset,HAZ-BUS-EXT-0533,2026-04-15 15:42:23,Emergency Alert Compromise,System Exploit,Emergency Alert System,Healthcare Organisation,False Warning Sent,True,0.95,,,,,
HZ_02539,40b63dc8-3f39-4816-ba6a-b9c736fefa1b,Northern Territory,Top End,Darwin,cyclone,8.6,extreme,high,2024-09-19T00:00:00+00:00,6,31.0,175.2,85.0,28,63,64.57,25939,cyber,cyber_network_threat_dataset,HAZ-CYC-EXT-0534,2026-04-16 11:21:23,Data Breach,Unsecured API,,Government Agency,Sensitive Record Exposure,True,0.83,,,,,
HZ_02321,40cf1941-04cb-4bf2-bbba-a432f3e22d48,New South Wales,Hunter Region,Newcastle,earthquake,9.7,extreme,high,2025-05-29T00:00:00+00:00,12,20.6,42.6,78.0,9,57,414.04,78188,cyber,cyber_network_threat_dataset,HAZ-EAR-EXT-0535,2026-04-13 13:49:23,Emergency Alert Compromise,Stolen Credentials,Emergency Alert System,Healthcare Organisation,Mass Panic Triggered,True,0.75,,,,,
HZ_00588,4c3fa7b7-29dc-4925-8503-8cc0c31688f8,Queensland,Gold Coast Region,Surfers Paradise,flood,4.8,moderate,low,2024-11-02T00:00:00+00:00,24,22.3,170.5,95.5,16,84,220.52,44068,cyber,cyber_network_threat_dataset,HAZ-FLO-MOD-0536,2026-04-15 09:56:23,Data Breach,Unsecured API,,Emergency Services,Personal Data Leak,True,0.72,,,,,
HZ_00254,05375387-83bb-46d1-8604-ddb84ffb00ce,Northern Territory,Top End,Darwin,bushfire,7.6,severe,medium,2024-05-18T00:00:00+00:00,48,50.8,1.5,5.0,10,57,241.22,41195,cyber,cyber_network_threat_dataset,HAZ-BUS-SEV-0537,2026-04-14 09:01:23,DDoS,Botnet Traffic,,Emergency Services,Service Unavailable,True,0.79,,,,,
HZ_00717,90fa0749-c8c2-42e3-9d8d-b679234f44c2,New South Wales,Greater Sydney,Parramatta,bushfire,9.2,extreme,high,2025-02-16T00:00:00+00:00,12,44.3,1.8,11.2,36,175,170.96,36982,cyber,cyber_network_threat_dataset,HAZ-BUS-EXT-0538,2026-04-13 10:15:23,Phishing,SMS,Insurance Provider,Government Agency,Malware Download,False,0.71,,,,,
HZ_00317,6986c072-405d-4d00-b980-dc0627c87e1a,Victoria,Melbourne Metro,Melbourne,flood,8.1,severe,high,2025-05-11T00:00:00+00:00,48,19.4,145.5,86.8,22,63,349.64,36427,cyber,cyber_network_threat_dataset,HAZ-FLO-SEV-0539,2026-04-15 11:02:23,Phishing,Fake Website,Emergency Services,Emergency Services,Credential Theft,False,0.94,,,,,
HZ_00293,f47fd4c1-8c0a-459a-9e82-4d159e7e670d,South Australia,Adelaide Metro,Adelaide,storm,7.2,severe,medium,2025-05-31T00:00:00+00:00,48,15.6,31.3,50.9,9,62,201.29,47235,cyber,cyber_network_threat_dataset,HAZ-STO-SEV-0540,2026-04-11 09:20:23,Emergency Alert Compromise,System Exploit,Official Warning Service,Relief Organisation,False Warning Sent,False,0.92,,,,,
HZ_00255,aab0128a-ba97-40c9-8035-921f85af1878,Northern Territory,Top End,Darwin,bushfire,6.9,severe,medium,2024-12-26T00:00:00+00:00,6,39.4,0.5,17.0,12,78,287.15,16246,cyber,cyber_network_threat_dataset,HAZ-BUS-SEV-0541,2026-04-14 20:26:23,API Abuse,Scripted Requests,,Citizens,Record Manipulation,True,0.82,,,,,
HZ_01200,dcbf2343-f551-4714-815d-f8b58108a579,New South Wales,Hunter Region,Newcastle,cyclone,6.3,severe,medium,2025-04-21T00:00:00+00:00,6,30.9,282.8,88.8,27,48,53.47,11740,cyber,cyber_network_threat_dataset,HAZ-CYC-SEV-0542,2026-04-15 20:51:23,API Abuse,Scripted Requests,,Healthcare Organisation,Unauthorised Data Access,False,0.86,,,,,
HZ_02591,5de06eac-2306-42fa-8107-c8e5467a6531,South Australia,Adelaide Metro,Adelaide,cyclone,9.9,extreme,high,2024-04-05T00:00:00+00:00,48,30.0,180.4,,20,190,41.67,86261,cyber,cyber_network_threat_dataset,HAZ-CYC-EXT-0543,2026-04-10 20:39:23,DDoS,Botnet Traffic,,Healthcare Organisation,Delayed Response,True,0.76,,,,,
HZ_02599,aa383986-4b39-4598-b81b-332d498a49f1,Western Australia,Perth Metro,Perth,earthquake,3.7,moderate,low,2024-09-28T00:00:00+00:00,72,17.3,8.1,62.4,15,33,10.6,25388,cyber,cyber_network_threat_dataset,HAZ-EAR-MOD-0544,2026-04-13 01:08:23,Data Breach,Stolen Credentials,,Healthcare Organisation,Personal Data Leak,True,0.93,,,,,
HZ_02717,26e3558e-c7fb-44d3-bbf5-bac678cac242,New South Wales,Greater Sydney,Parramatta,cyclone,9.5,extreme,high,2024-04-03T00:00:00+00:00,6,26.4,176.6,81.2,32,121,163.63,30087,cyber,cyber_network_threat_dataset,HAZ-CYC-EXT-0545,2026-04-14 22:12:23,DDoS,Botnet Traffic,,Emergency Services,Service Unavailable,False,0.98,,,,,
HZ_02639,99e93652-85af-40aa-ac93-77b907902388,South Australia,Adelaide Metro,Adelaide,cyclone,5.4,moderate,medium,2025-11-30T00:00:00+00:00,12,27.1,177.6,81.7,7,87,144.73,9531,cyber,cyber_network_threat_dataset,HAZ-CYC-MOD-0546,2026-04-13 01:25:23,Phishing,SMS,Insurance Provider,Citizens,Financial Loss,True,0.72,,,,,
HZ_00385,4046ab7a-91b9-48f9-9391-5794e86c804c,South Australia,Adelaide Metro,Adelaide,storm,4.8,moderate,low,2025-07-26T00:00:00+00:00,24,10.9,27.3,49.8,13,43,174.68,20502,cyber,cyber_network_threat_dataset,HAZ-STO-MOD-0547,2026-04-12 16:57:23,DDoS,Botnet Traffic,,Critical Infrastructure,Service Unavailable,True,0.86,,,,,
HZ_00663,ea80c14f-b4b8-40b6-8073-59fa6b374f3e,South Australia,Adelaide Metro,Adelaide,heatwave,7.1,severe,medium,2024-01-15T00:00:00+00:00,72,45.3,0.0,20.3,23,108,330.62,20495,cyber,cyber_network_threat_dataset,HAZ-HEA-SEV-0548,2026-04-10 05:49:23,Misinformation,Deepfake Video,Unofficial News Page,Government Agency,False Evacuation,True,0.72,,,,,
HZ_00482,66046c2f-26ca-43c9-bb01-4d1e09b5c73a,New South Wales,Greater Sydney,Parramatta,flood,8.8,extreme,high,2024-06-07T00:00:00+00:00,12,24.8,97.4,73.0,37,155,177.6,67197,cyber,cyber_network_threat_dataset,HAZ-FLO-EXT-0549,2026-04-13 23:51:23,Phishing,Fake Website,Government Relief Agency,Government Agency,Financial Loss,False,0.81,,,,,
HZ_00590,b98f5926-9d1e-493b-be2c-ba48444e0fc5,Victoria,Barwon South West,Geelong,storm,8.8,extreme,high,2024-05-17T00:00:00+00:00,6,27.3,39.3,71.4,6,66,309.95,2033,cyber,cyber_network_threat_dataset,HAZ-STO-EXT-0550,2026-04-15 11:34:23,Fraud,Social Media,Relief Support Officer,Healthcare Organisation,Identity Theft,False,0.79,,,,,
HZ_02642,cf59e247-4561-4b6d-83ad-9dd938833ada,Queensland,South East QLD,Brisbane,earthquake,4.0,moderate,low,2025-10-09T00:00:00+00:00,12,13.6,26.7,,6,40,136.93,14796,cyber,cyber_network_threat_dataset,HAZ-EAR-MOD-0551,2026-04-13 05:15:23,Ransomware,Credential Theft,,Critical Infrastructure,Service Disruption,False,0.91,,,,,
HZ_02686,f1a6de24-d759-439f-a1d3-b8b58c3fcac9,Queensland,Gold Coast Region,Surfers Paradise,cyclone,5.3,moderate,medium,2025-05-21T00:00:00+00:00,72,25.7,218.0,,16,50,125.9,30165,cyber,cyber_network_threat_dataset,HAZ-CYC-MOD-0552,2026-04-10 10:06:23,Ransomware,Malicious Attachment,,Relief Organisation,Data Exposure,False,0.87,,,,,
HZ_00400,e63b99b1-15fc-4c1d-8771-7086f4e73b4d,New South Wales,Greater Sydney,Parramatta,storm,3.9,moderate,low,2024-09-26T00:00:00+00:00,48,20.5,45.3,36.5,10,52,135.38,32660,cyber,cyber_network_threat_dataset,HAZ-STO-MOD-0553,2026-04-12 22:25:23,Fraud,Phone Call,Fake Charity,Emergency Services,Fake Payment,False,0.93,,,,,
HZ_00789,b85d3ccd-32b2-4e71-b9dd-2156301a3402,Queensland,Gold Coast Region,Surfers Paradise,bushfire,8.7,extreme,high,2024-09-27T00:00:00+00:00,72,52.5,1.1,5.2,18,56,388.83,65826,cyber,cyber_network_threat_dataset,HAZ-BUS-EXT-0554,2026-04-11 16:54:23,Fraud,Social Media,Repair Contractor,Government Agency,Identity Theft,True,0.86,,,,,
HZ_00600,38a8d175-3c3d-4231-ad4f-75f815faa59d,South Australia,Adelaide Metro,Adelaide,flood,3.9,moderate,low,2025-03-02T00:00:00+00:00,72,24.4,191.1,,17,45,142.63,7011,cyber,cyber_network_threat_dataset,HAZ-FLO-MOD-0555,2026-04-13 13:22:23,Phishing,SMS,Government Relief Agency,Critical Infrastructure,Credential Theft,True,0.8,,,,,
HZ_01484,55aba5de-86aa-4bc1-b3b8-87455a53de34,Victoria,Melbourne Metro,Melbourne,heatwave,9.6,extreme,high,2024-12-28T00:00:00+00:00,12,57.1,0.0,19.2,4,81,353.64,85334,cyber,cyber_network_threat_dataset,HAZ-HEA-EXT-0556,2026-04-16 17:36:23,Misinformation,Deepfake Video,Anonymous Social Media Account,Government Agency,Trust Erosion,True,0.97,,,,,
HZ_00632,05755a98-24a0-470e-be0f-17dc5f33ba15,Northern Territory,Top End,Darwin,flood,3.7,moderate,low,2024-06-27T00:00:00+00:00,72,15.3,194.5,75.2,17,40,44.78,24054,cyber,cyber_network_threat_dataset,HAZ-FLO-MOD-0557,2026-04-10 17:42:23,Data Breach,Stolen Credentials,,Government Agency,Personal Data Leak,False,0.91,,,,,
HZ_00505,f38f89ac-7744-4e08-a179-aa77367a2425,Victoria,Melbourne Metro,Melbourne,flood,10.0,extreme,high,2024-08-18T00:00:00+00:00,12,16.8,117.9,86.3,1,73,39.01,8697,cyber,cyber_network_threat_dataset,HAZ-FLO-EXT-0558,2026-04-10 02:08:23,API Abuse,Scripted Requests,,Relief Organisation,Record Manipulation,False,0.85,,,,,
HZ_02436,d7bc4463-bf4e-453d-9de3-3d5bb51f8480,Tasmania,Southern Region,Hobart,earthquake,9.8,extreme,high,2024-03-16T00:00:00+00:00,48,12.3,37.7,41.5,42,193,151.47,78352,cyber,cyber_network_threat_dataset,HAZ-EAR-EXT-0559,2026-04-15 00:25:23,Fraud,Phone Call,Repair Contractor,Relief Organisation,Fake Payment,False,0.94,,,,,
HZ_00350,2f0a0484-7022-45e4-b415-cbbeaa3da2c6,Victoria,Melbourne Metro,Melbourne,flood,7.5,severe,medium,2025-05-31T00:00:00+00:00,6,23.2,101.8,94.8,31,46,218.27,50569,cyber,cyber_network_threat_dataset,HAZ-FLO-SEV-0560,2026-04-11 10:54:23,Fraud,Social Media,Fake Charity,Government Agency,Fake Payment,True,0.85,,,,,
HZ_00401,dda83d93-5df9-417a-a72e-d0a30b9fb01e,South Australia,Adelaide Metro,Adelaide,storm,3.9,moderate,low,2024-08-07T00:00:00+00:00,24,17.4,15.7,65.6,13,44,73.04,6441,cyber,cyber_network_threat_dataset,HAZ-STO-MOD-0561,2026-04-12 00:08:23,Fraud,Fake Portal,Repair Contractor,Emergency Services,Identity Theft,True,0.87,,,,,
HZ_00602,3075f7e0-7d2e-49de-8fcc-3375c2c9b6e6,Western Australia,Perth Metro,Perth,storm,9.1,extreme,high,2024-06-18T00:00:00+00:00,72,24.2,43.0,57.9,21,129,117.07,66157,cyber,cyber_network_threat_dataset,HAZ-STO-EXT-0562,2026-04-12 19:28:23,Phishing,SMS,Government Relief Agency,Citizens,Credential Theft,False,0.74,,,,,
HZ_02472,a7c17a1b-8c5f-4306-b63e-5c6391821d8b,Tasmania,Southern Region,Hobart,earthquake,9.5,extreme,high,2025-03-09T00:00:00+00:00,12,20.1,46.6,72.9,45,96,69.76,30270,cyber,cyber_network_threat_dataset,HAZ-EAR-EXT-0563,2026-04-16 16:47:23,Fraud,Phone Call,Fake Charity,Relief Organisation,Fake Payment,False,0.87,,,,,
HZ_00646,c322787b-b7bc-4c59-96d2-4e706ef0f23f,New South Wales,Hunter Region,Newcastle,heatwave,4.8,moderate,low,2025-05-23T00:00:00+00:00,24,44.9,0.0,,21,37,144.98,23362,cyber,cyber_network_threat_dataset,HAZ-HEA-MOD-0564,2026-04-12 15:10:23,Ransomware,Credential Theft,,Citizens,System Encryption,True,0.8,,,,,
HZ_02776,0cda27db-288f-4cf5-bb9f-b4526237ea55,Queensland,Gold Coast Region,Surfers Paradise,cyclone,10.0,extreme,high,2024-09-09T00:00:00+00:00,12,26.5,173.9,91.8,45,117,172.04,81809,cyber,cyber_network_threat_dataset,HAZ-CYC-EXT-0565,2026-04-14 03:16:23,Data Breach,Unsecured API,,Government Agency,Sensitive Record Exposure,True,0.97,,,,,
HZ_02820,d463a3ac-ca5c-41d4-9724-35ba18983287,Queensland,South East QLD,Brisbane,cyclone,9.4,extreme,high,2025-10-05T00:00:00+00:00,24,30.5,258.9,85.7,44,130,64.77,51226,cyber,cyber_network_threat_dataset,HAZ-CYC-EXT-0566,2026-04-10 08:54:23,Data Breach,Unsecured API,,Emergency Services,Sensitive Record Exposure,False,0.93,,,,,
HZ_02584,8140e22b-c910-4ba7-9eb4-c3c5b067cb3d,New South Wales,Greater Sydney,Parramatta,earthquake,8.8,extreme,high,2025-04-07T00:00:00+00:00,48,17.0,6.9,68.5,23,133,368.38,36628,cyber,cyber_network_threat_dataset,HAZ-EAR-EXT-0567,2026-04-13 13:13:23,Emergency Alert Compromise,System Exploit,Official Warning Service,Critical Infrastructure,Mass Panic Triggered,True,0.86,,,,,
HZ_00510,e04f9d19-e75a-4374-9ca7-5465ac54f2c0,Northern Territory,Top End,Darwin,flood,8.8,extreme,high,2025-06-21T00:00:00+00:00,72,23.6,101.7,92.7,5,117,31.09,47163,cyber,cyber_network_threat_dataset,HAZ-FLO-EXT-0568,2026-04-15 03:26:23,Ransomware,Malicious Attachment,,Healthcare Organisation,Data Exposure,True,0.72,,,,,
HZ_01590,4d31af09-cf9f-4c4e-b249-6d39b937e639,New South Wales,Hunter Region,Newcastle,heatwave,8.5,extreme,high,2025-11-27T00:00:00+00:00,12,43.8,0.0,24.1,36,101,142.15,68761,cyber,cyber_network_threat_dataset,HAZ-HEA-EXT-0569,2026-04-16 18:26:23,Misinformation,Social Media Post,Unofficial News Page,Government Agency,Trust Erosion,False,0.74,,,,,
HZ_00355,db86c99b-4b93-45e3-8275-c6d53fceba54,Queensland,South East QLD,Brisbane,flood,8.2,severe,high,2025-06-10T00:00:00+00:00,6,19.2,175.2,99.1,8,59,111.62,37497,cyber,cyber_network_threat_dataset,HAZ-FLO-SEV-0570,2026-04-10 19:51:23,Data Breach,Unsecured API,,Healthcare Organisation,Sensitive Record Exposure,False,0.73,,,,,
HZ_00391,9db24b8c-b7eb-476d-837c-6e40d7971c62,Victoria,Barwon South West,Geelong,bushfire,3.8,moderate,low,2024-01-20T00:00:00+00:00,6,35.5,0.8,23.3,12,62,100.62,13205,cyber,cyber_network_threat_dataset,HAZ-BUS-MOD-0571,2026-04-11 09:00:23,Phishing,Fake Website,Insurance Provider,Citizens,Credential Theft,False,0.92,,,,,
HZ_00792,12556767-b906-4398-88f6-03964db2a65a,Tasmania,Southern Region,Hobart,bushfire,9.6,extreme,high,2025-10-31T00:00:00+00:00,48,46.4,0.5,,29,179,254.21,20735,cyber,cyber_network_threat_dataset,HAZ-BUS-EXT-0572,2026-04-13 14:08:23,Phishing,Fake Website,Government Relief Agency,Citizens,Credential Theft,False,0.78,,,,,
HZ_00622,1860e1e6-3e47-4d36-9760-9b3a7cefbdbe,New South Wales,Hunter Region,Newcastle,storm,9.7,extreme,high,2025-06-18T00:00:00+00:00,24,11.1,41.3,,48,69,47.83,56310,cyber,cyber_network_threat_dataset,HAZ-STO-EXT-0573,2026-04-15 00:10:23,Data Breach,Unsecured API,,Critical Infrastructure,Sensitive Record Exposure,True,0.86,,,,,
HZ_01678,d33c6ae1-087a-41c0-96d6-ed53bf1e1bea,New South Wales,Greater Sydney,Parramatta,heatwave,9.4,extreme,high,2025-11-28T00:00:00+00:00,48,55.7,0.0,8.2,45,76,225.46,78974,cyber,cyber_network_threat_dataset,HAZ-HEA-EXT-0574,2026-04-13 23:30:23,Phishing,Fake Website,Charity Organisation,Relief Organisation,Financial Loss,True,0.78,,,,,
HZ_00262,7f2103b5-2c61-4d78-b226-f5458a97edc7,Northern Territory,Top End,Darwin,bushfire,6.7,severe,medium,2024-04-03T00:00:00+00:00,72,37.0,0.6,5.0,3,114,322.3,48052,cyber,cyber_network_threat_dataset,HAZ-BUS-SEV-0575,2026-04-11 07:36:23,DDoS,Botnet Traffic,,Citizens,Service Unavailable,True,0.89,,,,,
HZ_00644,9fd8ea63-151c-46db-a103-bf773a423fc0,Queensland,South East QLD,Brisbane,storm,8.8,extreme,high,2024-11-05T00:00:00+00:00,48,19.0,23.0,45.9,17,68,51.71,60766,cyber,cyber_network_threat_dataset,HAZ-STO-EXT-0576,2026-04-16 07:00:23,Ransomware,Malicious Attachment,,Critical Infrastructure,Service Disruption,False,0.86,,,,,
HZ_00652,09beed95-7907-4006-a3b7-64d339a20f0f,New South Wales,Greater Sydney,Parramatta,storm,9.0,extreme,high,2025-01-30T00:00:00+00:00,12,12.7,48.3,76.1,32,49,311.45,75473,cyber,cyber_network_threat_dataset,HAZ-STO-EXT-0577,2026-04-13 06:37:23,API Abuse,Scripted Requests,,Government Agency,Unauthorised Data Access,True,0.81,,,,,
HZ_00561,d99559a0-0fd6-47e0-9670-2c6143adfc86,Western Australia,Perth Metro,Perth,flood,9.8,extreme,high,2025-08-14T00:00:00+00:00,48,23.3,206.4,,16,55,111.54,70020,cyber,cyber_network_threat_dataset,HAZ-FLO-EXT-0578,2026-04-13 21:17:23,DDoS,Botnet Traffic,,Citizens,Delayed Response,False,0.75,,,,,
HZ_00268,477760b8-309a-4622-aed7-fbe4918ca459,New South Wales,Greater Sydney,Parramatta,bushfire,7.8,severe,medium,2025-02-17T00:00:00+00:00,48,49.3,0.2,20.4,6,147,124.79,34380,cyber,cyber_network_threat_dataset,HAZ-BUS-SEV-0579,2026-04-11 09:22:23,Misinformation,Social Media Post,Unofficial News Page,Critical Infrastructure,Public Confusion,False,0.74,,,,,
HZ_01264,fab9a6c2-312a-4951-9876-775b8220a4fc,Northern Territory,Top End,Darwin,cyclone,6.7,severe,medium,2025-09-21T00:00:00+00:00,24,28.1,161.6,86.4,3,90,223.18,65653,cyber,cyber_network_threat_dataset,HAZ-CYC-SEV-0580,2026-04-10 22:02:23,Fraud,Fake Portal,Fake Charity,Citizens,Fake Payment,False,0.76,,,,,
HZ_00681,f42f582e-53e3-44c1-bfeb-821f1d79d9ab,New South Wales,Greater Sydney,Parramatta,heatwave,7.7,severe,medium,2025-10-19T00:00:00+00:00,72,45.0,0.0,12.9,38,112,204.01,18798,cyber,cyber_network_threat_dataset,HAZ-HEA-SEV-0581,2026-04-13 20:22:23,DDoS,Botnet Traffic,,Critical Infrastructure,Delayed Response,True,0.9,,,,,
HZ_00655,e06bf1f6-b5ef-44e9-93fd-dd0ec5996e01,Western Australia,Perth Metro,Perth,storm,9.3,extreme,high,2025-03-09T00:00:00+00:00,72,19.7,33.9,72.1,1,183,264.58,35871,cyber,cyber_network_threat_dataset,HAZ-STO-EXT-0582,2026-04-11 04:23:23,DDoS,Botnet Traffic,,Healthcare Organisation,Delayed Response,True,0.75,,,,,
HZ_00639,7b40edd4-ca41-4fd5-8c47-a4fb48485058,Queensland,Gold Coast Region,Surfers Paradise,flood,5.5,moderate,medium,2025-07-06T00:00:00+00:00,6,20.9,126.2,70.9,21,83,209.86,23024,cyber,cyber_network_threat_dataset,HAZ-FLO-MOD-0583,2026-04-16 21:17:23,Emergency Alert Compromise,System Exploit,Official Warning Service,Citizens,False Warning Sent,False,0.85,,,,,
HZ_00402,6f83c258-860b-41c9-89ed-50d804120506,New South Wales,Greater Sydney,Parramatta,storm,5.8,moderate,medium,2025-06-10T00:00:00+00:00,12,23.7,2.4,39.1,19,40,86.06,48233,cyber,cyber_network_threat_dataset,HAZ-STO-MOD-0584,2026-04-11 03:44:23,DDoS,Botnet Traffic,,Critical Infrastructure,Delayed Response,False,0.88,,,,,
HZ_01690,137d64ae-08d5-4c92-b66c-66e90fc5c1b8,New South Wales,Hunter Region,Newcastle,heatwave,9.5,extreme,high,2024-12-23T00:00:00+00:00,24,51.5,0.0,13.5,46,169,409.53,58288,cyber,cyber_network_threat_dataset,HAZ-HEA-EXT-0585,2026-04-16 16:27:23,Misinformation,Social Media Post,Fake Government Account,Government Agency,Trust Erosion,True,0.96,,,,,
HZ_00278,9d768015-9a7f-4922-ae79-8dc2d9c916ec,Tasmania,Southern Region,Hobart,bushfire,6.1,severe,medium,2025-01-03T00:00:00+00:00,12,45.2,1.3,11.5,5,30,168.89,8099,cyber,cyber_network_threat_dataset,HAZ-BUS-SEV-0586,2026-04-10 03:27:23,Phishing,Fake Website,Insurance Provider,Healthcare Organisation,Malware Download,True,0.83,,,,,
HZ_01382,f49a74c4-3985-437e-891c-65f8e40ff23c,Northern Territory,Top End,Darwin,earthquake,7.1,severe,medium,2024-03-24T00:00:00+00:00,24,25.8,20.2,31.9,15,125,145.48,50831,cyber,cyber_network_threat_dataset,HAZ-EAR-SEV-0587,2026-04-15 12:52:23,Fraud,Social Media,Fake Charity,Citizens,Identity Theft,True,0.98,,,,,
HZ_00659,11850f68-e504-45c4-9f55-c6f40f59ad18,Queensland,South East QLD,Brisbane,storm,9.8,extreme,high,2025-02-19T00:00:00+00:00,72,15.6,29.6,76.4,30,194,262.57,34196,cyber,cyber_network_threat_dataset,HAZ-STO-EXT-0588,2026-04-10 19:38:23,DDoS,Botnet Traffic,,Relief Organisation,Delayed Response,True,0.95,,,,,
HZ_00392,1dc03396-a95e-4d80-9655-83c1683954aa,New South Wales,Greater Sydney,Parramatta,bushfire,4.9,moderate,low,2024-02-12T00:00:00+00:00,48,35.5,1.7,12.8,0,89,160.98,19262,cyber,cyber_network_threat_dataset,HAZ-BUS-MOD-0589,2026-04-14 02:24:23,Ransomware,Malicious Attachment,,Healthcare Organisation,System Encryption,False,0.87,,,,,
HZ_00417,2e650dba-dbb9-47e2-bb75-2ba55f765fa5,Western Australia,Perth Metro,Perth,storm,3.6,moderate,low,2025-01-12T00:00:00+00:00,24,11.7,18.9,54.4,0,29,88.65,29668,cyber,cyber_network_threat_dataset,HAZ-STO-MOD-0590,2026-04-15 09:29:23,Fraud,Phone Call,Relief Support Officer,Government Agency,Identity Theft,True,0.87,,,,,
HZ_00420,cd47cdc0-6f94-48cf-9a32-06cf5f754e5a,New South Wales,Hunter Region,Newcastle,storm,3.7,moderate,low,2024-07-01T00:00:00+00:00,24,14.5,17.8,40.8,18,48,47.49,34216,cyber,cyber_network_threat_dataset,HAZ-STO-MOD-0591,2026-04-15 06:47:23,DDoS,Botnet Traffic,,Relief Organisation,Service Unavailable,True,0.87,,,,,
HZ_01405,b57dcb9e-feee-4d05-b340-1a56e3502018,New South Wales,Hunter Region,Newcastle,earthquake,6.9,severe,medium,2024-10-04T00:00:00+00:00,72,15.3,36.0,67.2,28,43,169.04,54273,cyber,cyber_network_threat_dataset,HAZ-EAR-SEV-0592,2026-04-14 17:49:23,DDoS,Botnet Traffic,,Emergency Services,Delayed Response,False,0.77,,,,,
HZ_00711,554be4da-7ca4-4305-acc1-c1e6be080000,Queensland,South East QLD,Brisbane,heatwave,3.7,moderate,low,2025-01-04T00:00:00+00:00,72,45.0,0.0,8.4,6,25,59.45,30704,cyber,cyber_network_threat_dataset,HAZ-HEA-MOD-0593,2026-04-14 10:28:23,Phishing,SMS,Government Relief Agency,Government Agency,Financial Loss,False,0.9,,,,,
HZ_02696,01888357-01eb-4595-a37e-f13e62a00de2,Victoria,Barwon South West,Geelong,earthquake,4.4,moderate,low,2025-03-05T00:00:00+00:00,48,10.5,24.7,33.1,20,59,86.43,34828,cyber,cyber_network_threat_dataset,HAZ-EAR-MOD-0594,2026-04-12 02:41:23,Data Breach,Unsecured API,,Relief Organisation,Sensitive Record Exposure,True,0.84,,,,,
HZ_00313,54a3794f-0a4e-4b8a-9a9f-53d3da0e6d33,South Australia,Adelaide Metro,Adelaide,storm,8.1,severe,high,2024-08-31T00:00:00+00:00,12,23.0,20.3,63.6,20,122,237.83,17074,cyber,cyber_network_threat_dataset,HAZ-STO-SEV-0595,2026-04-14 14:01:23,Data Breach,Stolen Credentials,,Citizens,Sensitive Record Exposure,False,0.71,,,,,
HZ_02830,9f55ee6e-fc76-4d0c-985a-89182fac90c7,New South Wales,Hunter Region,Newcastle,cyclone,9.3,extreme,high,2025-03-19T00:00:00+00:00,72,26.8,196.8,84.6,29,173,16.53,23570,cyber,cyber_network_threat_dataset,HAZ-CYC-EXT-0596,2026-04-12 03:18:23,DDoS,Botnet Traffic,,Relief Organisation,Delayed Response,True,0.72,,,,,
HZ_00662,eafc5954-6c76-4434-b746-0f6eddf628ce,Queensland,Gold Coast Region,Surfers Paradise,storm,9.7,extreme,high,2024-05-17T00:00:00+00:00,12,21.2,33.6,57.2,27,72,163.28,18268,cyber,cyber_network_threat_dataset,HAZ-STO-EXT-0597,2026-04-12 23:20:23,Fraud,Phone Call,Relief Support Officer,Government Agency,Identity Theft,True,0.84,,,,,
HZ_00803,08275d7b-09f5-40c2-8fad-7b8371d0169a,Tasmania,Southern Region,Hobart,bushfire,9.3,extreme,high,2025-03-15T00:00:00+00:00,72,52.9,1.4,5.0,45,132,277.86,21906,cyber,cyber_network_threat_dataset,HAZ-BUS-EXT-0598,2026-04-10 11:54:23,DDoS,Botnet Traffic,,Healthcare Organisation,Delayed Response,False,0.97,,,,,
HZ_02839,a91a8925-f81e-4b53-8461-ded14b117bc2,New South Wales,Hunter Region,Newcastle,cyclone,9.4,extreme,high,2025-05-29T00:00:00+00:00,24,30.7,315.9,90.5,23,97,302.27,83635,cyber,cyber_network_threat_dataset,HAZ-CYC-EXT-0599,2026-04-11 19:42:23,Phishing,SMS,Emergency Services,Emergency Services,Credential Theft,True,0.74,,,,,
HZ_00358,689a4d17-dd77-482f-b41e-687f116603af,New South Wales,Greater Sydney,Parramatta,flood,7.2,severe,medium,2024-10-09T00:00:00+00:00,12,17.9,211.8,74.4,33,52,318.51,33212,cyber,cyber_network_threat_dataset,HAZ-FLO-SEV-0600,2026-04-15 22:42:23,Data Breach,Stolen Credentials,,Government Agency,Personal Data Leak,True,0.91,,,,,
HZ_00440,9d132a52-8309-485b-bb9b-e5975661a478,Queensland,Gold Coast Region,Surfers Paradise,storm,4.8,moderate,low,2024-02-23T00:00:00+00:00,6,18.4,8.8,40.3,14,95,168.37,28095,cyber,cyber_network_threat_dataset,HAZ-STO-MOD-0601,2026-04-11 04:08:23,API Abuse,Scripted Requests,,Healthcare Organisation,Record Manipulation,False,0.74,,,,,
HZ_00713,90e52c32-1294-4af4-a8d4-44670b0e4329,New South Wales,Greater Sydney,Parramatta,heatwave,6.4,severe,medium,2024-05-04T00:00:00+00:00,48,50.1,0.0,23.7,6,35,185.04,60401,cyber,cyber_network_threat_dataset,HAZ-HEA-SEV-0602,2026-04-15 09:22:23,Emergency Alert Compromise,System Exploit,Official Warning Service,Healthcare Organisation,Mass Panic Triggered,True,0.81,,,,,
HZ_00446,0723e406-d47d-48a7-abfd-026a1248449c,Tasmania,Southern Region,Hobart,storm,5.9,moderate,medium,2025-07-29T00:00:00+00:00,12,16.0,29.0,47.3,4,59,39.4,28160,cyber,cyber_network_threat_dataset,HAZ-STO-MOD-0603,2026-04-15 14:45:23,Misinformation,Social Media Post,Fake Government Account,Government Agency,False Evacuation,False,0.84,,,,,
HZ_00712,fcfa955b-79fd-4b3e-8eba-25259503a2ec,Victoria,Melbourne Metro,Melbourne,heatwave,5.4,moderate,medium,2024-11-29T00:00:00+00:00,6,53.3,0.0,18.1,12,39,230.46,10364,cyber,cyber_network_threat_dataset,HAZ-HEA-MOD-0604,2026-04-13 18:53:23,Fraud,Social Media,Fake Charity,Government Agency,Fake Payment,True,0.91,,,,,
HZ_00654,0d9421bb-53d5-4b91-b206-44a3c5fd3dad,Northern Territory,Top End,Darwin,flood,4.2,moderate,low,2024-07-28T00:00:00+00:00,6,19.0,122.8,73.3,11,27,132.46,30577,cyber,cyber_network_threat_dataset,HAZ-FLO-MOD-0605,2026-04-14 04:02:23,Data Breach,Stolen Credentials,,Citizens,Sensitive Record Exposure,True,0.85,,,,,
HZ_02702,fa62121e-ef87-4810-b010-f52fd7abd8dc,Northern Territory,Top End,Darwin,cyclone,4.8,moderate,low,2025-03-12T00:00:00+00:00,24,27.6,280.1,86.2,8,24,157.05,18223,cyber,cyber_network_threat_dataset,HAZ-CYC-MOD-0606,2026-04-10 11:08:23,Fraud,Social Media,Repair Contractor,Emergency Services,False Claim Submission,False,0.72,,,,,
HZ_00607,07139e03-6970-46b7-b7f6-d4f08d80f64f,Queensland,South East QLD,Brisbane,flood,8.6,extreme,high,2024-11-01T00:00:00+00:00,72,23.0,124.5,93.0,40,111,8.73,64127,cyber,cyber_network_threat_dataset,HAZ-FLO-EXT-0607,2026-04-10 02:53:23,Fraud,Fake Portal,Relief Support Officer,Healthcare Organisation,Fake Payment,True,0.91,,,,,
HZ_00715,eaa66eb8-99bc-444d-8c01-8f4df741b708,Victoria,Melbourne Metro,Melbourne,heatwave,6.2,severe,medium,2025-11-19T00:00:00+00:00,72,47.9,0.0,21.2,29,62,256.63,27119,cyber,cyber_network_threat_dataset,HAZ-HEA-SEV-0608,2026-04-14 20:05:23,Fraud,Phone Call,Fake Charity,Critical Infrastructure,Identity Theft,False,0.82,,,,,
HZ_00810,850cd4d1-5ed7-41ee-b130-be81940917c6,Victoria,Melbourne Metro,Melbourne,bushfire,9.6,extreme,high,2025-11-29T00:00:00+00:00,6,50.7,0.8,10.8,22,112,69.56,6734,cyber,cyber_network_threat_dataset,HAZ-BUS-EXT-0609,2026-04-11 12:39:23,DDoS,Botnet Traffic,,Government Agency,Service Unavailable,True,0.89,,,,,
HZ_00690,24604da9-78f8-43a4-a2cb-7261337fe24c,Northern Territory,Top End,Darwin,storm,9.8,extreme,high,2025-01-29T00:00:00+00:00,48,15.4,14.5,76.0,16,138,128.86,46950,cyber,cyber_network_threat_dataset,HAZ-STO-EXT-0610,2026-04-12 11:45:23,DDoS,Botnet Traffic,,Citizens,Service Unavailable,False,0.91,,,,,
HZ_02716,e1bd53c3-9b5a-4952-b646-c4358baa7876,New South Wales,Greater Sydney,Parramatta,earthquake,3.8,moderate,low,2024-05-12T00:00:00+00:00,48,18.4,15.9,63.7,16,45,161.66,17622,cyber,cyber_network_threat_dataset,HAZ-EAR-MOD-0611,2026-04-16 15:54:23,Emergency Alert Compromise,Stolen Credentials,Official Warning Service,Government Agency,False Warning Sent,False,0.84,,,,,
HZ_00395,0a37a22b-1fd5-4cf8-800f-9e3645aecc04,Queensland,South East QLD,Brisbane,bushfire,5.5,moderate,medium,2024-02-17T00:00:00+00:00,12,41.7,0.4,10.8,18,64,184.43,18059,cyber,cyber_network_threat_dataset,HAZ-BUS-MOD-0612,2026-04-16 03:58:23,API Abuse,Token Misuse,,Government Agency,Record Manipulation,True,0.7,,,,,
HZ_00658,6eadf5c1-87f9-4d64-ac17-614ec22b0349,Victoria,Melbourne Metro,Melbourne,flood,5.4,moderate,medium,2025-11-13T00:00:00+00:00,6,15.1,69.7,91.8,21,105,244.73,38672,cyber,cyber_network_threat_dataset,HAZ-FLO-MOD-0613,2026-04-15 07:07:23,Phishing,Fake Website,Emergency Services,Relief Organisation,Malware Download,False,0.82,,,,,
HZ_00322,d481de21-98e8-4391-899a-08090427495c,New South Wales,Hunter Region,Newcastle,storm,8.2,severe,high,2025-08-23T00:00:00+00:00,24,19.3,42.2,36.3,2,71,362.64,70327,cyber,cyber_network_threat_dataset,HAZ-STO-SEV-0614,2026-04-12 21:50:23,Misinformation,Social Media Post,Unofficial News Page,Citizens,Trust Erosion,False,0.78,,,,,
HZ_00694,f7bf0eed-187b-4aa7-a9e6-65fdf34be787,Tasmania,Southern Region,Hobart,storm,9.1,extreme,high,2024-11-14T00:00:00+00:00,72,26.7,10.6,47.9,0,177,239.66,10834,cyber,cyber_network_threat_dataset,HAZ-STO-EXT-0615,2026-04-15 21:00:23,Fraud,Fake Portal,Fake Charity,Citizens,False Claim Submission,True,0.82,,,,,
HZ_00714,8c885c3f-d295-4ccc-92ac-bba65c18d070,Western Australia,Perth Metro,Perth,heatwave,4.1,moderate,low,2025-11-26T00:00:00+00:00,72,51.5,0.0,13.5,18,71,149.26,30539,cyber,cyber_network_threat_dataset,HAZ-HEA-MOD-0616,2026-04-14 08:50:23,Fraud,Social Media,Relief Support Officer,Critical Infrastructure,False Claim Submission,False,0.78,,,,,
HZ_00418,01d8703d-ee52-419a-8437-c4a5fdc39003,Victoria,Melbourne Metro,Melbourne,bushfire,4.3,moderate,low,2025-12-30T00:00:00+00:00,48,42.5,1.6,21.4,8,30,16.45,10143,cyber,cyber_network_threat_dataset,HAZ-BUS-MOD-0617,2026-04-13 22:21:23,Misinformation,Social Media Post,Unofficial News Page,Emergency Services,False Evacuation,False,0.75,,,,,
HZ_00733,a5de53ab-305c-4bd0-af0f-c07881ec007b,Western Australia,Perth Metro,Perth,heatwave,7.5,severe,medium,2024-12-05T00:00:00+00:00,12,50.2,0.0,18.4,26,111,163.02,16138,cyber,cyber_network_threat_dataset,HAZ-HEA-SEV-0618,2026-04-10 09:43:23,Phishing,SMS,Insurance Provider,Healthcare Organisation,Malware Download,False,0.8,,,,,
HZ_00447,632e6945-b0b3-4f7d-86f3-ae78b4e49bb1,South Australia,Adelaide Metro,Adelaide,storm,5.0,moderate,medium,2024-03-18T00:00:00+00:00,24,25.5,25.3,65.8,15,49,214.92,17126,cyber,cyber_network_threat_dataset,HAZ-STO-MOD-0619,2026-04-16 09:42:23,Fraud,Fake Portal,Fake Charity,Citizens,Fake Payment,False,0.75,,,,,
HZ_00735,05940cb8-03e2-41c6-8ee1-36b6cb490191,New South Wales,Greater Sydney,Parramatta,heatwave,8.4,severe,high,2025-10-03T00:00:00+00:00,6,51.2,0.0,18.6,28,44,262.48,81550,cyber,cyber_network_threat_dataset,HAZ-HEA-SEV-0620,2026-04-16 20:58:23,Fraud,Social Media,Relief Support Officer,Relief Organisation,Identity Theft,False,0.79,,,,,
HZ_01462,6abe1df8-c7d6-43c4-858c-7857aae5a367,New South Wales,Hunter Region,Newcastle,earthquake,6.0,severe,medium,2025-03-28T00:00:00+00:00,72,10.2,3.7,,20,90,10.66,41080,cyber,cyber_network_threat_dataset,HAZ-EAR-SEV-0621,2026-04-11 07:58:23,Data Breach,Stolen Credentials,,Healthcare Organisation,Personal Data Leak,False,0.9,,,,,
HZ_00368,93a7bbd9-3c5e-4524-9b90-9e123d5e1a1c,Queensland,South East QLD,Brisbane,flood,6.3,severe,medium,2024-09-07T00:00:00+00:00,24,17.4,85.0,88.2,28,72,212.45,22961,cyber,cyber_network_threat_dataset,HAZ-FLO-SEV-0622,2026-04-15 22:55:23,Fraud,Social Media,Fake Charity,Healthcare Organisation,Fake Payment,False,0.89,,,,,
HZ_01274,8d17ef56-765e-48e3-a037-96ed455de045,Northern Territory,Top End,Darwin,cyclone,8.1,severe,high,2025-09-20T00:00:00+00:00,6,28.4,235.2,85.3,8,161,327.66,3440,cyber,cyber_network_threat_dataset,HAZ-CYC-SEV-0623,2026-04-13 12:12:23,Phishing,SMS,Charity Organisation,Healthcare Organisation,Financial Loss,False,0.95,,,,,
HZ_00337,c28f5bc9-cdbc-4a77-9935-7cad56d289aa,New South Wales,Greater Sydney,Parramatta,storm,6.1,severe,medium,2024-03-14T00:00:00+00:00,48,27.6,16.7,44.5,3,74,201.44,28329,cyber,cyber_network_threat_dataset,HAZ-STO-SEV-0624,2026-04-12 05:40:23,Phishing,SMS,Government Relief Agency,Emergency Services,Malware Download,True,0.93,,,,,
HZ_00776,c3d80b86-459f-456c-a6dc-b1eda404a445,Tasmania,Southern Region,Hobart,heatwave,7.7,severe,medium,2024-04-17T00:00:00+00:00,72,54.6,0.0,16.0,2,82,340.37,7507,cyber,cyber_network_threat_dataset,HAZ-HEA-SEV-0625,2026-04-12 22:18:23,Phishing,Fake Website,Emergency Services,Relief Organisation,Financial Loss,False,0.72,,,,,
HZ_00798,4f79ffbb-956e-4dac-9fff-f147b7c66630,New South Wales,Greater Sydney,Parramatta,heatwave,8.1,severe,high,2024-02-15T00:00:00+00:00,72,45.7,0.0,9.5,27,97,52.72,54164,cyber,cyber_network_threat_dataset,HAZ-HEA-SEV-0626,2026-04-16 17:33:23,Phishing,Fake Website,Government Relief Agency,Healthcare Organisation,Malware Download,True,0.76,,,,,
HZ_00696,1de5d796-2dbc-4e67-b418-909c6dc1c22f,New South Wales,Greater Sydney,Parramatta,storm,9.3,extreme,high,2024-10-24T00:00:00+00:00,24,20.7,25.0,32.7,21,76,216.05,30087,cyber,cyber_network_threat_dataset,HAZ-STO-EXT-0627,2026-04-15 22:50:23,Phishing,Email,Government Relief Agency,Relief Organisation,Credential Theft,False,0.72,,,,,
HZ_00724,1819eb87-74c0-44b6-8dfc-f3c0a1132eda,Queensland,Gold Coast Region,Surfers Paradise,heatwave,4.0,moderate,low,2024-02-29T00:00:00+00:00,12,49.9,0.0,20.9,4,25,33.51,3433,cyber,cyber_network_threat_dataset,HAZ-HEA-MOD-0628,2026-04-10 17:12:23,Fraud,Fake Portal,Fake Charity,Critical Infrastructure,False Claim Submission,True,0.9,,,,,
HZ_02628,09041b34-8854-4cfa-9e14-1367c11e359e,Tasmania,Southern Region,Hobart,earthquake,9.3,extreme,high,2024-05-10T00:00:00+00:00,48,17.1,46.9,43.1,25,60,66.33,67951,cyber,cyber_network_threat_dataset,HAZ-EAR-EXT-0629,2026-04-16 01:40:23,API Abuse,Token Misuse,,Citizens,Record Manipulation,False,0.76,,,,,
HZ_00487,fced0324-92db-4dbd-88f6-0948de8a93b3,Victoria,Melbourne Metro,Melbourne,storm,4.1,moderate,low,2024-05-23T00:00:00+00:00,72,20.0,26.8,72.2,6,59,121.97,36108,cyber,cyber_network_threat_dataset,HAZ-STO-MOD-0630,2026-04-11 03:51:23,DDoS,Botnet Traffic,,Government Agency,Delayed Response,True,0.9,,,,,
HZ_00830,c4307017-dbfb-4fae-829d-786945a46d1d,Queensland,South East QLD,Brisbane,heatwave,7.3,severe,medium,2024-01-13T00:00:00+00:00,12,50.5,0.0,8.8,12,108,329.64,19002,cyber,cyber_network_threat_dataset,HAZ-HEA-SEV-0631,2026-04-11 20:37:23,Phishing,Email,Charity Organisation,Government Agency,Financial Loss,True,0.95,,,,,
HZ_00834,72b6197f-da56-40a1-aac3-19414f1164a3,Victoria,Melbourne Metro,Melbourne,heatwave,7.8,severe,medium,2025-10-29T00:00:00+00:00,6,52.5,0.0,17.7,11,114,161.84,42532,cyber,cyber_network_threat_dataset,HAZ-HEA-SEV-0632,2026-04-13 21:27:23,DDoS,Botnet Traffic,,Citizens,Delayed Response,False,0.71,,,,,
HZ_02811,5b48090b-b904-4e8f-81f1-e784a091ea13,Western Australia,Perth Metro,Perth,earthquake,5.4,moderate,medium,2025-10-22T00:00:00+00:00,6,22.2,26.2,52.9,1,35,120.52,25406,cyber,cyber_network_threat_dataset,HAZ-EAR-MOD-0633,2026-04-11 01:44:23,Misinformation,Deepfake Video,Unofficial News Page,Healthcare Organisation,Public Confusion,False,0.74,,,,,
HZ_00637,c344aaae-d3d0-4bc3-99ea-d385ab4b4b13,Northern Territory,Top End,Darwin,flood,9.3,extreme,high,2025-05-26T00:00:00+00:00,72,21.2,209.9,82.8,19,69,51.79,74368,cyber,cyber_network_threat_dataset,HAZ-FLO-EXT-0634,2026-04-11 10:55:23,Misinformation,Deepfake Video,Fake Government Account,Government Agency,False Evacuation,False,0.77,,,,,
HZ_00342,5a8fc1b5-baae-46c4-ab05-51f396a52d58,Victoria,Barwon South West,Geelong,storm,6.1,severe,medium,2024-02-02T00:00:00+00:00,12,21.7,24.6,48.9,7,93,113.89,20129,cyber,cyber_network_threat_dataset,HAZ-STO-SEV-0635,2026-04-16 08:26:23,Fraud,Fake Portal,Repair Contractor,Emergency Services,False Claim Submission,True,0.72,,,,,
HZ_01715,ca5e76a8-c318-4a6f-87d9-56a43dc3005a,New South Wales,Greater Sydney,Parramatta,heatwave,8.6,extreme,high,2025-09-01T00:00:00+00:00,12,56.4,0.0,5.5,38,108,392.4,4043,cyber,cyber_network_threat_dataset,HAZ-HEA-EXT-0636,2026-04-11 09:59:23,Data Breach,Unsecured API,,Healthcare Organisation,Personal Data Leak,True,0.85,,,,,
HZ_00432,4f706aff-7c19-4b2c-a866-d54bdea2deef,Western Australia,Perth Metro,Perth,bushfire,4.4,moderate,low,2025-01-13T00:00:00+00:00,72,39.4,0.7,6.9,6,63,219.52,5218,cyber,cyber_network_threat_dataset,HAZ-BUS-MOD-0637,2026-04-11 11:36:23,Misinformation,Social Media Post,Fake Government Account,Emergency Services,Public Confusion,False,0.95,,,,,
HZ_00351,d5e36c75-dc4c-4fcf-aa2b-ea2de22011df,New South Wales,Greater Sydney,Parramatta,storm,7.5,severe,medium,2024-08-30T00:00:00+00:00,6,20.3,44.9,35.2,17,110,93.86,40580,cyber,cyber_network_threat_dataset,HAZ-STO-SEV-0638,2026-04-12 22:03:23,Emergency Alert Compromise,Stolen Credentials,Official Warning Service,Citizens,False Warning Sent,True,0.87,,,,,
HZ_01313,b6f02a85-bed2-44f1-a3d6-75f9995f7cdb,New South Wales,Greater Sydney,Parramatta,cyclone,6.4,severe,medium,2024-04-10T00:00:00+00:00,12,24.6,159.4,99.0,24,113,64.82,37723,cyber,cyber_network_threat_dataset,HAZ-CYC-SEV-0639,2026-04-12 11:21:23,DDoS,Botnet Traffic,,Citizens,Service Unavailable,False,0.88,,,,,
HZ_00496,c6b516ce-1d36-4cce-b590-970202441be1,Northern Territory,Top End,Darwin,storm,5.4,moderate,medium,2025-05-07T00:00:00+00:00,6,16.5,6.0,45.8,1,43,16.93,27577,cyber,cyber_network_threat_dataset,HAZ-STO-MOD-0640,2026-04-13 01:22:23,Data Breach,Stolen Credentials,,Critical Infrastructure,Sensitive Record Exposure,False,0.84,,,,,
HZ_00665,cfad2867-0100-44ac-87fb-05588c81e284,Northern Territory,Top End,Darwin,flood,5.3,moderate,medium,2024-08-03T00:00:00+00:00,12,20.7,152.2,99.6,1,45,150.88,47542,cyber,cyber_network_threat_dataset,HAZ-FLO-MOD-0641,2026-04-16 20:57:23,Misinformation,Social Media Post,Unofficial News Page,Citizens,Trust Erosion,True,0.72,,,,,
HZ_00732,24306ac3-1c95-4ad7-ac13-2953fca22e08,New South Wales,Hunter Region,Newcastle,storm,9.6,extreme,high,2024-06-04T00:00:00+00:00,24,19.2,24.2,55.6,31,131,309.85,83957,cyber,cyber_network_threat_dataset,HAZ-STO-EXT-0642,2026-04-13 16:14:23,Data Breach,Stolen Credentials,,Healthcare Organisation,Personal Data Leak,False,0.77,,,,,
HZ_00864,2271cc98-a685-4406-b29e-5b0993ba4bff,Northern Territory,Top End,Darwin,heatwave,7.6,severe,medium,2025-10-17T00:00:00+00:00,72,51.6,0.0,22.3,35,122,57.66,11732,cyber,cyber_network_threat_dataset,HAZ-HEA-SEV-0643,2026-04-11 20:58:23,Misinformation,Social Media Post,Unofficial News Page,Critical Infrastructure,Public Confusion,True,0.77,,,,,
HZ_00822,b5c8593b-8575-4f22-9650-f25c4683664f,Queensland,South East QLD,Brisbane,bushfire,9.2,extreme,high,2025-02-02T00:00:00+00:00,12,54.0,1.2,13.6,45,146,423.32,73479,cyber,cyber_network_threat_dataset,HAZ-BUS-EXT-0644,2026-04-12 03:16:23,Misinformation,Deepfake Video,Anonymous Social Media Account,Healthcare Organisation,False Evacuation,True,0.81,,,,,
HZ_00287,92868772-c8ba-4ccc-831f-33eefbbcf7f2,New South Wales,Hunter Region,Newcastle,bushfire,8.0,severe,high,2025-10-25T00:00:00+00:00,6,44.3,1.4,5.0,15,140,151.65,69183,cyber,cyber_network_threat_dataset,HAZ-BUS-SEV-0645,2026-04-15 09:58:23,Fraud,Social Media,Fake Charity,Government Agency,False Claim Submission,True,0.81,,,,,
HZ_00449,20e6a461-e6ac-4fe8-b07f-14264eeaabc0,Queensland,Gold Coast Region,Surfers Paradise,bushfire,4.9,moderate,low,2024-05-14T00:00:00+00:00,24,36.1,1.1,17.6,17,95,172.65,43169,cyber,cyber_network_threat_dataset,HAZ-BUS-MOD-0646,2026-04-11 05:41:23,Fraud,Phone Call,Relief Support Officer,Critical Infrastructure,Identity Theft,False,0.93,,,,,
HZ_00376,3d07354c-204a-486d-9b9a-fb73644cdfcf,Queensland,Gold Coast Region,Surfers Paradise,flood,7.2,severe,medium,2025-06-08T00:00:00+00:00,24,18.8,187.0,,18,109,328.07,44396,cyber,cyber_network_threat_dataset,HAZ-FLO-SEV-0647,2026-04-12 06:41:23,Misinformation,Deepfake Video,Unofficial News Page,Citizens,Public Confusion,True,0.77,,,,,
HZ_00668,0b60cb19-95fe-4f24-96e8-d3b8fcecf7df,New South Wales,Greater Sydney,Parramatta,flood,9.2,extreme,high,2025-09-09T00:00:00+00:00,24,16.0,161.5,89.6,34,175,181.94,22676,cyber,cyber_network_threat_dataset,HAZ-FLO-EXT-0648,2026-04-16 03:15:23,Data Breach,Stolen Credentials,,Critical Infrastructure,Personal Data Leak,True,0.71,,,,,
HZ_00758,9d475142-1f9b-4e58-9cdb-e250336e1bdd,Western Australia,Perth Metro,Perth,storm,9.5,extreme,high,2024-11-06T00:00:00+00:00,6,26.5,12.7,49.5,37,132,255.4,17661,cyber,cyber_network_threat_dataset,HAZ-STO-EXT-0649,2026-04-15 19:48:23,API Abuse,Token Misuse,,Relief Organisation,Record Manipulation,True,0.73,,,,,
HZ_02752,aea1b1ba-093a-4b29-9e01-91f5523acf5f,Victoria,Barwon South West,Geelong,cyclone,4.7,moderate,low,2025-09-23T00:00:00+00:00,72,25.4,322.8,80.3,17,76,32.19,30740,cyber,cyber_network_threat_dataset,HAZ-CYC-MOD-0650,2026-04-13 04:52:23,Ransomware,Malicious Attachment,,Emergency Services,Service Disruption,True,0.82,,,,,
HZ_00738,8fb35cb9-c517-4002-9876-8428dce8a8d0,New South Wales,Hunter Region,Newcastle,heatwave,4.1,moderate,low,2024-03-08T00:00:00+00:00,6,45.4,0.0,19.7,1,37,141.03,32241,cyber,cyber_network_threat_dataset,HAZ-HEA-MOD-0651,2026-04-10 08:19:23,Phishing,Fake Website,Charity Organisation,Relief Organisation,Financial Loss,False,0.77,,,,,
HZ_00759,81625a47-3ad7-4acb-b001-6ba7b62b36e7,Western Australia,Perth Metro,Perth,storm,9.1,extreme,high,2025-12-14T00:00:00+00:00,6,19.3,44.2,76.5,18,87,389.83,60689,cyber,cyber_network_threat_dataset,HAZ-STO-EXT-0652,2026-04-11 07:06:23,Misinformation,Social Media Post,Unofficial News Page,Government Agency,False Evacuation,True,0.78,,,,,
HZ_02632,6ad3f303-c014-4fa1-903b-0a6721663847,Victoria,Melbourne Metro,Melbourne,earthquake,9.8,extreme,high,2025-10-18T00:00:00+00:00,12,20.8,36.0,70.3,39,117,82.48,65425,cyber,cyber_network_threat_dataset,HAZ-EAR-EXT-0653,2026-04-14 02:41:23,DDoS,Botnet Traffic,,Healthcare Organisation,Service Unavailable,True,0.92,,,,,
HZ_00799,a7b3471b-31a0-46a4-ac22-557e49bb046a,Queensland,Gold Coast Region,Surfers Paradise,storm,8.9,extreme,high,2025-06-30T00:00:00+00:00,6,18.3,30.1,32.2,32,154,9.25,36475,cyber,cyber_network_threat_dataset,HAZ-STO-EXT-0654,2026-04-14 04:05:23,Ransomware,Credential Theft,,Healthcare Organisation,System Encryption,False,0.81,,,,,
HZ_00829,92470321-afc9-4cd5-a20c-02f494b3edc3,South Australia,Adelaide Metro,Adelaide,bushfire,9.8,extreme,high,2024-01-08T00:00:00+00:00,24,48.0,1.9,18.2,21,85,26.6,58746,cyber,cyber_network_threat_dataset,HAZ-BUS-EXT-0655,2026-04-14 02:35:23,Ransomware,Malicious Attachment,,Government Agency,Service Disruption,True,0.91,,,,,
HZ_02856,b4862509-300f-43d8-ab39-8291b668225e,Northern Territory,Top End,Darwin,cyclone,9.3,extreme,high,2024-11-04T00:00:00+00:00,72,27.2,337.2,97.2,20,174,228.91,22428,cyber,cyber_network_threat_dataset,HAZ-CYC-EXT-0656,2026-04-13 13:31:23,Fraud,Fake Portal,Relief Support Officer,Emergency Services,False Claim Submission,True,0.82,,,,,
HZ_00841,030b9f81-f691-4d59-80d2-0d6f6019cdbf,Queensland,Gold Coast Region,Surfers Paradise,bushfire,8.9,extreme,high,2025-01-11T00:00:00+00:00,48,39.8,1.6,5.0,28,60,332.37,76391,cyber,cyber_network_threat_dataset,HAZ-BUS-EXT-0657,2026-04-15 22:29:23,Data Breach,Unsecured API,,Healthcare Organisation,Personal Data Leak,True,0.91,,,,,
HZ_02878,b4196a82-8b29-4b9b-ad33-11d1daa5b65b,Northern Territory,Top End,Darwin,earthquake,4.3,moderate,low,2025-04-01T00:00:00+00:00,48,26.4,6.5,60.8,4,85,107.66,34409,cyber,cyber_network_threat_dataset,HAZ-EAR-MOD-0658,2026-04-16 07:06:23,Emergency Alert Compromise,Stolen Credentials,Official Warning Service,Citizens,Mass Panic Triggered,True,0.84,,,,,
HZ_00305,6f20eeec-e346-4b4c-b7df-4d90dc2cd935,Northern Territory,Top End,Darwin,bushfire,6.7,severe,medium,2024-02-07T00:00:00+00:00,24,39.6,1.1,21.5,14,109,85.81,57509,cyber,cyber_network_threat_dataset,HAZ-BUS-SEV-0659,2026-04-11 14:13:23,Phishing,Email,Emergency Services,Citizens,Financial Loss,False,0.9,,,,,
HZ_00672,6902a3b4-4f02-44c0-93bf-1d51d47f73e3,New South Wales,Greater Sydney,Parramatta,flood,9.1,extreme,high,2024-08-22T00:00:00+00:00,24,24.2,73.8,94.1,33,166,10.73,16405,cyber,cyber_network_threat_dataset,HAZ-FLO-EXT-0660,2026-04-13 16:29:23,Data Breach,Stolen Credentials,,Healthcare Organisation,Sensitive Record Exposure,True,0.74,,,,,
HZ_00359,b977c506-baaa-4e58-93e2-239792f1ad42,Western Australia,Perth Metro,Perth,storm,6.9,severe,medium,2025-06-23T00:00:00+00:00,72,19.9,37.9,78.1,7,37,216.59,20704,cyber,cyber_network_threat_dataset,HAZ-STO-SEV-0661,2026-04-14 03:57:23,Phishing,SMS,Charity Organisation,Citizens,Financial Loss,False,0.71,,,,,
HZ_00338,c1bde130-3193-4249-97f9-9ba89f7b8366,Queensland,South East QLD,Brisbane,bushfire,7.2,severe,medium,2025-10-05T00:00:00+00:00,48,45.6,1.5,5.0,7,45,19.54,70552,cyber,cyber_network_threat_dataset,HAZ-BUS-SEV-0662,2026-04-13 16:08:23,Data Breach,Stolen Credentials,,Relief Organisation,Personal Data Leak,True,0.93,,,,,
HZ_01476,321e5a3d-4df9-4f46-be6a-fac62305b872,Tasmania,Southern Region,Hobart,cyclone,7.1,severe,medium,2024-09-19T00:00:00+00:00,6,28.7,136.5,95.7,5,59,9.15,33200,cyber,cyber_network_threat_dataset,HAZ-CYC-SEV-0663,2026-04-10 05:43:23,Data Breach,Unsecured API,,Emergency Services,Personal Data Leak,False,0.94,,,,,
HZ_01737,72a0019e-0ed6-4d36-9c20-e37cd51e857a,Tasmania,Southern Region,Hobart,heatwave,9.3,extreme,high,2025-02-04T00:00:00+00:00,24,50.1,0.0,13.4,41,86,108.56,10540,cyber,cyber_network_threat_dataset,HAZ-HEA-EXT-0664,2026-04-12 03:38:23,Phishing,SMS,Insurance Provider,Government Agency,Malware Download,False,0.72,,,,,
HZ_00709,a4958c31-1259-48fe-acde-657d054c4f56,Victoria,Barwon South West,Geelong,flood,8.7,extreme,high,2024-06-09T00:00:00+00:00,48,20.7,156.4,95.3,26,89,371.7,16592,cyber,cyber_network_threat_dataset,HAZ-FLO-EXT-0665,2026-04-11 11:06:23,Phishing,SMS,Government Relief Agency,Critical Infrastructure,Malware Download,False,0.72,,,,,
HZ_00367,1cbd0e88-1326-4444-ba6d-72806d01281d,New South Wales,Hunter Region,Newcastle,storm,7.1,severe,medium,2025-08-17T00:00:00+00:00,6,16.6,18.0,69.2,34,131,352.44,45532,cyber,cyber_network_threat_dataset,HAZ-STO-SEV-0666,2026-04-10 18:19:23,DDoS,Botnet Traffic,,Citizens,Service Unavailable,True,0.7,,,,,
HZ_00532,db1cbaa6-af59-4261-9c3c-8534ecd39658,Northern Territory,Top End,Darwin,storm,5.8,moderate,medium,2025-11-06T00:00:00+00:00,6,20.1,48.8,74.1,24,113,116.24,31252,cyber,cyber_network_threat_dataset,HAZ-STO-MOD-0667,2026-04-14 13:52:23,Phishing,Email,Insurance Provider,Citizens,Financial Loss,False,0.97,,,,,
HZ_00863,c4ba21b9-7fd3-4b31-b7f0-f72e7afa9902,Queensland,Gold Coast Region,Surfers Paradise,bushfire,9.6,extreme,high,2024-05-13T00:00:00+00:00,24,49.2,1.4,5.0,15,66,473.07,12150,cyber,cyber_network_threat_dataset,HAZ-BUS-EXT-0668,2026-04-16 13:36:23,DDoS,Botnet Traffic,,Critical Infrastructure,Delayed Response,True,0.8,,,,,
HZ_02771,92d7847e-e0ef-48b7-bf37-1a464f2f11ef,Victoria,Barwon South West,Geelong,cyclone,4.8,moderate,low,2025-05-31T00:00:00+00:00,6,29.4,277.3,85.9,2,85,109.1,46504,cyber,cyber_network_threat_dataset,HAZ-CYC-MOD-0669,2026-04-16 12:01:23,Fraud,Fake Portal,Relief Support Officer,Government Agency,Fake Payment,True,0.92,,,,,
HZ_00469,195f2cd9-2d10-4988-b9e6-872346439a50,New South Wales,Hunter Region,Newcastle,bushfire,4.1,moderate,low,2025-01-20T00:00:00+00:00,12,44.2,0.3,19.2,6,52,172.66,35078,cyber,cyber_network_threat_dataset,HAZ-BUS-MOD-0670,2026-04-15 03:15:23,Fraud,Phone Call,Repair Contractor,Emergency Services,Identity Theft,False,0.92,,,,,
HZ_00539,46e65985-f676-4e0f-8f84-acded376bb19,New South Wales,Hunter Region,Newcastle,storm,4.5,moderate,low,2024-07-08T00:00:00+00:00,24,16.4,36.8,42.1,4,76,85.03,41270,cyber,cyber_network_threat_dataset,HAZ-STO-MOD-0671,2026-04-16 14:11:23,Ransomware,Credential Theft,,Critical Infrastructure,Service Disruption,False,0.77,,,,,
HZ_01523,119edf81-c38e-4b64-9585-1d169a93cbf0,Northern Territory,Top End,Darwin,cyclone,6.9,severe,medium,2024-09-11T00:00:00+00:00,24,28.3,179.8,88.6,22,127,121.68,14405,cyber,cyber_network_threat_dataset,HAZ-CYC-SEV-0672,2026-04-11 11:47:23,Fraud,Social Media,Relief Support Officer,Citizens,Fake Payment,False,0.85,,,,,
HZ_00473,704a8506-6db3-4e4f-b7c1-17b80a26fb24,Victoria,Melbourne Metro,Melbourne,bushfire,4.8,moderate,low,2024-04-02T00:00:00+00:00,12,49.5,1.2,16.6,15,79,218.13,14082,cyber,cyber_network_threat_dataset,HAZ-BUS-MOD-0673,2026-04-12 06:10:23,Fraud,Phone Call,Repair Contractor,Government Agency,Identity Theft,False,0.78,,,,,
HZ_01561,ea5e84a4-f36c-4886-9402-a69785a2aedd,Western Australia,Perth Metro,Perth,cyclone,8.3,severe,high,2024-10-19T00:00:00+00:00,12,26.0,191.9,85.5,21,137,165.91,43604,cyber,cyber_network_threat_dataset,HAZ-CYC-SEV-0674,2026-04-10 10:01:23,Data Breach,Unsecured API,,Critical Infrastructure,Personal Data Leak,True,0.88,,,,,
HZ_00767,17f97ae4-a858-4894-a4e7-665045abe924,New South Wales,Greater Sydney,Parramatta,heatwave,5.2,moderate,medium,2025-04-03T00:00:00+00:00,12,52.4,0.0,13.5,17,39,80.73,27513,cyber,cyber_network_threat_dataset,HAZ-HEA-MOD-0675,2026-04-16 19:56:23,Misinformation,Deepfake Video,Unofficial News Page,Critical Infrastructure,Public Confusion,False,0.79,,,,,
HZ_00860,eda7f377-78de-4716-bb3e-cea28bdd5281,New South Wales,Hunter Region,Newcastle,heatwave,4.2,moderate,low,2024-04-26T00:00:00+00:00,72,43.8,0.0,5.1,1,26,206.22,6485,cyber,cyber_network_threat_dataset,HAZ-HEA-MOD-0676,2026-04-16 04:58:23,Data Breach,Unsecured API,,Citizens,Personal Data Leak,False,0.84,,,,,
HZ_00673,4d3b9927-e974-4344-b879-ffd759da357d,South Australia,Adelaide Metro,Adelaide,flood,4.9,moderate,low,2024-09-13T00:00:00+00:00,48,19.4,121.5,85.5,10,71,241.77,27234,cyber,cyber_network_threat_dataset,HAZ-FLO-MOD-0677,2026-04-12 18:02:23,Ransomware,Malicious Attachment,,Citizens,Service Disruption,False,0.99,,,,,
HZ_01468,2f8d83d5-2878-430f-93e6-2443b4befc37,Northern Territory,Top End,Darwin,earthquake,8.4,severe,high,2025-04-25T00:00:00+00:00,24,11.5,46.2,35.6,17,146,243.24,64706,cyber,cyber_network_threat_dataset,HAZ-EAR-SEV-0678,2026-04-09 23:29:23,Fraud,Phone Call,Fake Charity,Critical Infrastructure,Identity Theft,False,0.74,,,,,
HZ_02904,fc846864-a2e2-4f0d-b955-86d697e418ea,Victoria,Melbourne Metro,Melbourne,cyclone,8.6,extreme,high,2024-10-25T00:00:00+00:00,48,30.1,279.1,84.2,10,166,186.73,59968,cyber,cyber_network_threat_dataset,HAZ-CYC-EXT-0679,2026-04-16 06:46:23,DDoS,Botnet Traffic,,Government Agency,Delayed Response,True,0.89,,,,,
HZ_00340,b69ec36c-2748-4cb8-9d90-e2850f5e1d38,New South Wales,Greater Sydney,Parramatta,bushfire,7.3,severe,medium,2024-03-24T00:00:00+00:00,48,43.2,1.2,16.7,33,98,362.72,61576,cyber,cyber_network_threat_dataset,HAZ-BUS-SEV-0680,2026-04-15 10:18:23,Phishing,Email,Insurance Provider,Critical Infrastructure,Malware Download,False,0.87,,,,,
HZ_00808,246bd954-a25e-4fff-a220-adec3bb0f706,New South Wales,Hunter Region,Newcastle,storm,9.9,extreme,high,2024-09-04T00:00:00+00:00,72,24.0,1.9,40.9,18,167,129.51,68741,cyber,cyber_network_threat_dataset,HAZ-STO-EXT-0681,2026-04-11 00:27:23,Phishing,Fake Website,Government Relief Agency,Critical Infrastructure,Financial Loss,False,0.99,,,,,
HZ_00825,04d64a4d-381e-454e-ab79-929f10900dbf,South Australia,Adelaide Metro,Adelaide,storm,9.8,extreme,high,2025-08-23T00:00:00+00:00,6,25.0,23.3,60.5,27,177,208.37,4251,cyber,cyber_network_threat_dataset,HAZ-STO-EXT-0682,2026-04-12 04:31:23,Ransomware,Malicious Attachment,,Healthcare Organisation,System Encryption,True,0.75,,,,,
HZ_00895,b518a99c-31a6-486c-973a-ec46212ddb66,Queensland,South East QLD,Brisbane,heatwave,8.2,severe,high,2024-12-27T00:00:00+00:00,6,52.4,0.0,11.7,28,93,141.38,75506,cyber,cyber_network_threat_dataset,HAZ-HEA-SEV-0683,2026-04-16 15:12:23,Phishing,Email,Emergency Services,Government Agency,Financial Loss,True,0.86,,,,,
HZ_01543,8d802db9-7338-4466-999b-98c7f92be4f1,Western Australia,Perth Metro,Perth,earthquake,7.4,severe,medium,2025-03-23T00:00:00+00:00,72,23.1,18.9,38.8,13,105,155.18,64479,cyber,cyber_network_threat_dataset,HAZ-EAR-SEV-0684,2026-04-14 02:14:23,Ransomware,Malicious Attachment,,Healthcare Organisation,Service Disruption,False,0.88,,,,,
HZ_00879,75ffd695-e57f-40ca-a542-50c457ddd9ba,New South Wales,Greater Sydney,Parramatta,bushfire,9.1,extreme,high,2025-03-17T00:00:00+00:00,6,51.0,2.0,5.9,12,101,252.44,17525,cyber,cyber_network_threat_dataset,HAZ-BUS-EXT-0685,2026-04-14 17:34:23,Misinformation,Deepfake Video,Fake Government Account,Citizens,Trust Erosion,True,0.71,,,,,
HZ_01740,85a60e21-25bf-4ced-b3b9-da42f69ec8be,Victoria,Barwon South West,Geelong,heatwave,9.1,extreme,high,2024-12-08T00:00:00+00:00,24,50.6,0.0,8.7,27,163,143.7,16124,cyber,cyber_network_threat_dataset,HAZ-HEA-EXT-0686,2026-04-10 08:40:23,Ransomware,Malicious Attachment,,Critical Infrastructure,Service Disruption,False,0.85,,,,,
HZ_01580,d8730430-836a-4921-8fd4-715d20f8887a,Queensland,Gold Coast Region,Surfers Paradise,cyclone,6.9,severe,medium,2024-03-24T00:00:00+00:00,24,25.9,185.1,93.0,1,107,82.97,51950,cyber,cyber_network_threat_dataset,HAZ-CYC-SEV-0687,2026-04-16 11:28:23,Fraud,Social Media,Repair Contractor,Citizens,False Claim Submission,False,0.98,,,,,
HZ_00386,7a7678ff-717b-4f60-beca-639ec289fb4a,Victoria,Melbourne Metro,Melbourne,flood,8.2,severe,high,2024-08-30T00:00:00+00:00,6,23.5,189.8,91.1,32,90,218.24,10669,cyber,cyber_network_threat_dataset,HAZ-FLO-SEV-0688,2026-04-15 15:23:23,Phishing,Fake Website,Government Relief Agency,Healthcare Organisation,Malware Download,True,0.77,,,,,
HZ_00676,967e6526-7769-4c0b-8e1b-8828de44e898,New South Wales,Greater Sydney,Parramatta,flood,4.9,moderate,low,2025-11-05T00:00:00+00:00,24,24.9,183.2,85.5,4,30,126.54,43034,cyber,cyber_network_threat_dataset,HAZ-FLO-MOD-0689,2026-04-13 13:02:23,Fraud,Phone Call,Repair Contractor,Healthcare Organisation,Fake Payment,True,0.93,,,,,
HZ_00831,91c2c5f7-94ec-47dc-8cdc-dcd197977aca,Queensland,Gold Coast Region,Surfers Paradise,storm,9.4,extreme,high,2024-06-04T00:00:00+00:00,12,28.4,8.4,42.7,40,122,176.63,82091,cyber,cyber_network_threat_dataset,HAZ-STO-EXT-0690,2026-04-16 06:45:23,Data Breach,Stolen Credentials,,Citizens,Personal Data Leak,True,0.98,,,,,
HZ_00479,7e308370-f55a-4dd0-bc25-5cc3241c5e12,Western Australia,Perth Metro,Perth,bushfire,4.7,moderate,low,2024-11-25T00:00:00+00:00,72,47.2,0.8,19.2,10,56,18.1,11458,cyber,cyber_network_threat_dataset,HAZ-BUS-MOD-0691,2026-04-15 13:19:23,Data Breach,Stolen Credentials,,Emergency Services,Sensitive Record Exposure,True,0.71,,,,,
HZ_01619,71b4d9af-b8b6-4940-884c-5be96706201d,Queensland,Gold Coast Region,Surfers Paradise,cyclone,8.3,severe,high,2024-10-05T00:00:00+00:00,6,30.7,158.5,86.2,37,126,28.13,32605,cyber,cyber_network_threat_dataset,HAZ-CYC-SEV-0692,2026-04-10 07:48:23,Fraud,Phone Call,Relief Support Officer,Critical Infrastructure,Identity Theft,True,0.82,,,,,
HZ_03032,5701bf5b-9cf9-4d1b-a978-88e81b924aca,Northern Territory,Top End,Darwin,cyclone,8.6,extreme,high,2024-03-08T00:00:00+00:00,24,28.7,230.2,98.3,5,169,270.48,2848,cyber,cyber_network_threat_dataset,HAZ-CYC-EXT-0693,2026-04-14 08:30:23,Misinformation,Social Media Post,Unofficial News Page,Citizens,False Evacuation,False,0.85,,,,,
HZ_02772,8b96b043-ea2c-4054-9700-986e8f60e768,Victoria,Barwon South West,Geelong,cyclone,5.8,moderate,medium,2024-10-30T00:00:00+00:00,12,30.3,242.0,83.7,3,90,134.87,30008,cyber,cyber_network_threat_dataset,HAZ-CYC-MOD-0694,2026-04-13 03:02:23,Ransomware,Malicious Attachment,,Citizens,Data Exposure,True,0.83,,,,,
HZ_00554,b5ff8f17-59e8-49a2-87ec-b065f807c647,Victoria,Melbourne Metro,Melbourne,storm,5.5,moderate,medium,2025-05-02T00:00:00+00:00,48,28.5,26.7,50.9,20,89,166.99,18932,cyber,cyber_network_threat_dataset,HAZ-STO-MOD-0695,2026-04-11 04:06:23,Fraud,Fake Portal,Relief Support Officer,Critical Infrastructure,Fake Payment,False,0.8,,,,,
HZ_03151,edfe8acd-4d92-4be7-bc3f-abeef65d1286,South Australia,Adelaide Metro,Adelaide,cyclone,8.6,extreme,high,2025-03-23T00:00:00+00:00,6,30.3,265.8,93.1,10,77,174.81,8314,cyber,cyber_network_threat_dataset,HAZ-CYC-EXT-0696,2026-04-16 07:54:23,Emergency Alert Compromise,Stolen Credentials,Official Warning Service,Emergency Services,False Warning Sent,True,0.87,,,,,
HZ_00341,4cc35fc7-32a5-4d4c-92ab-075bac26c4f7,New South Wales,Greater Sydney,Parramatta,bushfire,7.3,severe,medium,2024-05-03T00:00:00+00:00,24,46.5,1.9,11.1,1,76,138.81,64739,cyber,cyber_network_threat_dataset,HAZ-BUS-SEV-0697,2026-04-12 00:18:23,Phishing,Email,Insurance Provider,Relief Organisation,Credential Theft,True,0.88,,,,,
HZ_02906,e1f89cc6-674d-4bac-ac49-34340bb1e139,Victoria,Barwon South West,Geelong,earthquake,4.7,moderate,low,2025-03-20T00:00:00+00:00,48,10.1,12.9,65.7,15,33,174.04,24646,cyber,cyber_network_threat_dataset,HAZ-EAR-MOD-0698,2026-04-14 14:07:23,Misinformation,Deepfake Video,Anonymous Social Media Account,Healthcare Organisation,Trust Erosion,False,0.95,,,,,
HZ_03279,ff70023d-84d9-44e1-a93b-3bb2c0a42fac,South Australia,Adelaide Metro,Adelaide,earthquake,3.9,moderate,low,2025-05-13T00:00:00+00:00,48,23.8,0.9,56.1,19,57,106.36,33359,cyber,cyber_network_threat_dataset,HAZ-EAR-MOD-0699,2026-04-13 04:19:23,Fraud,Fake Portal,Relief Support Officer,Emergency Services,Identity Theft,False,0.91,,,,,
HZ_00901,e62b5b39-c5bc-4444-b65e-49c6ef7bf6c3,Queensland,Gold Coast Region,Surfers Paradise,heatwave,6.5,severe,medium,2024-11-23T00:00:00+00:00,6,41.5,0.0,14.2,22,47,277.73,38190,cyber,cyber_network_threat_dataset,HAZ-HEA-SEV-0700,2026-04-11 16:00:23,Ransomware,Credential Theft,,Emergency Services,Data Exposure,True,0.82,,,,,
HZ_01661,4ce9478b-e08c-41c4-8b8f-d9f579e46775,Queensland,South East QLD,Brisbane,cyclone,8.2,severe,high,2025-10-03T00:00:00+00:00,72,31.2,302.6,94.5,10,145,355.36,37889,cyber,cyber_network_threat_dataset,HAZ-CYC-SEV-0701,2026-04-15 05:43:23,DDoS,Botnet Traffic,,Government Agency,Service Unavailable,True,0.75,,,,,
HZ_02720,518e98d5-9367-4c80-9342-e2caf78bf486,South Australia,Adelaide Metro,Adelaide,earthquake,8.6,extreme,high,2025-05-20T00:00:00+00:00,6,19.9,42.4,39.5,31,146,343.19,43830,cyber,cyber_network_threat_dataset,HAZ-EAR-EXT-0702,2026-04-11 20:56:23,Emergency Alert Compromise,System Exploit,Official Warning Service,Government Agency,Mass Panic Triggered,False,0.77,,,,,
HZ_00867,9597269d-1aa4-4250-89f7-5c75a94c8bb8,Victoria,Barwon South West,Geelong,storm,9.1,extreme,high,2024-02-05T00:00:00+00:00,12,27.7,30.2,54.3,29,94,132.13,70769,cyber,cyber_network_threat_dataset,HAZ-STO-EXT-0703,2026-04-16 14:06:23,Ransomware,Malicious Attachment,,Healthcare Organisation,Data Exposure,True,0.84,,,,,
HZ_00923,98c0906c-d7ef-4e18-8a3a-37e4074e9630,Queensland,South East QLD,Brisbane,heatwave,8.1,severe,high,2024-02-09T00:00:00+00:00,72,46.4,0.0,11.5,38,65,144.66,9675,cyber,cyber_network_threat_dataset,HAZ-HEA-SEV-0704,2026-04-15 15:42:23,Phishing,Email,Government Relief Agency,Emergency Services,Credential Theft,False,0.89,,,,,
HZ_00566,17f2ed12-a674-47e5-9fad-c96e0b7daa3c,Victoria,Barwon South West,Geelong,storm,4.3,moderate,low,2024-06-07T00:00:00+00:00,6,17.5,6.3,65.6,17,37,57.01,29859,cyber,cyber_network_threat_dataset,HAZ-STO-MOD-0705,2026-04-12 10:00:23,Phishing,Fake Website,Charity Organisation,Citizens,Credential Theft,False,0.87,,,,,
HZ_00683,f85ebbd0-821c-4b72-b36a-237c1f6e4138,Victoria,Melbourne Metro,Melbourne,flood,3.8,moderate,low,2024-05-30T00:00:00+00:00,72,20.6,150.9,94.9,16,69,20.24,34893,cyber,cyber_network_threat_dataset,HAZ-FLO-MOD-0706,2026-04-11 08:14:23,DDoS,Botnet Traffic,,Emergency Services,Service Unavailable,False,0.84,,,,,
HZ_01741,73c355f0-5c4d-4d19-b1ff-3872cbfee451,Tasmania,Southern Region,Hobart,heatwave,9.0,extreme,high,2025-12-28T00:00:00+00:00,24,53.9,0.0,12.0,22,80,78.46,51395,cyber,cyber_network_threat_dataset,HAZ-HEA-EXT-0707,2026-04-15 19:03:23,Data Breach,Unsecured API,,Government Agency,Personal Data Leak,False,0.81,,,,,
HZ_03384,b04bb138-82ae-46d8-81b8-8886c8d25276,Victoria,Melbourne Metro,Melbourne,earthquake,5.8,moderate,medium,2025-11-28T00:00:00+00:00,72,11.1,12.3,64.2,22,89,201.51,48698,cyber,cyber_network_threat_dataset,HAZ-EAR-MOD-0708,2026-04-12 23:56:23,DDoS,Botnet Traffic,,Government Agency,Delayed Response,True,0.74,,,,,
HZ_00693,de057525-966a-4f0e-8790-c4bd6d51c86d,Victoria,Barwon South West,Geelong,flood,5.6,moderate,medium,2025-10-18T00:00:00+00:00,24,15.9,147.7,83.1,13,73,41.53,27218,cyber,cyber_network_threat_dataset,HAZ-FLO-MOD-0709,2026-04-13 07:15:23,Phishing,SMS,Emergency Services,Critical Infrastructure,Malware Download,True,0.91,,,,,
HZ_00345,4e788568-dd5c-4a23-a5c4-9f6725842dd1,Western Australia,Perth Metro,Perth,bushfire,8.1,severe,high,2024-02-25T00:00:00+00:00,12,46.4,0.8,14.7,12,50,129.67,64963,cyber,cyber_network_threat_dataset,HAZ-BUS-SEV-0710,2026-04-12 03:26:23,Phishing,Email,Insurance Provider,Critical Infrastructure,Credential Theft,True,0.76,,,,,
HZ_01739,262ad4fc-db02-4dde-9606-cbfff53b9d60,Northern Territory,Top End,Darwin,cyclone,6.7,severe,medium,2025-11-11T00:00:00+00:00,12,26.4,187.9,89.0,31,130,50.83,50788,cyber,cyber_network_threat_dataset,HAZ-CYC-SEV-0711,2026-04-11 06:20:23,Ransomware,Credential Theft,,Government Agency,Data Exposure,False,0.75,,,,,
HZ_01792,33f940e0-2b91-4460-ae00-f74882f30d00,New South Wales,Greater Sydney,Parramatta,heatwave,9.6,extreme,high,2025-11-30T00:00:00+00:00,48,53.0,0.0,9.8,32,110,119.5,6577,cyber,cyber_network_threat_dataset,HAZ-HEA-EXT-0712,2026-04-13 08:05:23,DDoS,Botnet Traffic,,Healthcare Organisation,Delayed Response,False,0.82,,,,,
HZ_02738,a10e491f-da7b-4dc2-b519-3136cdb6a3d7,Western Australia,Perth Metro,Perth,earthquake,9.7,extreme,high,2024-10-24T00:00:00+00:00,72,16.2,17.4,31.1,47,163,389.89,88515,cyber,cyber_network_threat_dataset,HAZ-EAR-EXT-0713,2026-04-12 21:19:23,DDoS,Botnet Traffic,,Citizens,Service Unavailable,False,0.71,,,,,
HZ_00485,c1a23da2-de2a-4da5-a1dc-61c8cdb61890,Northern Territory,Top End,Darwin,bushfire,5.4,moderate,medium,2025-02-02T00:00:00+00:00,72,47.0,1.1,7.4,9,100,225.6,17561,cyber,cyber_network_threat_dataset,HAZ-BUS-MOD-0714,2026-04-11 11:15:23,Ransomware,Credential Theft,,Government Agency,Service Disruption,True,0.71,,,,,
HZ_01714,955a7704-42e7-4f4e-811a-bd3a43a1e4b8,Northern Territory,Top End,Darwin,earthquake,7.6,severe,medium,2025-11-29T00:00:00+00:00,24,23.0,42.9,30.4,3,50,343.58,71072,cyber,cyber_network_threat_dataset,HAZ-EAR-SEV-0715,2026-04-10 04:41:23,Fraud,Social Media,Relief Support Officer,Government Agency,Fake Payment,True,0.72,,,,,
HZ_00574,349c02c9-7809-47cf-aee8-0f860a013a13,Queensland,Gold Coast Region,Surfers Paradise,storm,5.6,moderate,medium,2025-12-28T00:00:00+00:00,72,28.8,27.8,40.8,10,42,208.99,2345,cyber,cyber_network_threat_dataset,HAZ-STO-MOD-0716,2026-04-15 11:22:23,Ransomware,Credential Theft,,Government Agency,Data Exposure,True,0.74,,,,,
HZ_03566,7aabfba7-c963-4a26-b499-807720f1b7b8,Victoria,Barwon South West,Geelong,earthquake,5.3,moderate,medium,2025-03-26T00:00:00+00:00,6,25.2,16.7,62.0,18,97,138.7,33001,cyber,cyber_network_threat_dataset,HAZ-EAR-MOD-0717,2026-04-11 16:40:23,Emergency Alert Compromise,Stolen Credentials,Official Warning Service,Citizens,False Warning Sent,True,0.93,,,,,
HZ_01795,06b488f1-8684-4de0-b10f-873aefacfda4,South Australia,Adelaide Metro,Adelaide,cyclone,8.2,severe,high,2024-03-26T00:00:00+00:00,12,24.5,151.0,88.4,5,104,134.97,51328,cyber,cyber_network_threat_dataset,HAZ-CYC-SEV-0718,2026-04-12 13:13:23,Emergency Alert Compromise,System Exploit,Emergency Alert System,Relief Organisation,Mass Panic Triggered,False,0.87,,,,,
HZ_00942,d4aa3e24-474e-4bb2-b010-0419e2260d59,South Australia,Adelaide Metro,Adelaide,bushfire,8.7,extreme,high,2025-02-27T00:00:00+00:00,12,53.7,0.0,5.0,19,64,126.82,70505,cyber,cyber_network_threat_dataset,HAZ-BUS-EXT-0719,2026-04-12 06:26:23,Data Breach,Stolen Credentials,,Government Agency,Sensitive Record Exposure,False,0.8,,,,,
HZ_01776,ca80505a-15af-48a8-af6a-aef44f2808d3,Western Australia,Perth Metro,Perth,earthquake,6.3,severe,medium,2024-09-14T00:00:00+00:00,48,21.2,25.7,47.2,31,108,176.67,39031,cyber,cyber_network_threat_dataset,HAZ-EAR-SEV-0720,2026-04-12 17:15:23,Phishing,SMS,Insurance Provider,Critical Infrastructure,Financial Loss,True,0.99,,,,,
HZ_01857,78779bc2-b4a9-4968-a298-d1b5bd7aa050,Queensland,South East QLD,Brisbane,heatwave,8.8,extreme,high,2025-02-08T00:00:00+00:00,12,46.6,0.0,8.2,34,67,32.63,21462,cyber,cyber_network_threat_dataset,HAZ-HEA-EXT-0721,2026-04-11 17:31:23,Data Breach,Stolen Credentials,,Emergency Services,Personal Data Leak,True,0.85,,,,,
HZ_00377,dfe32a63-dfb8-4716-a30f-6562a41029e0,Western Australia,Perth Metro,Perth,storm,7.0,severe,medium,2025-04-05T00:00:00+00:00,72,13.6,44.6,50.6,29,138,341.25,37180,cyber,cyber_network_threat_dataset,HAZ-STO-SEV-0722,2026-04-14 02:54:23,Data Breach,Unsecured API,,Citizens,Personal Data Leak,True,0.75,,,,,
HZ_00723,ecc6c518-c34d-44c5-b9dd-504aaa529aef,Northern Territory,Top End,Darwin,flood,4.9,moderate,low,2025-06-07T00:00:00+00:00,12,21.4,101.1,83.8,10,92,128.06,27726,cyber,cyber_network_threat_dataset,HAZ-FLO-MOD-0723,2026-04-14 21:34:23,Ransomware,Malicious Attachment,,Relief Organisation,Data Exposure,False,0.7,,,,,
HZ_03321,c3ab48da-16bc-4c4f-97dd-2ce90bf2c59a,New South Wales,Hunter Region,Newcastle,cyclone,9.4,extreme,high,2025-09-27T00:00:00+00:00,6,31.6,296.6,96.3,23,132,42.82,7509,cyber,cyber_network_threat_dataset,HAZ-CYC-EXT-0724,2026-04-16 10:21:23,Phishing,SMS,Government Relief Agency,Emergency Services,Financial Loss,False,0.94,,,,,
HZ_02862,b4314762-8d9a-43ef-822f-500a2b80e6a0,New South Wales,Greater Sydney,Parramatta,cyclone,4.3,moderate,low,2025-05-24T00:00:00+00:00,12,24.3,245.8,80.3,5,29,199.51,26284,cyber,cyber_network_threat_dataset,HAZ-CYC-MOD-0725,2026-04-13 07:53:23,Phishing,Fake Website,Insurance Provider,Government Agency,Financial Loss,True,0.85,,,,,
HZ_00955,f78a2ffd-c703-47a6-ad97-d34a2a9e6a25,Victoria,Barwon South West,Geelong,bushfire,8.5,extreme,high,2024-01-23T00:00:00+00:00,72,48.6,1.5,18.4,18,142,362.23,50873,cyber,cyber_network_threat_dataset,HAZ-BUS-EXT-0726,2026-04-10 23:17:23,Fraud,Social Media,Fake Charity,Healthcare Organisation,Identity Theft,False,0.79,,,,,
HZ_00731,10f5b25a-0b30-4f53-8c27-d2b2b3c496e5,Western Australia,Perth Metro,Perth,flood,5.9,moderate,medium,2024-06-10T00:00:00+00:00,48,20.4,102.8,91.4,5,100,79.79,2308,cyber,cyber_network_threat_dataset,HAZ-FLO-MOD-0727,2026-04-12 15:22:23,Phishing,SMS,Emergency Services,Citizens,Malware Download,True,0.97,,,,,
HZ_01868,cd18891b-a082-4ee0-99a7-b963e043d760,Western Australia,Perth Metro,Perth,earthquake,8.4,severe,high,2024-05-21T00:00:00+00:00,72,25.8,22.7,48.9,41,164,383.27,33689,cyber,cyber_network_threat_dataset,HAZ-EAR-SEV-0728,2026-04-12 00:30:23,Phishing,Email,Insurance Provider,Government Agency,Malware Download,False,0.72,,,,,
HZ_00975,43097ec4-d4c5-4e65-9a5e-0f169e292a7b,Queensland,Gold Coast Region,Surfers Paradise,bushfire,8.6,extreme,high,2025-09-24T00:00:00+00:00,24,49.0,0.2,14.2,28,118,357.15,9488,cyber,cyber_network_threat_dataset,HAZ-BUS-EXT-0729,2026-04-13 13:51:23,Phishing,Email,Government Relief Agency,Healthcare Organisation,Financial Loss,False,0.84,,,,,
HZ_00486,1f8082ab-a26f-4393-b404-aea733d3c246,Victoria,Melbourne Metro,Melbourne,bushfire,4.6,moderate,low,2025-02-01T00:00:00+00:00,72,40.3,1.8,9.2,14,47,203.41,4282,cyber,cyber_network_threat_dataset,HAZ-BUS-MOD-0730,2026-04-14 03:29:23,Fraud,Fake Portal,Relief Support Officer,Citizens,Fake Payment,True,0.89,,,,,
HZ_00362,65098e93-afd4-41cc-9f20-c6eff58e7fb0,New South Wales,Greater Sydney,Parramatta,bushfire,7.7,severe,medium,2025-12-07T00:00:00+00:00,24,48.1,1.0,5.0,29,70,11.73,34972,cyber,cyber_network_threat_dataset,HAZ-BUS-SEV-0731,2026-04-10 02:24:23,Phishing,Fake Website,Insurance Provider,Government Agency,Credential Theft,True,0.78,,,,,
HZ_01007,6e6b17a3-20d9-41e7-bb16-3ecdf4523f4e,South Australia,Adelaide Metro,Adelaide,bushfire,8.6,extreme,high,2025-11-28T00:00:00+00:00,72,43.8,1.1,5.0,19,90,283.39,65005,cyber,cyber_network_threat_dataset,HAZ-BUS-EXT-0732,2026-04-14 10:14:23,Emergency Alert Compromise,Stolen Credentials,Official Warning Service,Citizens,Mass Panic Triggered,True,0.77,,,,,
HZ_01911,3a4e0b9b-f641-4f35-9d74-8cafb3072999,South Australia,Adelaide Metro,Adelaide,cyclone,7.8,severe,medium,2024-03-06T00:00:00+00:00,12,27.5,249.0,82.3,37,48,19.98,26271,cyber,cyber_network_threat_dataset,HAZ-CYC-SEV-0733,2026-04-16 14:53:23,Fraud,Social Media,Fake Charity,Government Agency,Identity Theft,True,0.79,,,,,
HZ_03590,03cacc0d-9c8a-4bd1-9439-60be80006e03,New South Wales,Hunter Region,Newcastle,earthquake,3.9,moderate,low,2024-05-26T00:00:00+00:00,48,24.4,13.5,34.9,2,60,184.97,3281,cyber,cyber_network_threat_dataset,HAZ-EAR-MOD-0734,2026-04-13 13:33:23,Misinformation,Deepfake Video,Fake Government Account,Healthcare Organisation,Trust Erosion,False,0.74,,,,,
HZ_01923,8a8329a4-ca16-4329-9d8c-6351165e0ffb,Victoria,Barwon South West,Geelong,cyclone,6.8,severe,medium,2025-05-18T00:00:00+00:00,12,31.2,280.7,87.7,11,44,188.88,54238,cyber,cyber_network_threat_dataset,HAZ-CYC-SEV-0735,2026-04-14 17:21:23,Fraud,Fake Portal,Fake Charity,Critical Infrastructure,Identity Theft,False,0.96,,,,,
HZ_00363,66524746-82e3-412a-a135-61011b7ce783,South Australia,Adelaide Metro,Adelaide,bushfire,7.5,severe,medium,2024-05-06T00:00:00+00:00,72,47.9,1.9,5.0,7,71,216.86,12717,cyber,cyber_network_threat_dataset,HAZ-BUS-SEV-0736,2026-04-16 01:17:23,Phishing,Fake Website,Government Relief Agency,Emergency Services,Financial Loss,True,0.89,,,,,
HZ_00578,bf851f79-db13-4187-848a-7b09f6b06f72,Victoria,Barwon South West,Geelong,storm,4.1,moderate,low,2024-06-17T00:00:00+00:00,48,13.3,35.5,72.0,16,27,108.19,27241,cyber,cyber_network_threat_dataset,HAZ-STO-MOD-0737,2026-04-10 03:14:23,Fraud,Phone Call,Repair Contractor,Healthcare Organisation,False Claim Submission,False,0.88,,,,,
HZ_00365,92f5aea3-fc44-47fc-b3d5-3cc2fa0f8759,Tasmania,Southern Region,Hobart,bushfire,7.7,severe,medium,2024-12-30T00:00:00+00:00,24,46.1,0.5,10.6,34,43,126.68,61684,cyber,cyber_network_threat_dataset,HAZ-BUS-SEV-0738,2026-04-12 13:51:23,Misinformation,Deepfake Video,Unofficial News Page,Relief Organisation,False Evacuation,False,0.88,,,,,
HZ_01970,628e1e2c-e768-42b6-8ed8-3b2ae6e332c0,Queensland,Gold Coast Region,Surfers Paradise,cyclone,6.8,severe,medium,2024-03-20T00:00:00+00:00,72,26.3,299.5,83.4,20,120,25.94,60501,cyber,cyber_network_threat_dataset,HAZ-CYC-SEV-0739,2026-04-10 00:37:23,Data Breach,Stolen Credentials,,Healthcare Organisation,Personal Data Leak,False,0.96,,,,,
HZ_01986,73acfa29-a1c1-4ce0-aca0-2ced5fbeb6b7,Tasmania,Southern Region,Hobart,earthquake,6.5,severe,medium,2025-10-13T00:00:00+00:00,12,22.2,45.4,68.6,17,91,152.73,53625,cyber,cyber_network_threat_dataset,HAZ-EAR-SEV-0740,2026-04-15 21:35:23,Fraud,Fake Portal,Repair Contractor,Emergency Services,Fake Payment,False,0.9,,,,,
HZ_00593,20a56b40-bbe8-44c0-b1fe-417918209db5,New South Wales,Hunter Region,Newcastle,storm,3.6,moderate,low,2024-06-15T00:00:00+00:00,24,17.9,15.8,59.3,2,65,21.32,26188,cyber,cyber_network_threat_dataset,HAZ-STO-MOD-0741,2026-04-16 04:02:23,DDoS,Botnet Traffic,,Healthcare Organisation,Delayed Response,True,0.85,,,,,
HZ_02789,5d66b26c-2478-452f-bdb9-b4d21219f455,Tasmania,Southern Region,Hobart,earthquake,8.9,extreme,high,2025-10-25T00:00:00+00:00,72,25.8,6.3,73.1,20,162,369.81,31432,cyber,cyber_network_threat_dataset,HAZ-EAR-EXT-0742,2026-04-10 06:08:23,Phishing,Fake Website,Charity Organisation,Government Agency,Credential Theft,False,0.81,,,,,
HZ_03327,f9935914-c53a-4945-ab57-9d649264b0a4,South Australia,Adelaide Metro,Adelaide,cyclone,8.8,extreme,high,2024-04-17T00:00:00+00:00,12,27.6,328.3,89.8,16,129,356.51,51242,cyber,cyber_network_threat_dataset,HAZ-CYC-EXT-0743,2026-04-13 21:09:23,Phishing,SMS,Emergency Services,Government Agency,Credential Theft,False,0.76,,,,,
HZ_03628,b5e69c02-a637-408d-958a-44917449eedb,Tasmania,Southern Region,Hobart,earthquake,4.7,moderate,low,2024-04-11T00:00:00+00:00,12,25.1,27.6,75.6,6,41,226.97,43798,cyber,cyber_network_threat_dataset,HAZ-EAR-MOD-0744,2026-04-12 03:45:23,Emergency Alert Compromise,System Exploit,Official Warning Service,Relief Organisation,False Warning Sent,False,0.73,,,,,
HZ_00384,90f69370-86fc-4e9d-a409-db16452e2a45,New South Wales,Greater Sydney,Parramatta,bushfire,7.3,severe,medium,2024-09-24T00:00:00+00:00,12,39.2,0.8,17.1,26,66,183.46,25452,cyber,cyber_network_threat_dataset,HAZ-BUS-SEV-0745,2026-04-14 19:38:23,Fraud,Phone Call,Relief Support Officer,Citizens,Identity Theft,True,0.81,,,,,
HZ_00380,ab365327-717e-47f2-a434-6cd6eb7a158d,Victoria,Melbourne Metro,Melbourne,storm,7.6,severe,medium,2025-10-25T00:00:00+00:00,48,25.8,17.1,33.2,31,87,258.36,55348,cyber,cyber_network_threat_dataset,HAZ-STO-SEV-0746,2026-04-16 04:25:23,Misinformation,Deepfake Video,Fake Government Account,Government Agency,False Evacuation,True,0.97,,,,,
HZ_00388,6d1076dd-c22c-42ea-9a9a-cbd377963164,Queensland,South East QLD,Brisbane,storm,7.8,severe,medium,2025-08-12T00:00:00+00:00,72,25.6,24.4,78.4,20,81,353.14,22072,cyber,cyber_network_threat_dataset,HAZ-STO-SEV-0747,2026-04-15 18:04:23,Misinformation,Deepfake Video,Unofficial News Page,Government Agency,Public Confusion,False,0.72,,,,,
HZ_00413,1e7b1452-5d2d-4dd0-9579-eccf2abac875,Tasmania,Southern Region,Hobart,storm,7.4,severe,medium,2025-09-04T00:00:00+00:00,24,25.7,7.6,76.9,10,126,167.87,54130,cyber,cyber_network_threat_dataset,HAZ-STO-SEV-0748,2026-04-11 08:43:23,Fraud,Social Media,Relief Support Officer,Emergency Services,Identity Theft,True,0.8,,,,,
HZ_01984,e838fc59-6f6f-4102-a313-23300938be3d,New South Wales,Greater Sydney,Parramatta,cyclone,6.6,severe,medium,2024-09-05T00:00:00+00:00,12,29.6,322.5,88.5,5,51,49.05,27793,cyber,cyber_network_threat_dataset,HAZ-CYC-SEV-0749,2026-04-10 23:52:23,Phishing,SMS,Charity Organisation,Healthcare Organisation,Credential Theft,False,0.77,,,,,
HZ_00753,739150a2-138f-4ca0-b729-88ae8de0d821,Tasmania,Southern Region,Hobart,flood,3.7,moderate,low,2024-10-08T00:00:00+00:00,6,24.7,97.5,71.9,17,28,60.76,7413,cyber,cyber_network_threat_dataset,HAZ-FLO-MOD-0750,2026-04-14 23:26:23,Misinformation,Social Media Post,Fake Government Account,Relief Organisation,Public Confusion,False,0.9,,,,,
HZ_00397,0b1443ea-8e59-4d59-8f99-7c82c2058473,Queensland,South East QLD,Brisbane,flood,7.1,severe,medium,2025-05-18T00:00:00+00:00,72,16.1,165.3,86.3,8,134,282.13,37203,cyber,cyber_network_threat_dataset,HAZ-FLO-SEV-0751,2026-04-16 13:08:23,Fraud,Fake Portal,Fake Charity,Healthcare Organisation,Fake Payment,True,0.75,,,,,
HZ_00421,c9c3e90b-c4ca-44e6-b7d9-ec7786748466,South Australia,Adelaide Metro,Adelaide,storm,6.5,severe,medium,2024-06-08T00:00:00+00:00,12,29.1,15.1,31.9,13,127,68.07,23730,cyber,cyber_network_threat_dataset,HAZ-STO-SEV-0752,2026-04-16 14:08:23,Data Breach,Unsecured API,,Citizens,Sensitive Record Exposure,False,0.83,,,,,
HZ_03346,3a47e4da-e931-416d-af78-3635d578174b,New South Wales,Greater Sydney,Parramatta,cyclone,8.8,extreme,high,2025-05-01T00:00:00+00:00,12,24.6,312.8,87.4,1,166,288.72,84201,cyber,cyber_network_threat_dataset,HAZ-CYC-EXT-0753,2026-04-16 08:37:23,Misinformation,Social Media Post,Unofficial News Page,Healthcare Organisation,False Evacuation,True,0.98,,,,,
HZ_02228,f945bb21-eed7-412e-bce2-53bf8bb40288,Queensland,Gold Coast Region,Surfers Paradise,earthquake,6.4,severe,medium,2025-10-06T00:00:00+00:00,24,19.0,40.4,51.9,13,64,191.23,55851,cyber,cyber_network_threat_dataset,HAZ-EAR-SEV-0754,2026-04-13 17:03:23,Data Breach,Unsecured API,,Healthcare Organisation,Sensitive Record Exposure,False,0.79,,,,,
HZ_01869,cb847468-5e92-49cc-8617-d36bee373f1c,Western Australia,Perth Metro,Perth,heatwave,9.1,extreme,high,2024-02-15T00:00:00+00:00,24,52.5,0.0,9.3,32,142,166.17,76694,cyber,cyber_network_threat_dataset,HAZ-HEA-EXT-0755,2026-04-12 13:44:23,Phishing,Email,Emergency Services,Citizens,Malware Download,False,0.71,,,,,
HZ_03721,067bf8c8-2178-49be-90b9-6ef417776621,Victoria,Melbourne Metro,Melbourne,cyclone,8.8,extreme,high,2024-11-17T00:00:00+00:00,48,29.5,282.8,85.6,22,84,190.51,76511,cyber,cyber_network_threat_dataset,HAZ-CYC-EXT-0756,2026-04-10 03:04:23,Ransomware,Credential Theft,,Government Agency,Data Exposure,True,0.98,,,,,
HZ_03831,e2dc2a75-b967-4cbd-98bd-78a40686ed71,South Australia,Adelaide Metro,Adelaide,cyclone,8.5,extreme,high,2025-09-18T00:00:00+00:00,24,31.4,183.6,95.8,33,132,98.24,14912,cyber,cyber_network_threat_dataset,HAZ-CYC-EXT-0757,2026-04-14 11:52:23,Ransomware,Credential Theft,,Citizens,System Encryption,False,0.85,,,,,
HZ_00422,4443439a-3e02-468a-a3b3-17bc9c9f0a88,Victoria,Melbourne Metro,Melbourne,storm,6.0,severe,medium,2024-01-25T00:00:00+00:00,12,15.8,35.1,79.0,17,51,135.78,14236,cyber,cyber_network_threat_dataset,HAZ-STO-SEV-0758,2026-04-12 08:04:23,Phishing,Fake Website,Insurance Provider,Relief Organisation,Malware Download,True,0.92,,,,,
HZ_02124,ecaf4751-7b6e-4b6b-80e9-40356e7237f2,Victoria,Melbourne Metro,Melbourne,cyclone,6.5,severe,medium,2025-03-23T00:00:00+00:00,24,24.1,210.0,97.9,7,79,191.79,55233,cyber,cyber_network_threat_dataset,HAZ-CYC-SEV-0759,2026-04-16 20:19:23,Phishing,SMS,Insurance Provider,Government Agency,Credential Theft,False,0.8,,,,,
HZ_00734,36646023-a1f9-4419-8015-65ad1fb47569,Victoria,Barwon South West,Geelong,flood,9.5,extreme,high,2025-06-14T00:00:00+00:00,6,24.7,142.5,97.7,40,84,251.97,25373,cyber,cyber_network_threat_dataset,HAZ-FLO-EXT-0760,2026-04-16 20:16:23,DDoS,Botnet Traffic,,Emergency Services,Delayed Response,True,0.88,,,,,
HZ_00785,b41ac86c-c80f-4010-a3c2-89b630cc6e46,South Australia,Adelaide Metro,Adelaide,flood,5.8,moderate,medium,2025-10-26T00:00:00+00:00,72,22.1,111.6,82.4,23,103,225.79,31579,cyber,cyber_network_threat_dataset,HAZ-FLO-MOD-0761,2026-04-16 18:23:23,API Abuse,Scripted Requests,,Critical Infrastructure,Unauthorised Data Access,False,0.74,,,,,
HZ_00956,9399fc13-3ae6-4122-9ea3-f86f4a95668b,Tasmania,Southern Region,Hobart,heatwave,6.8,severe,medium,2025-01-17T00:00:00+00:00,48,52.1,0.0,,0,114,9.4,6272,cyber,cyber_network_threat_dataset,HAZ-HEA-SEV-0762,2026-04-11 14:07:23,Misinformation,Deepfake Video,Unofficial News Page,Critical Infrastructure,False Evacuation,True,0.71,,,,,
HZ_00800,cf9058a3-cfb4-4c4e-a9fe-bb6a1a6ba35e,South Australia,Adelaide Metro,Adelaide,flood,5.3,moderate,medium,2024-05-18T00:00:00+00:00,72,20.4,184.9,88.2,15,42,199.21,10275,cyber,cyber_network_threat_dataset,HAZ-FLO-MOD-0763,2026-04-13 03:04:23,Ransomware,Malicious Attachment,,Government Agency,Service Disruption,False,0.72,,,,,
HZ_04011,e2d106a7-c5c0-4538-8d39-f17f36474cd8,New South Wales,Greater Sydney,Parramatta,cyclone,8.7,extreme,high,2024-10-26T00:00:00+00:00,72,29.6,146.2,97.8,37,134,297.45,26722,cyber,cyber_network_threat_dataset,HAZ-CYC-EXT-0764,2026-04-12 12:22:23,Phishing,SMS,Emergency Services,Emergency Services,Malware Download,True,0.98,,,,,
HZ_02141,c88ad766-e986-4a88-bca5-590bc25ef59d,New South Wales,Hunter Region,Newcastle,cyclone,6.5,severe,medium,2024-10-29T00:00:00+00:00,6,28.9,166.6,81.0,31,84,42.65,33264,cyber,cyber_network_threat_dataset,HAZ-CYC-SEV-0765,2026-04-16 11:14:23,Phishing,SMS,Emergency Services,Relief Organisation,Financial Loss,True,0.75,,,,,
HZ_00424,557d1b08-f598-4044-968e-bc3018a90165,New South Wales,Greater Sydney,Parramatta,storm,6.5,severe,medium,2024-08-10T00:00:00+00:00,6,27.4,45.7,,29,67,226.07,22330,cyber,cyber_network_threat_dataset,HAZ-STO-SEV-0766,2026-04-15 08:17:23,API Abuse,Token Misuse,,Emergency Services,Record Manipulation,True,0.9,,,,,
HZ_00771,2f335685-71a3-4eeb-8637-585cbe0ac3fa,New South Wales,Greater Sydney,Parramatta,flood,9.7,extreme,high,2024-11-14T00:00:00+00:00,24,23.4,153.1,74.7,41,68,134.13,92572,cyber,cyber_network_threat_dataset,HAZ-FLO-EXT-0767,2026-04-10 05:07:23,Data Breach,Unsecured API,,Emergency Services,Sensitive Record Exposure,True,0.76,,,,,
HZ_00399,6b5b868c-531d-4da0-8762-0e2419f6e87a,Victoria,Melbourne Metro,Melbourne,bushfire,8.3,severe,high,2025-02-15T00:00:00+00:00,12,50.2,2.0,14.6,10,146,58.67,1099,cyber,cyber_network_threat_dataset,HAZ-BUS-SEV-0768,2026-04-12 11:58:23,Phishing,SMS,Government Relief Agency,Emergency Services,Financial Loss,False,0.84,,,,,
HZ_02159,9d953d5a-f181-4fa5-9507-925e00bf8cbe,Tasmania,Southern Region,Hobart,cyclone,7.6,severe,medium,2025-04-10T00:00:00+00:00,24,26.9,308.8,93.5,0,84,167.63,17484,cyber,cyber_network_threat_dataset,HAZ-CYC-SEV-0769,2026-04-13 21:54:23,Phishing,Fake Website,Government Relief Agency,Emergency Services,Malware Download,False,0.98,,,,,
HZ_00821,1027f17e-4fa5-4d0e-ac4b-2146433ad5a9,Northern Territory,Top End,Darwin,flood,3.7,moderate,low,2025-04-02T00:00:00+00:00,6,21.9,130.8,81.4,5,56,19.26,14996,cyber,cyber_network_threat_dataset,HAZ-FLO-MOD-0770,2026-04-12 22:56:23,Ransomware,Credential Theft,,Healthcare Organisation,System Encryption,True,0.84,,,,,
HZ_00605,60f353fb-f589-4d90-bc2b-cc4427256966,Victoria,Melbourne Metro,Melbourne,storm,5.1,moderate,medium,2025-08-29T00:00:00+00:00,12,29.1,4.9,31.2,1,26,62.26,8522,cyber,cyber_network_threat_dataset,HAZ-STO-MOD-0771,2026-04-14 06:20:23,API Abuse,Token Misuse,,Citizens,Unauthorised Data Access,False,0.92,,,,,
HZ_00403,b5a0dcc0-ec6a-4160-b688-6f3dbd150824,Victoria,Melbourne Metro,Melbourne,flood,7.9,severe,medium,2024-03-08T00:00:00+00:00,72,22.6,103.3,78.6,10,145,208.46,19143,cyber,cyber_network_threat_dataset,HAZ-FLO-SEV-0772,2026-04-13 12:36:23,Misinformation,Social Media Post,Unofficial News Page,Emergency Services,Public Confusion,False,0.76,,,,,
HZ_00489,2ef842de-9ad3-4de6-baa8-707629ffe294,New South Wales,Greater Sydney,Parramatta,bushfire,5.8,moderate,medium,2024-12-04T00:00:00+00:00,24,45.7,0.5,,5,86,68.09,31200,cyber,cyber_network_threat_dataset,HAZ-BUS-MOD-0773,2026-04-15 13:51:23,API Abuse,Scripted Requests,,Citizens,Record Manipulation,True,0.71,,,,,
HZ_01026,916de8b0-e79f-4949-a247-f9d077a47d68,Victoria,Melbourne Metro,Melbourne,bushfire,9.0,extreme,high,2024-12-01T00:00:00+00:00,24,52.2,0.1,18.3,38,124,243.96,10869,cyber,cyber_network_threat_dataset,HAZ-BUS-EXT-0774,2026-04-16 06:38:23,Phishing,SMS,Insurance Provider,Citizens,Financial Loss,False,0.88,,,,,
HZ_00627,1f1f1ba5-1a06-46a8-8d28-8b668be16a66,Western Australia,Perth Metro,Perth,storm,5.2,moderate,medium,2025-08-27T00:00:00+00:00,12,23.1,5.6,65.4,25,77,131.36,31282,cyber,cyber_network_threat_dataset,HAZ-STO-MOD-0775,2026-04-15 11:23:23,Data Breach,Stolen Credentials,,Emergency Services,Personal Data Leak,True,0.97,,,,,
HZ_00495,6848576c-5aae-4c03-9b34-fc8d9401c794,Queensland,Gold Coast Region,Surfers Paradise,bushfire,3.9,moderate,low,2025-10-30T00:00:00+00:00,48,34.0,1.8,5.0,3,51,133.9,33307,cyber,cyber_network_threat_dataset,HAZ-BUS-MOD-0776,2026-04-12 01:03:23,Phishing,Fake Website,Charity Organisation,Citizens,Malware Download,True,0.74,,,,,
HZ_01032,32581f5b-c336-49ae-b06f-24a23cee7752,Queensland,South East QLD,Brisbane,bushfire,9.8,extreme,high,2025-12-28T00:00:00+00:00,6,49.5,0.1,7.9,10,114,284.41,57673,cyber,cyber_network_threat_dataset,HAZ-BUS-EXT-0777,2026-04-14 18:42:23,Phishing,Fake Website,Emergency Services,Healthcare Organisation,Financial Loss,True,0.92,,,,,
HZ_00861,fb25067c-b525-47d4-abb6-ef09c9ccba7f,Queensland,South East QLD,Brisbane,heatwave,4.2,moderate,low,2024-12-18T00:00:00+00:00,6,47.6,0.0,7.7,1,23,125.58,27676,cyber,cyber_network_threat_dataset,HAZ-HEA-MOD-0778,2026-04-14 18:05:23,Data Breach,Stolen Credentials,,Healthcare Organisation,Sensitive Record Exposure,True,0.75,,,,,
HZ_03652,72ec5750-8334-497e-8165-d9bf3f2f61e8,Western Australia,Perth Metro,Perth,earthquake,4.6,moderate,low,2025-10-15T00:00:00+00:00,6,12.7,15.9,74.3,18,74,9.63,27718,cyber,cyber_network_threat_dataset,HAZ-EAR-MOD-0779,2026-04-16 22:18:23,Misinformation,Social Media Post,Anonymous Social Media Account,Relief Organisation,Public Confusion,True,0.95,,,,,
HZ_00678,1a2921c5-33a9-4930-98db-3405ac9a6da0,Tasmania,Southern Region,Hobart,storm,5.2,moderate,medium,2025-10-04T00:00:00+00:00,24,29.5,43.2,43.2,25,57,97.46,11353,cyber,cyber_network_threat_dataset,HAZ-STO-MOD-0780,2026-04-16 19:13:23,Data Breach,Stolen Credentials,,Emergency Services,Personal Data Leak,True,0.99,,,,,
HZ_00414,8bb31bf0-3476-4cd2-9f4b-05b8a82a68b8,Victoria,Barwon South West,Geelong,flood,7.1,severe,medium,2024-06-19T00:00:00+00:00,24,21.1,127.5,82.2,35,75,320.4,6092,cyber,cyber_network_threat_dataset,HAZ-FLO-SEV-0781,2026-04-12 16:16:23,Misinformation,Social Media Post,Fake Government Account,Relief Organisation,False Evacuation,False,0.74,,,,,
HZ_00528,d73b1a29-4351-4793-aeb7-c2bce7490a4b,Northern Territory,Top End,Darwin,bushfire,5.7,moderate,medium,2024-03-30T00:00:00+00:00,12,46.4,0.6,12.2,27,55,254.7,18955,cyber,cyber_network_threat_dataset,HAZ-BUS-MOD-0782,2026-04-10 22:00:23,Data Breach,Unsecured API,,Government Agency,Personal Data Leak,True,0.72,,,,,
HZ_01884,4cbc05e4-4bbb-4f18-b18c-c07f77387c67,New South Wales,Greater Sydney,Parramatta,heatwave,9.7,extreme,high,2024-05-01T00:00:00+00:00,24,50.7,0.0,24.1,3,158,60.2,70708,cyber,cyber_network_threat_dataset,HAZ-HEA-EXT-0783,2026-04-15 16:09:23,Emergency Alert Compromise,Stolen Credentials,Emergency Alert System,Healthcare Organisation,False Warning Sent,True,0.91,,,,,
HZ_00900,1ed86541-3e87-4deb-8892-be4209bdd865,Tasmania,Southern Region,Hobart,storm,8.8,extreme,high,2024-09-07T00:00:00+00:00,12,28.2,21.5,68.8,38,131,386.59,61065,cyber,cyber_network_threat_dataset,HAZ-STO-EXT-0784,2026-04-10 18:09:23,Misinformation,Social Media Post,Unofficial News Page,Healthcare Organisation,Public Confusion,True,0.84,,,,,
HZ_02010,6b855908-d971-4a35-934c-a0c69b209c78,South Australia,Adelaide Metro,Adelaide,heatwave,8.7,extreme,high,2024-02-29T00:00:00+00:00,12,50.9,0.0,,21,145,240.21,59204,cyber,cyber_network_threat_dataset,HAZ-HEA-EXT-0785,2026-04-11 21:47:23,Fraud,Social Media,Relief Support Officer,Citizens,Identity Theft,True,0.78,,,,,
HZ_00995,0ea6cef5-c6e8-4acc-ba16-4790b50cdf4c,Victoria,Melbourne Metro,Melbourne,heatwave,7.0,severe,medium,2024-02-05T00:00:00+00:00,24,54.0,0.0,11.4,33,65,68.78,61553,cyber,cyber_network_threat_dataset,HAZ-HEA-SEV-0786,2026-04-10 00:57:23,DDoS,Botnet Traffic,,Citizens,Delayed Response,False,0.83,,,,,
HZ_00904,0d8941dc-9ed6-4eb9-81b8-ad66b350c2fd,Tasmania,Southern Region,Hobart,storm,8.9,extreme,high,2025-07-27T00:00:00+00:00,12,22.4,43.4,44.7,16,151,340.18,35511,cyber,cyber_network_threat_dataset,HAZ-STO-EXT-0787,2026-04-14 11:40:23,Phishing,Email,Charity Organisation,Critical Infrastructure,Financial Loss,False,0.8,,,,,
HZ_00826,61d1f4a3-db24-4770-aa84-5ee82db0cf19,Victoria,Melbourne Metro,Melbourne,flood,4.7,moderate,low,2024-04-12T00:00:00+00:00,6,18.9,182.0,70.6,13,33,76.63,23014,cyber,cyber_network_threat_dataset,HAZ-FLO-MOD-0788,2026-04-16 19:20:23,Ransomware,Credential Theft,,Critical Infrastructure,Data Exposure,False,0.8,,,,,
HZ_02990,386ad47e-414c-4d50-a66c-e45579642e88,Tasmania,Southern Region,Hobart,earthquake,8.7,extreme,high,2024-03-14T00:00:00+00:00,48,17.7,13.6,71.2,26,67,127.47,53744,cyber,cyber_network_threat_dataset,HAZ-EAR-EXT-0789,2026-04-12 04:08:23,Fraud,Social Media,Relief Support Officer,Critical Infrastructure,Fake Payment,True,0.75,,,,,
HZ_02247,44a6b11c-5d72-4593-8b6f-babdbeadd148,Victoria,Barwon South West,Geelong,earthquake,7.3,severe,medium,2024-09-26T00:00:00+00:00,6,20.1,44.7,43.7,19,74,343.47,20372,cyber,cyber_network_threat_dataset,HAZ-EAR-SEV-0790,2026-04-12 16:54:23,Data Breach,Stolen Credentials,,Relief Organisation,Personal Data Leak,False,0.88,,,,,
HZ_02258,c32e1b13-9bae-4b57-ba59-366e194cc0b9,Tasmania,Southern Region,Hobart,earthquake,7.6,severe,medium,2025-03-28T00:00:00+00:00,12,23.3,13.8,41.1,34,59,71.47,45034,cyber,cyber_network_threat_dataset,HAZ-EAR-SEV-0791,2026-04-14 11:32:23,API Abuse,Scripted Requests,,Citizens,Unauthorised Data Access,True,0.98,,,,,
HZ_00695,a45b0039-ccf2-45c3-b7a6-96a012e4ee36,New South Wales,Hunter Region,Newcastle,storm,5.5,moderate,medium,2024-08-21T00:00:00+00:00,72,29.5,8.7,46.0,26,51,131.99,44492,cyber,cyber_network_threat_dataset,HAZ-STO-MOD-0792,2026-04-13 08:33:23,DDoS,Botnet Traffic,,Government Agency,Service Unavailable,False,0.88,,,,,
HZ_00708,12c534d4-43ea-4b36-b868-7d897fc51c01,South Australia,Adelaide Metro,Adelaide,storm,5.2,moderate,medium,2024-05-06T00:00:00+00:00,12,25.4,49.8,,3,76,89.96,19880,cyber,cyber_network_threat_dataset,HAZ-STO-MOD-0793,2026-04-11 09:27:23,Phishing,SMS,Emergency Services,Relief Organisation,Financial Loss,True,0.94,,,,,
HZ_00409,d32d807f-93e6-44a5-a66f-e96b7c9b6817,Victoria,Melbourne Metro,Melbourne,bushfire,8.3,severe,high,2024-11-05T00:00:00+00:00,48,41.8,1.6,5.0,16,141,115.47,40286,cyber,cyber_network_threat_dataset,HAZ-BUS-SEV-0794,2026-04-15 21:50:23,Fraud,Social Media,Repair Contractor,Citizens,Fake Payment,False,0.81,,,,,
HZ_00922,2b765b2b-7f04-45d4-8da8-16e01467c419,Queensland,Gold Coast Region,Surfers Paradise,storm,9.0,extreme,high,2024-06-19T00:00:00+00:00,72,10.2,31.4,62.9,2,90,180.1,44267,cyber,cyber_network_threat_dataset,HAZ-STO-EXT-0795,2026-04-16 14:05:23,Emergency Alert Compromise,Stolen Credentials,Emergency Alert System,Healthcare Organisation,False Warning Sent,False,0.91,,,,,
HZ_01005,2dd5b6ca-e0d8-45c3-8ec6-076858e009ca,New South Wales,Greater Sydney,Parramatta,heatwave,6.8,severe,medium,2024-11-13T00:00:00+00:00,48,49.6,0.0,9.3,11,79,102.64,37884,cyber,cyber_network_threat_dataset,HAZ-HEA-SEV-0796,2026-04-10 18:02:23,Phishing,SMS,Emergency Services,Emergency Services,Malware Download,False,0.92,,,,,
HZ_00737,68ede62f-480d-496d-895c-d4610474a9ac,Tasmania,Southern Region,Hobart,storm,5.5,moderate,medium,2024-05-22T00:00:00+00:00,48,23.1,17.4,44.4,3,90,166.66,49030,cyber,cyber_network_threat_dataset,HAZ-STO-MOD-0797,2026-04-12 09:31:23,Ransomware,Malicious Attachment,,Government Agency,Data Exposure,False,0.73,,,,,
HZ_00410,53bef230-6119-480a-b72d-98c3b5e61c5f,Queensland,South East QLD,Brisbane,bushfire,6.7,severe,medium,2024-02-24T00:00:00+00:00,48,46.1,0.2,16.9,33,41,163.39,55778,cyber,cyber_network_threat_dataset,HAZ-BUS-SEV-0798,2026-04-13 05:00:23,Fraud,Fake Portal,Repair Contractor,Citizens,False Claim Submission,False,0.9,,,,,
HZ_04074,54fe4b66-8062-42aa-9b0c-4f07fb596143,South Australia,Adelaide Metro,Adelaide,cyclone,8.9,extreme,high,2024-05-05T00:00:00+00:00,24,31.8,277.8,86.9,30,88,336.57,59706,cyber,cyber_network_threat_dataset,HAZ-CYC-EXT-0799,2026-04-10 09:23:23,Ransomware,Credential Theft,,Critical Infrastructure,System Encryption,False,0.83,,,,,
HZ_00837,30581002-f75f-40ca-ac73-ec39ae455a09,Tasmania,Southern Region,Hobart,flood,5.7,moderate,medium,2025-06-25T00:00:00+00:00,48,22.4,118.2,,11,70,77.06,39092,cyber,cyber_network_threat_dataset,HAZ-FLO-MOD-0800,2026-04-15 14:34:23,Fraud,Fake Portal,Fake Charity,Healthcare Organisation,Fake Payment,True,0.89,,,,,
